{"type":"FeatureCollection","features":[{"type":"Feature","geometry":{"type":"Polygon","coordinates":[[[-70.57749,-33.44282],[-70.57742,-33.44333],[-70.57891,-33.4434],[-70.57894,-33.44297],[-70.57792,-33.4429],[-70.57894,-33.44294],[-70.57893,-33.44243],[-70.57749,-33.44282]]]},"properties":{"id":"13120021002003","cut":13120,"comuna":"ÑUÑOA","pob":144,"hom":66,"muj":78,"viv":41,"hog":43}},{"type":"Feature","geometry":{"type":"Polygon","coordinates":[[[-70.61776,-33.45853],[-70.61651,-33.45859],[-70.61609,-33.45954],[-70.61788,-33.45935],[-70.61776,-33.45853]]]},"properties":{"id":"13120101007004","cut":13120,"comuna":"ÑUÑOA","pob":113,"hom":54,"muj":59,"viv":38,"hog":37}},{"type":"Feature","geometry":{"type":"Polygon","coordinates":[[[-70.57277,-33.44257],[-70.57251,-33.44367],[-70.57287,-33.44366],[-70.57366,-33.44376],[-70.57372,-33.44345],[-70.57371,-33.44371],[-70.57366,-33.44378],[-70.5725,-33.4437],[-70.57248,-33.44395],[-70.57453,-33.4442],[-70.57476,-33.44283],[-70.57277,-33.44257]]]},"properties":{"id":"13120021001002","cut":13120,"comuna":"ÑUÑOA","pob":734,"hom":327,"muj":407,"viv":301,"hog":284}},{"type":"Feature","geometry":{"type":"Polygon","coordinates":[[[-70.60009,-33.4597],[-70.60158,-33.45966],[-70.60155,-33.4593],[-70.60121,-33.45876],[-70.60004,-33.45907],[-70.60009,-33.4597]]]},"properties":{"id":"13120071003002","cut":13120,"comuna":"ÑUÑOA","pob":417,"hom":187,"muj":230,"viv":195,"hog":180}},{"type":"Feature","geometry":{"type":"Polygon","coordinates":[[[-70.58371,-33.44322],[-70.58428,-33.44319],[-70.58416,-33.44243],[-70.58362,-33.44249],[-70.58371,-33.44322]]]},"properties":{"id":"13120021003007","cut":13120,"comuna":"ÑUÑOA","pob":43,"hom":16,"muj":27,"viv":16,"hog":16}},{"type":"Feature","geometry":{"type":"Polygon","coordinates":[[[-70.60709,-33.45953],[-70.60696,-33.45881],[-70.60579,-33.45893],[-70.60603,-33.46051],[-70.60682,-33.46045],[-70.60676,-33.45977],[-70.6073,-33.45973],[-70.60739,-33.4604],[-70.60803,-33.46033],[-70.60794,-33.45954],[-70.60743,-33.45959],[-70.60741,-33.45951],[-70.60793,-33.45945],[-70.60781,-33.45874],[-70.60699,-33.45881],[-70.60709,-33.45953]]]},"properties":{"id":"13120101007015","cut":13120,"comuna":"ÑUÑOA","pob":468,"hom":214,"muj":254,"viv":203,"hog":187}},{"type":"Feature","geometry":{"type":"Polygon","coordinates":[[[-70.57881,-33.45994],[-70.57852,-33.45942],[-70.57808,-33.45957],[-70.57831,-33.4601],[-70.57805,-33.45958],[-70.57761,-33.45972],[-70.57791,-33.46062],[-70.57754,-33.46072],[-70.57788,-33.46061],[-70.57758,-33.45973],[-70.57717,-33.45981],[-70.57747,-33.46073],[-70.57689,-33.46085],[-70.57711,-33.4615],[-70.57751,-33.46143],[-70.57746,-33.46112],[-70.5776,-33.46141],[-70.57809,-33.46131],[-70.57798,-33.46092],[-70.57812,-33.4613],[-70.57836,-33.46125],[-70.5783,-33.46101],[-70.57839,-33.46124],[-70.57863,-33.46119],[-70.57857,-33.46097],[-70.57866,-33.46118],[-70.57891,-33.46113],[-70.57885,-33.46092],[-70.57894,-33.46112],[-70.57916,-33.46108],[-70.57911,-33.46087],[-70.5792,-33.46107],[-70.57962,-33.46097],[-70.57941,-33.45999],[-70.57851,-33.46017],[-70.5794,-33.45995],[-70.5792,-33.45921],[-70.57855,-33.45941],[-70.57881,-33.45994]]]},"properties":{"id":"13120041002500","cut":13120,"comuna":"ÑUÑOA","pob":375,"hom":171,"muj":204,"viv":130,"hog":126}},{"type":"Feature","geometry":{"type":"Polygon","coordinates":[[[-70.5981,-33.45919],[-70.59824,-33.46175],[-70.60006,-33.46168],[-70.60002,-33.46025],[-70.59932,-33.46027],[-70.5993,-33.46047],[-70.59929,-33.46026],[-70.60002,-33.46022],[-70.60001,-33.4601],[-70.59908,-33.46012],[-70.60001,-33.46007],[-70.59998,-33.45954],[-70.59924,-33.45955],[-70.59998,-33.45951],[-70.59995,-33.45909],[-70.5981,-33.45919]]]},"properties":{"id":"13120071003003","cut":13120,"comuna":"ÑUÑOA","pob":1694,"hom":772,"muj":922,"viv":889,"hog":693}},{"type":"Feature","geometry":{"type":"Polygon","coordinates":[[[-70.6228,-33.46102],[-70.62336,-33.4609],[-70.6239,-33.45895],[-70.62368,-33.45877],[-70.62235,-33.46008],[-70.62272,-33.46049],[-70.6228,-33.46102]]]},"properties":{"id":"13120101008010","cut":13120,"comuna":"ÑUÑOA","pob":364,"hom":165,"muj":199,"viv":180,"hog":163}},{"type":"Feature","geometry":{"type":"Polygon","coordinates":[[[-70.5961,-33.46037],[-70.59597,-33.45922],[-70.59501,-33.45926],[-70.5952,-33.46187],[-70.59573,-33.46186],[-70.59577,-33.46201],[-70.59569,-33.46192],[-70.59485,-33.46195],[-70.59483,-33.46234],[-70.59481,-33.46195],[-70.59415,-33.46199],[-70.59419,-33.46312],[-70.5951,-33.46317],[-70.59449,-33.46322],[-70.5942,-33.46315],[-70.59432,-33.46461],[-70.59818,-33.46442],[-70.5981,-33.46302],[-70.5974,-33.46304],[-70.5981,-33.46299],[-70.59799,-33.46087],[-70.59711,-33.46088],[-70.59798,-33.46085],[-70.59789,-33.45917],[-70.59607,-33.45922],[-70.5961,-33.46037]]]},"properties":{"id":"13120051003001","cut":13120,"comuna":"ÑUÑOA","pob":2111,"hom":947,"muj":1164,"viv":966,"hog":903}},{"type":"Feature","geometry":{"type":"Polygon","coordinates":[[[-70.62522,-33.45966],[-70.62544,-33.45898],[-70.62402,-33.45882],[-70.6239,-33.45936],[-70.62522,-33.45966]]]},"properties":{"id":"13120101008013","cut":13120,"comuna":"ÑUÑOA","pob":501,"hom":233,"muj":268,"viv":231,"hog":226}},{"type":"Feature","geometry":{"type":"Polygon","coordinates":[[[-70.59414,-33.4619],[-70.59513,-33.46186],[-70.59489,-33.45926],[-70.59397,-33.45932],[-70.59414,-33.4619]]]},"properties":{"id":"13120051003002","cut":13120,"comuna":"ÑUÑOA","pob":294,"hom":146,"muj":148,"viv":123,"hog":110}},{"type":"Feature","geometry":{"type":"Polygon","coordinates":[[[-70.59192,-33.45941],[-70.59211,-33.46109],[-70.59262,-33.46106],[-70.59287,-33.46076],[-70.59396,-33.4607],[-70.59394,-33.46031],[-70.59269,-33.46036],[-70.59394,-33.46028],[-70.59391,-33.45976],[-70.5928,-33.45981],[-70.59391,-33.45973],[-70.59386,-33.45931],[-70.59192,-33.45941]]]},"properties":{"id":"13120051001007","cut":13120,"comuna":"ÑUÑOA","pob":314,"hom":143,"muj":171,"viv":126,"hog":128}},{"type":"Feature","geometry":{"type":"Polygon","coordinates":[[[-70.62102,-33.45965],[-70.62157,-33.45968],[-70.6221,-33.45992],[-70.62285,-33.45913],[-70.6226,-33.459],[-70.62099,-33.45913],[-70.62102,-33.45965]]]},"properties":{"id":"13120101008007","cut":13120,"comuna":"ÑUÑOA","pob":242,"hom":109,"muj":133,"viv":102,"hog":94}},{"type":"Feature","geometry":{"type":"Polygon","coordinates":[[[-70.60176,-33.45989],[-70.60208,-33.45987],[-70.60208,-33.45935],[-70.60193,-33.45927],[-70.60158,-33.45931],[-70.60162,-33.45972],[-70.60176,-33.45989]]]},"properties":{"id":"13120071003006","cut":13120,"comuna":"ÑUÑOA","pob":49,"hom":20,"muj":29,"viv":18,"hog":16}},{"type":"Feature","geometry":{"type":"Polygon","coordinates":[[[-70.59055,-33.46122],[-70.59124,-33.46114],[-70.591,-33.45942],[-70.59029,-33.45947],[-70.59055,-33.46122]]]},"properties":{"id":"13120051001010","cut":13120,"comuna":"ÑUÑOA","pob":97,"hom":48,"muj":49,"viv":28,"hog":28}},{"type":"Feature","geometry":{"type":"Polygon","coordinates":[[[-70.62504,-33.46153],[-70.62549,-33.46129],[-70.62569,-33.46107],[-70.6262,-33.45907],[-70.62553,-33.45904],[-70.62492,-33.46142],[-70.62504,-33.46153]]]},"properties":{"id":"13120101008016","cut":13120,"comuna":"ÑUÑOA","pob":135,"hom":72,"muj":63,"viv":77,"hog":66}},{"type":"Feature","geometry":{"type":"Polygon","coordinates":[[[-70.58969,-33.45947],[-70.58979,-33.46016],[-70.59029,-33.46012],[-70.59019,-33.45946],[-70.58969,-33.45947]]]},"properties":{"id":"13120051002013","cut":13120,"comuna":"ÑUÑOA","pob":46,"hom":25,"muj":21,"viv":19,"hog":16}},{"type":"Feature","geometry":{"type":"Polygon","coordinates":[[[-70.589,-33.45957],[-70.58904,-33.45986],[-70.5893,-33.45984],[-70.58905,-33.45989],[-70.5891,-33.46012],[-70.58935,-33.4601],[-70.5891,-33.46015],[-70.58918,-33.46047],[-70.58979,-33.46041],[-70.58966,-33.45948],[-70.589,-33.45957]]]},"properties":{"id":"13120051002014","cut":13120,"comuna":"ÑUÑOA","pob":45,"hom":22,"muj":23,"viv":18,"hog":15}},{"type":"Feature","geometry":{"type":"Polygon","coordinates":[[[-70.58892,-33.45954],[-70.58762,-33.45954],[-70.58778,-33.46021],[-70.58804,-33.46016],[-70.58779,-33.46024],[-70.58795,-33.46087],[-70.58824,-33.46091],[-70.58795,-33.4609],[-70.58804,-33.46128],[-70.58827,-33.46125],[-70.58805,-33.46131],[-70.5882,-33.46193],[-70.58846,-33.46189],[-70.5882,-33.46196],[-70.58829,-33.46233],[-70.58951,-33.4624],[-70.58949,-33.46202],[-70.58926,-33.46203],[-70.58949,-33.462],[-70.58942,-33.46174],[-70.58893,-33.46181],[-70.58942,-33.46172],[-70.58932,-33.46133],[-70.58904,-33.46138],[-70.58931,-33.4613],[-70.58919,-33.46086],[-70.58869,-33.46085],[-70.58919,-33.46083],[-70.58908,-33.46041],[-70.5888,-33.46045],[-70.58878,-33.46052],[-70.58876,-33.46044],[-70.58908,-33.46038],[-70.58898,-33.45996],[-70.58864,-33.45999],[-70.58861,-33.4599],[-70.58866,-33.45997],[-70.58897,-33.45993],[-70.58892,-33.45954]]]},"properties":{"id":"13120051002022","cut":13120,"comuna":"ÑUÑOA","pob":103,"hom":54,"muj":49,"viv":39,"hog":35}},{"type":"Feature","geometry":{"type":"Polygon","coordinates":[[[-70.5869,-33.45962],[-70.58698,-33.45994],[-70.58727,-33.45992],[-70.58698,-33.45997],[-70.58703,-33.46018],[-70.58737,-33.46014],[-70.58704,-33.4602],[-70.58712,-33.46053],[-70.58779,-33.4604],[-70.58759,-33.45954],[-70.5869,-33.45962]]]},"properties":{"id":"13120051002023","cut":13120,"comuna":"ÑUÑOA","pob":50,"hom":21,"muj":29,"viv":22,"hog":19}},{"type":"Feature","geometry":{"type":"Polygon","coordinates":[[[-70.60211,-33.45936],[-70.60208,-33.45965],[-70.60238,-33.45961],[-70.60236,-33.45949],[-70.60211,-33.45936]]]},"properties":{"id":"13120071003007","cut":13120,"comuna":"ÑUÑOA","pob":10,"hom":0,"muj":0,"viv":4,"hog":4}},{"type":"Feature","geometry":{"type":"Polygon","coordinates":[[[-70.61029,-33.46012],[-70.6111,-33.46004],[-70.61097,-33.45927],[-70.61014,-33.45936],[-70.61029,-33.46012]]]},"properties":{"id":"13120101007012","cut":13120,"comuna":"ÑUÑOA","pob":60,"hom":28,"muj":32,"viv":24,"hog":19}},{"type":"Feature","geometry":{"type":"Polygon","coordinates":[[[-70.62009,-33.46119],[-70.62078,-33.46113],[-70.62101,-33.461],[-70.62086,-33.45914],[-70.61979,-33.45927],[-70.62009,-33.46119]]]},"properties":{"id":"13120101008006","cut":13120,"comuna":"ÑUÑOA","pob":278,"hom":130,"muj":148,"viv":122,"hog":120}},{"type":"Feature","geometry":{"type":"Polygon","coordinates":[[[-70.58569,-33.45983],[-70.58585,-33.46051],[-70.58636,-33.46049],[-70.58636,-33.46029],[-70.58651,-33.46092],[-70.58712,-33.46089],[-70.5868,-33.45962],[-70.58569,-33.45983]]]},"properties":{"id":"13120051002024","cut":13120,"comuna":"ÑUÑOA","pob":107,"hom":53,"muj":54,"viv":30,"hog":30}},{"type":"Feature","geometry":{"type":"Polygon","coordinates":[[[-70.57674,-33.45984],[-70.57688,-33.46082],[-70.57743,-33.46071],[-70.57733,-33.46041],[-70.57708,-33.46045],[-70.577,-33.46018],[-70.57726,-33.46012],[-70.57713,-33.4598],[-70.57674,-33.45984]]]},"properties":{"id":"13120041002012","cut":13120,"comuna":"ÑUÑOA","pob":81,"hom":30,"muj":51,"viv":24,"hog":24}},{"type":"Feature","geometry":{"type":"Polygon","coordinates":[[[-70.61912,-33.45976],[-70.61903,-33.45933],[-70.61873,-33.45937],[-70.61878,-33.45984],[-70.61905,-33.45983],[-70.61878,-33.45986],[-70.61883,-33.46016],[-70.61914,-33.46012],[-70.61915,-33.45999],[-70.6192,-33.46027],[-70.61914,-33.46015],[-70.61883,-33.46018],[-70.61888,-33.46052],[-70.6192,-33.46049],[-70.61921,-33.46035],[-70.61925,-33.46064],[-70.6192,-33.46051],[-70.61889,-33.46054],[-70.61893,-33.46087],[-70.61925,-33.46084],[-70.61926,-33.46072],[-70.6193,-33.461],[-70.61926,-33.46086],[-70.61894,-33.46089],[-70.619,-33.46125],[-70.61997,-33.46121],[-70.61969,-33.45927],[-70.61906,-33.45933],[-70.61912,-33.45976]]]},"properties":{"id":"13120101007038","cut":13120,"comuna":"ÑUÑOA","pob":222,"hom":103,"muj":119,"viv":82,"hog":82}},{"type":"Feature","geometry":{"type":"Polygon","coordinates":[[[-70.57579,-33.45988],[-70.57592,-33.46059],[-70.57672,-33.46051],[-70.57659,-33.45984],[-70.57579,-33.45988]]]},"properties":{"id":"13120041002011","cut":13120,"comuna":"ÑUÑOA","pob":167,"hom":69,"muj":98,"viv":68,"hog":67}},{"type":"Feature","geometry":{"type":"Polygon","coordinates":[[[-70.60815,-33.46033],[-70.60959,-33.46017],[-70.60947,-33.45942],[-70.60803,-33.45957],[-70.60815,-33.46033]]]},"properties":{"id":"13120101007014","cut":13120,"comuna":"ÑUÑOA","pob":56,"hom":29,"muj":27,"viv":12,"hog":8}},{"type":"Feature","geometry":{"type":"Polygon","coordinates":[[[-70.6028,-33.45962],[-70.6024,-33.45951],[-70.60251,-33.46015],[-70.60287,-33.46011],[-70.6028,-33.45962]]]},"properties":{"id":"13120071003008","cut":13120,"comuna":"ÑUÑOA","pob":32,"hom":0,"muj":0,"viv":15,"hog":14}},{"type":"Feature","geometry":{"type":"Polygon","coordinates":[[[-70.57391,-33.46072],[-70.57589,-33.4606],[-70.57576,-33.45988],[-70.57383,-33.46003],[-70.57391,-33.46072]]]},"properties":{"id":"13120041002010","cut":13120,"comuna":"ÑUÑOA","pob":140,"hom":66,"muj":74,"viv":43,"hog":42}},{"type":"Feature","geometry":{"type":"Polygon","coordinates":[[[-70.59135,-33.46116],[-70.59203,-33.46108],[-70.59185,-33.45971],[-70.59115,-33.45981],[-70.59135,-33.46116]]]},"properties":{"id":"13120051001009","cut":13120,"comuna":"ÑUÑOA","pob":96,"hom":48,"muj":48,"viv":26,"hog":28}},{"type":"Feature","geometry":{"type":"Polygon","coordinates":[[[-70.58456,-33.45997],[-70.58472,-33.46096],[-70.58529,-33.46094],[-70.58517,-33.46046],[-70.58524,-33.46055],[-70.58578,-33.46051],[-70.58561,-33.45982],[-70.58456,-33.45997]]]},"properties":{"id":"13120051002025","cut":13120,"comuna":"ÑUÑOA","pob":59,"hom":29,"muj":30,"viv":20,"hog":16}},{"type":"Feature","geometry":{"type":"Polygon","coordinates":[[[-70.61813,-33.46046],[-70.61877,-33.46039],[-70.6186,-33.45938],[-70.618,-33.45946],[-70.61813,-33.46046]]]},"properties":{"id":"13120101007037","cut":13120,"comuna":"ÑUÑOA","pob":65,"hom":36,"muj":29,"viv":20,"hog":20}},{"type":"Feature","geometry":{"type":"Polygon","coordinates":[[[-70.60208,-33.45968],[-70.60213,-33.46005],[-70.60225,-33.46005],[-70.60233,-33.46053],[-70.60296,-33.46048],[-70.60287,-33.46014],[-70.60249,-33.46017],[-70.60239,-33.45963],[-70.60208,-33.45968]]]},"properties":{"id":"13120071003010","cut":13120,"comuna":"ÑUÑOA","pob":112,"hom":50,"muj":62,"viv":53,"hog":44}},{"type":"Feature","geometry":{"type":"Polygon","coordinates":[[[-70.60323,-33.45963],[-70.60284,-33.45964],[-70.60301,-33.46058],[-70.60337,-33.46055],[-70.6033,-33.46008],[-70.60306,-33.4601],[-70.6033,-33.46006],[-70.60323,-33.45963]]]},"properties":{"id":"13120071003009","cut":13120,"comuna":"ÑUÑOA","pob":94,"hom":33,"muj":61,"viv":37,"hog":36}},{"type":"Feature","geometry":{"type":"Polygon","coordinates":[[[-70.61737,-33.46054],[-70.61804,-33.46046],[-70.6179,-33.45945],[-70.61723,-33.45953],[-70.61737,-33.46054]]]},"properties":{"id":"13120101007034","cut":13120,"comuna":"ÑUÑOA","pob":69,"hom":31,"muj":38,"viv":20,"hog":19}},{"type":"Feature","geometry":{"type":"Polygon","coordinates":[[[-70.60333,-33.4597],[-70.60344,-33.4604],[-70.6039,-33.46035],[-70.60388,-33.46001],[-70.60392,-33.46037],[-70.60344,-33.46043],[-70.60354,-33.46105],[-70.60401,-33.46099],[-70.60403,-33.46075],[-70.60404,-33.46101],[-70.60354,-33.46108],[-70.60361,-33.46148],[-70.60598,-33.46132],[-70.60585,-33.46063],[-70.60333,-33.4597]]]},"properties":{"id":"13120071001005","cut":13120,"comuna":"ÑUÑOA","pob":266,"hom":116,"muj":150,"viv":98,"hog":100}},{"type":"Feature","geometry":{"type":"Polygon","coordinates":[[[-70.57312,-33.46069],[-70.5738,-33.46074],[-70.57371,-33.46007],[-70.57288,-33.46012],[-70.57312,-33.46069]]]},"properties":{"id":"13120041002006","cut":13120,"comuna":"ÑUÑOA","pob":176,"hom":77,"muj":99,"viv":85,"hog":76}},{"type":"Feature","geometry":{"type":"Polygon","coordinates":[[[-70.60016,-33.46078],[-70.60191,-33.46078],[-70.60179,-33.45992],[-70.60158,-33.45972],[-70.60009,-33.45977],[-70.60016,-33.46078]]]},"properties":{"id":"13120071003005","cut":13120,"comuna":"ÑUÑOA","pob":783,"hom":361,"muj":422,"viv":348,"hog":294}},{"type":"Feature","geometry":{"type":"Polygon","coordinates":[[[-70.61661,-33.4606],[-70.61728,-33.46054],[-70.61714,-33.45953],[-70.61647,-33.4596],[-70.61661,-33.4606]]]},"properties":{"id":"13120101007033","cut":13120,"comuna":"ÑUÑOA","pob":51,"hom":22,"muj":29,"viv":22,"hog":22}},{"type":"Feature","geometry":{"type":"Polygon","coordinates":[[[-70.62349,-33.46097],[-70.62419,-33.46089],[-70.62449,-33.45956],[-70.62384,-33.45947],[-70.62349,-33.46097]]]},"properties":{"id":"13120101008011","cut":13120,"comuna":"ÑUÑOA","pob":90,"hom":41,"muj":49,"viv":26,"hog":27}},{"type":"Feature","geometry":{"type":"Polygon","coordinates":[[[-70.61538,-33.46075],[-70.61652,-33.46061],[-70.61639,-33.4596],[-70.61594,-33.45967],[-70.61538,-33.46075]]]},"properties":{"id":"13120101007030","cut":13120,"comuna":"ÑUÑOA","pob":56,"hom":28,"muj":28,"viv":21,"hog":21}},{"type":"Feature","geometry":{"type":"Polygon","coordinates":[[[-70.5842,-33.4609],[-70.58456,-33.46083],[-70.58438,-33.46004],[-70.58398,-33.46013],[-70.5842,-33.4609]]]},"properties":{"id":"13120041003009","cut":13120,"comuna":"ÑUÑOA","pob":73,"hom":26,"muj":47,"viv":31,"hog":25}},{"type":"Feature","geometry":{"type":"Polygon","coordinates":[[[-70.60693,-33.46043],[-70.60736,-33.4604],[-70.60727,-33.45976],[-70.60684,-33.4598],[-70.60693,-33.46043]]]},"properties":{"id":"13120101007016","cut":13120,"comuna":"ÑUÑOA","pob":24,"hom":8,"muj":16,"viv":10,"hog":10}},{"type":"Feature","geometry":{"type":"Polygon","coordinates":[[[-70.6149,-33.4608],[-70.61529,-33.46074],[-70.6158,-33.45967],[-70.6146,-33.4598],[-70.61471,-33.46057],[-70.6149,-33.4608]]]},"properties":{"id":"13120101007029","cut":13120,"comuna":"ÑUÑOA","pob":49,"hom":19,"muj":30,"viv":23,"hog":15}},{"type":"Feature","geometry":{"type":"Polygon","coordinates":[[[-70.62429,-33.4609],[-70.62498,-33.46085],[-70.62525,-33.45974],[-70.6246,-33.45961],[-70.62429,-33.4609]]]},"properties":{"id":"13120101008012","cut":13120,"comuna":"ÑUÑOA","pob":32,"hom":16,"muj":16,"viv":12,"hog":11}},{"type":"Feature","geometry":{"type":"Polygon","coordinates":[[[-70.60182,-33.45992],[-70.60185,-33.46006],[-70.6021,-33.46005],[-70.60208,-33.4599],[-70.60182,-33.45992]]]},"properties":{"id":"13120071003011","cut":13120,"comuna":"ÑUÑOA","pob":0,"hom":0,"muj":0,"viv":1,"hog":0}},{"type":"Feature","geometry":{"type":"Polygon","coordinates":[[[-70.58341,-33.46025],[-70.58354,-33.46096],[-70.58413,-33.46087],[-70.58395,-33.46013],[-70.58341,-33.46025]]]},"properties":{"id":"13120041003008","cut":13120,"comuna":"ÑUÑOA","pob":38,"hom":23,"muj":15,"viv":13,"hog":12}},{"type":"Feature","geometry":{"type":"Polygon","coordinates":[[[-70.61395,-33.46089],[-70.61468,-33.46079],[-70.61451,-33.45979],[-70.61377,-33.45989],[-70.61395,-33.46089]]]},"properties":{"id":"13120101007028","cut":13120,"comuna":"ÑUÑOA","pob":63,"hom":24,"muj":39,"viv":21,"hog":20}},{"type":"Feature","geometry":{"type":"Polygon","coordinates":[[[-70.62129,-33.46073],[-70.62204,-33.46],[-70.62155,-33.45974],[-70.62105,-33.45973],[-70.62107,-33.4605],[-70.62129,-33.46073]]]},"properties":{"id":"13120101008008","cut":13120,"comuna":"ÑUÑOA","pob":128,"hom":55,"muj":73,"viv":54,"hog":55}},{"type":"Feature","geometry":{"type":"Polygon","coordinates":[[[-70.5898,-33.46019],[-70.58987,-33.46081],[-70.59038,-33.4608],[-70.59029,-33.46015],[-70.5898,-33.46019]]]},"properties":{"id":"13120051002016","cut":13120,"comuna":"ÑUÑOA","pob":12,"hom":5,"muj":7,"viv":8,"hog":5}},{"type":"Feature","geometry":{"type":"Polygon","coordinates":[[[-70.61321,-33.46166],[-70.61396,-33.46159],[-70.61366,-33.45986],[-70.61294,-33.45998],[-70.61321,-33.46166]]]},"properties":{"id":"13120101007026","cut":13120,"comuna":"ÑUÑOA","pob":77,"hom":34,"muj":43,"viv":25,"hog":19}},{"type":"Feature","geometry":{"type":"Polygon","coordinates":[[[-70.58281,-33.46038],[-70.58309,-33.4612],[-70.58388,-33.46106],[-70.58385,-33.46094],[-70.58352,-33.46098],[-70.58338,-33.46026],[-70.58281,-33.46038]]]},"properties":{"id":"13120041003007","cut":13120,"comuna":"ÑUÑOA","pob":42,"hom":18,"muj":24,"viv":21,"hog":15}},{"type":"Feature","geometry":{"type":"Polygon","coordinates":[[[-70.60185,-33.46009],[-70.60194,-33.46078],[-70.60233,-33.46075],[-70.60222,-33.46007],[-70.60185,-33.46009]]]},"properties":{"id":"13120071003012","cut":13120,"comuna":"ÑUÑOA","pob":79,"hom":39,"muj":40,"viv":22,"hog":22}},{"type":"Feature","geometry":{"type":"Polygon","coordinates":[[[-70.61233,-33.46172],[-70.6131,-33.46163],[-70.61283,-33.45996],[-70.61207,-33.46006],[-70.61233,-33.46172]]]},"properties":{"id":"13120101007025","cut":13120,"comuna":"ÑUÑOA","pob":92,"hom":42,"muj":50,"viv":25,"hog":24}},{"type":"Feature","geometry":{"type":"Polygon","coordinates":[[[-70.58154,-33.46065],[-70.5817,-33.46109],[-70.58284,-33.4609],[-70.58278,-33.46039],[-70.58154,-33.46065]]]},"properties":{"id":"13120041003005","cut":13120,"comuna":"ÑUÑOA","pob":54,"hom":25,"muj":29,"viv":20,"hog":19}},{"type":"Feature","geometry":{"type":"Polygon","coordinates":[[[-70.61042,-33.46098],[-70.61207,-33.46085],[-70.61198,-33.46005],[-70.61028,-33.46021],[-70.61042,-33.46098]]]},"properties":{"id":"13120101007024","cut":13120,"comuna":"ÑUÑOA","pob":30,"hom":15,"muj":15,"viv":17,"hog":11}},{"type":"Feature","geometry":{"type":"Polygon","coordinates":[[[-70.58712,-33.46056],[-70.58721,-33.46089],[-70.58792,-33.46087],[-70.5878,-33.46043],[-70.58712,-33.46056]]]},"properties":{"id":"13120051002028","cut":13120,"comuna":"ÑUÑOA","pob":22,"hom":11,"muj":11,"viv":10,"hog":7}},{"type":"Feature","geometry":{"type":"Polygon","coordinates":[[[-70.57597,-33.46092],[-70.5759,-33.46066],[-70.57552,-33.46068],[-70.57553,-33.46106],[-70.57549,-33.46069],[-70.5739,-33.4608],[-70.57395,-33.46143],[-70.57556,-33.4614],[-70.57689,-33.46113],[-70.57673,-33.46057],[-70.57594,-33.46065],[-70.57597,-33.46092]]]},"properties":{"id":"13120041002009","cut":13120,"comuna":"ÑUÑOA","pob":134,"hom":74,"muj":60,"viv":48,"hog":50}},{"type":"Feature","geometry":{"type":"Polygon","coordinates":[[[-70.58919,-33.4605],[-70.58927,-33.46083],[-70.58984,-33.46081],[-70.58979,-33.46044],[-70.58919,-33.4605]]]},"properties":{"id":"13120051002015","cut":13120,"comuna":"ÑUÑOA","pob":12,"hom":5,"muj":7,"viv":7,"hog":4}},{"type":"Feature","geometry":{"type":"Polygon","coordinates":[[[-70.58586,-33.46054],[-70.58596,-33.46093],[-70.58648,-33.46092],[-70.58637,-33.46052],[-70.58586,-33.46054]]]},"properties":{"id":"13120051002027","cut":13120,"comuna":"ÑUÑOA","pob":23,"hom":9,"muj":14,"viv":8,"hog":7}},{"type":"Feature","geometry":{"type":"Polygon","coordinates":[[[-70.58579,-33.46053],[-70.58525,-33.46058],[-70.58532,-33.46094],[-70.58588,-33.46092],[-70.58579,-33.46053]]]},"properties":{"id":"13120051002026","cut":13120,"comuna":"ÑUÑOA","pob":25,"hom":13,"muj":12,"viv":9,"hog":8}},{"type":"Feature","geometry":{"type":"Polygon","coordinates":[[[-70.60826,-33.46116],[-70.6097,-33.46104],[-70.60962,-33.46028],[-70.60816,-33.46041],[-70.60826,-33.46116]]]},"properties":{"id":"13120101007021","cut":13120,"comuna":"ÑUÑOA","pob":51,"hom":26,"muj":25,"viv":23,"hog":17}},{"type":"Feature","geometry":{"type":"Polygon","coordinates":[[[-70.58083,-33.4615],[-70.58157,-33.46137],[-70.58145,-33.46068],[-70.58076,-33.46083],[-70.58083,-33.4615]]]},"properties":{"id":"13120041003002","cut":13120,"comuna":"ÑUÑOA","pob":48,"hom":23,"muj":25,"viv":13,"hog":13}},{"type":"Feature","geometry":{"type":"Polygon","coordinates":[[[-70.5739,-33.4619],[-70.57381,-33.46084],[-70.57319,-33.46079],[-70.57369,-33.46176],[-70.5739,-33.4619]]]},"properties":{"id":"13120041002007","cut":13120,"comuna":"ÑUÑOA","pob":11,"hom":6,"muj":5,"viv":6,"hog":4}},{"type":"Feature","geometry":{"type":"Polygon","coordinates":[[[-70.62195,-33.46107],[-70.62271,-33.461],[-70.62267,-33.4605],[-70.62232,-33.4602],[-70.6216,-33.46089],[-70.62195,-33.46107]]]},"properties":{"id":"13120101008009","cut":13120,"comuna":"ÑUÑOA","pob":136,"hom":61,"muj":75,"viv":77,"hog":70}},{"type":"Feature","geometry":{"type":"Polygon","coordinates":[[[-70.60698,-33.46126],[-70.60815,-33.46115],[-70.60806,-33.46043],[-70.60687,-33.46053],[-70.60698,-33.46126]]]},"properties":{"id":"13120101007020","cut":13120,"comuna":"ÑUÑOA","pob":48,"hom":24,"muj":24,"viv":13,"hog":13}},{"type":"Feature","geometry":{"type":"Polygon","coordinates":[[[-70.57964,-33.46107],[-70.57975,-33.46151],[-70.58071,-33.46137],[-70.58061,-33.46086],[-70.57964,-33.46107]]]},"properties":{"id":"13120041005001","cut":13120,"comuna":"ÑUÑOA","pob":50,"hom":25,"muj":25,"viv":14,"hog":14}},{"type":"Feature","geometry":{"type":"Polygon","coordinates":[[[-70.60273,-33.46072],[-70.60281,-33.46112],[-70.60318,-33.46108],[-70.60282,-33.46114],[-70.60285,-33.46131],[-70.60322,-33.46127],[-70.60285,-33.46134],[-70.60289,-33.46154],[-70.60348,-33.4615],[-70.60338,-33.46058],[-70.60273,-33.46072]]]},"properties":{"id":"13120071003015","cut":13120,"comuna":"ÑUÑOA","pob":133,"hom":64,"muj":69,"viv":50,"hog":47}},{"type":"Feature","geometry":{"type":"Polygon","coordinates":[[[-70.60604,-33.46066],[-70.60614,-33.46132],[-70.60685,-33.46127],[-70.60684,-33.46105],[-70.60635,-33.46106],[-70.60684,-33.46102],[-70.60677,-33.46055],[-70.60604,-33.46066]]]},"properties":{"id":"13120101007017","cut":13120,"comuna":"ÑUÑOA","pob":126,"hom":56,"muj":70,"viv":64,"hog":50}},{"type":"Feature","geometry":{"type":"Polygon","coordinates":[[[-70.61825,-33.46132],[-70.6189,-33.46126],[-70.61878,-33.46046],[-70.61813,-33.46053],[-70.61825,-33.46132]]]},"properties":{"id":"13120101007036","cut":13120,"comuna":"ÑUÑOA","pob":35,"hom":18,"muj":17,"viv":17,"hog":17}},{"type":"Feature","geometry":{"type":"Polygon","coordinates":[[[-70.58988,-33.46084],[-70.58993,-33.4613],[-70.59044,-33.46126],[-70.59038,-33.46083],[-70.58988,-33.46084]]]},"properties":{"id":"13120051002017","cut":13120,"comuna":"ÑUÑOA","pob":15,"hom":8,"muj":7,"viv":8,"hog":5}},{"type":"Feature","geometry":{"type":"Polygon","coordinates":[[[-70.58225,-33.46102],[-70.5824,-33.46166],[-70.583,-33.46154],[-70.58284,-33.46092],[-70.58225,-33.46102]]]},"properties":{"id":"13120041003006","cut":13120,"comuna":"ÑUÑOA","pob":29,"hom":16,"muj":13,"viv":13,"hog":11}},{"type":"Feature","geometry":{"type":"Polygon","coordinates":[[[-70.59315,-33.46301],[-70.5941,-33.46293],[-70.59393,-33.46078],[-70.59292,-33.46084],[-70.59315,-33.46301]]]},"properties":{"id":"13120051003003","cut":13120,"comuna":"ÑUÑOA","pob":277,"hom":119,"muj":158,"viv":122,"hog":107}},{"type":"Feature","geometry":{"type":"Polygon","coordinates":[[[-70.58928,-33.46086],[-70.58949,-33.4617],[-70.58994,-33.46169],[-70.58985,-33.46084],[-70.58928,-33.46086]]]},"properties":{"id":"13120051002018","cut":13120,"comuna":"ÑUÑOA","pob":32,"hom":14,"muj":18,"viv":16,"hog":13}},{"type":"Feature","geometry":{"type":"Polygon","coordinates":[[[-70.58438,-33.46168],[-70.58471,-33.46164],[-70.58455,-33.46091],[-70.5842,-33.46101],[-70.58438,-33.46168]]]},"properties":{"id":"13120041003010","cut":13120,"comuna":"ÑUÑOA","pob":53,"hom":22,"muj":31,"viv":30,"hog":22}},{"type":"Feature","geometry":{"type":"Polygon","coordinates":[[[-70.58722,-33.46092],[-70.58735,-33.46142],[-70.58803,-33.46135],[-70.58792,-33.4609],[-70.58722,-33.46092]]]},"properties":{"id":"13120051002029","cut":13120,"comuna":"ÑUÑOA","pob":31,"hom":16,"muj":15,"viv":11,"hog":11}},{"type":"Feature","geometry":{"type":"Polygon","coordinates":[[[-70.58651,-33.46094],[-70.58665,-33.46159],[-70.58726,-33.46149],[-70.58712,-33.46092],[-70.58651,-33.46094]]]},"properties":{"id":"13120051002030","cut":13120,"comuna":"ÑUÑOA","pob":32,"hom":20,"muj":12,"viv":13,"hog":11}},{"type":"Feature","geometry":{"type":"Polygon","coordinates":[[[-70.60214,-33.4608],[-70.6022,-33.46118],[-70.6026,-33.46116],[-70.60217,-33.4612],[-70.6021,-33.4608],[-70.6019,-33.46085],[-70.60184,-33.46159],[-70.60232,-33.46157],[-70.60229,-33.46134],[-70.60262,-33.46131],[-70.60232,-33.46136],[-70.60235,-33.46157],[-70.60286,-33.46154],[-70.6027,-33.46072],[-70.60214,-33.4608]]]},"properties":{"id":"13120071003014","cut":13120,"comuna":"ÑUÑOA","pob":215,"hom":103,"muj":112,"viv":78,"hog":77}},{"type":"Feature","geometry":{"type":"Polygon","coordinates":[[[-70.61752,-33.46138],[-70.61814,-33.46132],[-70.61803,-33.46053],[-70.61737,-33.46061],[-70.61752,-33.46138]]]},"properties":{"id":"13120101007035","cut":13120,"comuna":"ÑUÑOA","pob":60,"hom":29,"muj":31,"viv":23,"hog":20}},{"type":"Feature","geometry":{"type":"Polygon","coordinates":[[[-70.58533,-33.46097],[-70.58544,-33.46142],[-70.58598,-33.46133],[-70.58589,-33.46095],[-70.58533,-33.46097]]]},"properties":{"id":"13120051002032","cut":13120,"comuna":"ÑUÑOA","pob":28,"hom":11,"muj":17,"viv":9,"hog":9}},{"type":"Feature","geometry":{"type":"Polygon","coordinates":[[[-70.58596,-33.46096],[-70.58607,-33.46138],[-70.58656,-33.46131],[-70.58648,-33.46094],[-70.58596,-33.46096]]]},"properties":{"id":"13120051002031","cut":13120,"comuna":"ÑUÑOA","pob":17,"hom":9,"muj":8,"viv":8,"hog":7}},{"type":"Feature","geometry":{"type":"Polygon","coordinates":[[[-70.58493,-33.4621],[-70.58559,-33.46218],[-70.5853,-33.46097],[-70.58472,-33.46099],[-70.58493,-33.4621]]]},"properties":{"id":"13120051002033","cut":13120,"comuna":"ÑUÑOA","pob":46,"hom":20,"muj":26,"viv":20,"hog":12}},{"type":"Feature","geometry":{"type":"Polygon","coordinates":[[[-70.57901,-33.46121],[-70.5792,-33.46174],[-70.57976,-33.46167],[-70.57961,-33.46107],[-70.57901,-33.46121]]]},"properties":{"id":"13120041005002","cut":13120,"comuna":"ÑUÑOA","pob":28,"hom":12,"muj":16,"viv":8,"hog":9}},{"type":"Feature","geometry":{"type":"Polygon","coordinates":[[[-70.58374,-33.46112],[-70.58389,-33.46173],[-70.58433,-33.46166],[-70.58417,-33.46103],[-70.58374,-33.46112]]]},"properties":{"id":"13120041003011","cut":13120,"comuna":"ÑUÑOA","pob":37,"hom":16,"muj":21,"viv":14,"hog":11}},{"type":"Feature","geometry":{"type":"Polygon","coordinates":[[[-70.61673,-33.46143],[-70.61735,-33.46138],[-70.61728,-33.4606],[-70.6166,-33.46069],[-70.61673,-33.46143]]]},"properties":{"id":"13120101007032","cut":13120,"comuna":"ÑUÑOA","pob":41,"hom":18,"muj":23,"viv":14,"hog":14}},{"type":"Feature","geometry":{"type":"Polygon","coordinates":[[[-70.60018,-33.46085],[-70.60019,-33.46167],[-70.6018,-33.4616],[-70.60186,-33.46085],[-70.60018,-33.46085]]]},"properties":{"id":"13120071003004","cut":13120,"comuna":"ÑUÑOA","pob":410,"hom":193,"muj":217,"viv":275,"hog":169}},{"type":"Feature","geometry":{"type":"Polygon","coordinates":[[[-70.61511,-33.46121],[-70.61518,-33.46154],[-70.61576,-33.46151],[-70.61576,-33.46123],[-70.61615,-33.46122],[-70.61618,-33.46138],[-70.61613,-33.46125],[-70.61578,-33.46126],[-70.61579,-33.46151],[-70.61656,-33.46146],[-70.61653,-33.46069],[-70.61535,-33.46083],[-70.61511,-33.46121]]]},"properties":{"id":"13120101007031","cut":13120,"comuna":"ÑUÑOA","pob":98,"hom":55,"muj":43,"viv":31,"hog":29}},{"type":"Feature","geometry":{"type":"Polygon","coordinates":[[[-70.58309,-33.46123],[-70.58325,-33.46184],[-70.58386,-33.46174],[-70.58371,-33.46112],[-70.58309,-33.46123]]]},"properties":{"id":"13120041003012","cut":13120,"comuna":"ÑUÑOA","pob":26,"hom":12,"muj":14,"viv":12,"hog":9}},{"type":"Feature","geometry":{"type":"Polygon","coordinates":[[[-70.57411,-33.46226],[-70.57698,-33.46157],[-70.57695,-33.46125],[-70.5756,-33.46146],[-70.574,-33.46156],[-70.574,-33.46204],[-70.57411,-33.46226]]]},"properties":{"id":"13120041002008","cut":13120,"comuna":"ÑUÑOA","pob":78,"hom":29,"muj":49,"viv":26,"hog":25}},{"type":"Feature","geometry":{"type":"Polygon","coordinates":[[[-70.57842,-33.46134],[-70.57854,-33.46186],[-70.57907,-33.46176],[-70.57893,-33.46124],[-70.57842,-33.46134]]]},"properties":{"id":"13120041005003","cut":13120,"comuna":"ÑUÑOA","pob":14,"hom":8,"muj":6,"viv":7,"hog":7}},{"type":"Feature","geometry":{"type":"Polygon","coordinates":[[[-70.59211,-33.4612],[-70.59258,-33.46483],[-70.59321,-33.46475],[-70.59317,-33.4645],[-70.59302,-33.46452],[-70.593,-33.46443],[-70.59314,-33.46443],[-70.59284,-33.46108],[-70.59211,-33.4612]]]},"properties":{"id":"13120051003005","cut":13120,"comuna":"ÑUÑOA","pob":232,"hom":115,"muj":117,"viv":76,"hog":69}},{"type":"Feature","geometry":{"type":"Polygon","coordinates":[[[-70.61407,-33.46161],[-70.61487,-33.46154],[-70.61489,-33.46132],[-70.61522,-33.46085],[-70.61395,-33.46095],[-70.61407,-33.46161]]]},"properties":{"id":"13120101007027","cut":13120,"comuna":"ÑUÑOA","pob":47,"hom":19,"muj":28,"viv":15,"hog":9}},{"type":"Feature","geometry":{"type":"Polygon","coordinates":[[[-70.58226,-33.46129],[-70.58084,-33.46153],[-70.58089,-33.46199],[-70.58101,-33.4619],[-70.58237,-33.46167],[-70.58226,-33.46129]]]},"properties":{"id":"13120041003003","cut":13120,"comuna":"ÑUÑOA","pob":104,"hom":47,"muj":57,"viv":24,"hog":23}},{"type":"Feature","geometry":{"type":"Polygon","coordinates":[[[-70.57797,-33.46144],[-70.57809,-33.46215],[-70.57855,-33.46209],[-70.57838,-33.46135],[-70.57797,-33.46144]]]},"properties":{"id":"13120041005004","cut":13120,"comuna":"ÑUÑOA","pob":43,"hom":18,"muj":25,"viv":12,"hog":12}},{"type":"Feature","geometry":{"type":"Polygon","coordinates":[[[-70.61041,-33.46184],[-70.61219,-33.46172],[-70.6121,-33.46093],[-70.61045,-33.46104],[-70.6105,-33.4617],[-70.61037,-33.46172],[-70.61041,-33.46184]]]},"properties":{"id":"13120101007023","cut":13120,"comuna":"ÑUÑOA","pob":13,"hom":4,"muj":9,"viv":12,"hog":5}},{"type":"Feature","geometry":{"type":"Polygon","coordinates":[[[-70.59158,-33.46291],[-70.59225,-33.46283],[-70.59202,-33.46118],[-70.59133,-33.46125],[-70.59158,-33.46291]]]},"properties":{"id":"13120051003007","cut":13120,"comuna":"ÑUÑOA","pob":92,"hom":45,"muj":47,"viv":31,"hog":31}},{"type":"Feature","geometry":{"type":"Polygon","coordinates":[[[-70.59079,-33.46298],[-70.59147,-33.4629],[-70.59123,-33.46123],[-70.59052,-33.4613],[-70.59079,-33.46298]]]},"properties":{"id":"13120051003008","cut":13120,"comuna":"ÑUÑOA","pob":90,"hom":49,"muj":41,"viv":27,"hog":27}},{"type":"Feature","geometry":{"type":"Polygon","coordinates":[[[-70.58993,-33.46132],[-70.59003,-33.46203],[-70.59053,-33.46198],[-70.59044,-33.46128],[-70.58993,-33.46132]]]},"properties":{"id":"13120051002020","cut":13120,"comuna":"ÑUÑOA","pob":40,"hom":15,"muj":25,"viv":13,"hog":11}},{"type":"Feature","geometry":{"type":"Polygon","coordinates":[[[-70.58631,-33.46221],[-70.58679,-33.46224],[-70.58656,-33.46134],[-70.58607,-33.46141],[-70.58631,-33.46221]]]},"properties":{"id":"13120051002035","cut":13120,"comuna":"ÑUÑOA","pob":38,"hom":22,"muj":16,"viv":14,"hog":13}},{"type":"Feature","geometry":{"type":"Polygon","coordinates":[[[-70.58562,-33.46218],[-70.58617,-33.46217],[-70.58598,-33.46136],[-70.58544,-33.46145],[-70.58562,-33.46218]]]},"properties":{"id":"13120051002034","cut":13120,"comuna":"ÑUÑOA","pob":22,"hom":6,"muj":16,"viv":6,"hog":6}},{"type":"Feature","geometry":{"type":"Polygon","coordinates":[[[-70.57708,-33.4617],[-70.57718,-33.46204],[-70.57761,-33.46197],[-70.57719,-33.46206],[-70.5773,-33.46241],[-70.5777,-33.46234],[-70.57731,-33.46243],[-70.57737,-33.46262],[-70.57771,-33.46258],[-70.57738,-33.46265],[-70.5775,-33.46299],[-70.57784,-33.46295],[-70.57751,-33.46302],[-70.57763,-33.46339],[-70.57826,-33.46334],[-70.57785,-33.4615],[-70.57708,-33.4617]]]},"properties":{"id":"13120041005005","cut":13120,"comuna":"ÑUÑOA","pob":175,"hom":80,"muj":95,"viv":61,"hog":56}},{"type":"Feature","geometry":{"type":"Polygon","coordinates":[[[-70.60825,-33.46127],[-70.60836,-33.46198],[-70.61001,-33.46186],[-70.61,-33.46175],[-70.60985,-33.46175],[-70.60972,-33.4611],[-70.60825,-33.46127]]]},"properties":{"id":"13120101007022","cut":13120,"comuna":"ÑUÑOA","pob":66,"hom":30,"muj":36,"viv":14,"hog":13}},{"type":"Feature","geometry":{"type":"Polygon","coordinates":[[[-70.58736,-33.46152],[-70.58741,-33.46174],[-70.5877,-33.46169],[-70.58742,-33.46176],[-70.58746,-33.46196],[-70.58774,-33.46192],[-70.58747,-33.46199],[-70.58755,-33.46227],[-70.58826,-33.46233],[-70.58804,-33.46141],[-70.58736,-33.46152]]]},"properties":{"id":"13120051002037","cut":13120,"comuna":"ÑUÑOA","pob":34,"hom":18,"muj":16,"viv":17,"hog":12}},{"type":"Feature","geometry":{"type":"Polygon","coordinates":[[[-70.62149,-33.46099],[-70.62096,-33.46137],[-70.62011,-33.46148],[-70.62016,-33.46217],[-70.62115,-33.46214],[-70.62111,-33.46347],[-70.62276,-33.46367],[-70.623,-33.46281],[-70.62137,-33.46257],[-70.62302,-33.46274],[-70.62322,-33.46202],[-70.62249,-33.4619],[-70.62127,-33.46193],[-70.62298,-33.46181],[-70.62301,-33.46193],[-70.62323,-33.46196],[-70.62332,-33.4617],[-70.62326,-33.46108],[-70.62194,-33.46113],[-70.62149,-33.46099]]]},"properties":{"id":"13120091002002","cut":13120,"comuna":"ÑUÑOA","pob":1666,"hom":738,"muj":928,"viv":693,"hog":655}},{"type":"Feature","geometry":{"type":"Polygon","coordinates":[[[-70.62351,-33.46449],[-70.6233,-33.46535],[-70.62351,-33.46453],[-70.6228,-33.46438],[-70.62228,-33.46645],[-70.62339,-33.4667],[-70.62348,-33.46664],[-70.62497,-33.46164],[-70.62419,-33.46099],[-70.62348,-33.46106],[-70.62351,-33.46182],[-70.6228,-33.46436],[-70.62351,-33.46449]]]},"properties":{"id":"13120091002001","cut":13120,"comuna":"ÑUÑOA","pob":746,"hom":365,"muj":381,"viv":267,"hog":261}},{"type":"Feature","geometry":{"type":"Polygon","coordinates":[[[-70.60708,-33.46206],[-70.60824,-33.46198],[-70.60817,-33.46125],[-70.60699,-33.46133],[-70.60708,-33.46206]]]},"properties":{"id":"13120101007019","cut":13120,"comuna":"ÑUÑOA","pob":67,"hom":26,"muj":41,"viv":18,"hog":17}},{"type":"Feature","geometry":{"type":"Polygon","coordinates":[[[-70.58683,-33.46224],[-70.58743,-33.46223],[-70.58726,-33.46152],[-70.58666,-33.46162],[-70.58683,-33.46224]]]},"properties":{"id":"13120051002036","cut":13120,"comuna":"ÑUÑOA","pob":19,"hom":10,"muj":9,"viv":15,"hog":6}},{"type":"Feature","geometry":{"type":"Polygon","coordinates":[[[-70.57628,-33.46184],[-70.57636,-33.46222],[-70.5767,-33.46217],[-70.57636,-33.46225],[-70.57648,-33.46259],[-70.57683,-33.46254],[-70.57648,-33.46262],[-70.57655,-33.46282],[-70.57691,-33.46276],[-70.57656,-33.46285],[-70.57667,-33.46316],[-70.57739,-33.46301],[-70.57731,-33.46267],[-70.57696,-33.46272],[-70.5773,-33.46264],[-70.57724,-33.46245],[-70.57689,-33.4625],[-70.57723,-33.46242],[-70.57712,-33.46208],[-70.57676,-33.46213],[-70.57711,-33.46205],[-70.577,-33.4617],[-70.57628,-33.46184]]]},"properties":{"id":"13120041005006","cut":13120,"comuna":"ÑUÑOA","pob":163,"hom":71,"muj":92,"viv":55,"hog":57}},{"type":"Feature","geometry":{"type":"Polygon","coordinates":[[[-70.5791,-33.46178],[-70.5792,-33.46223],[-70.58006,-33.46207],[-70.57996,-33.46165],[-70.5791,-33.46178]]]},"properties":{"id":"13120041005022","cut":13120,"comuna":"ÑUÑOA","pob":43,"hom":18,"muj":25,"viv":14,"hog":14}},{"type":"Feature","geometry":{"type":"Polygon","coordinates":[[[-70.60633,-33.46212],[-70.60698,-33.46207],[-70.60687,-33.46134],[-70.60617,-33.46141],[-70.60633,-33.46212]]]},"properties":{"id":"13120101007018","cut":13120,"comuna":"ÑUÑOA","pob":108,"hom":50,"muj":58,"viv":39,"hog":38}},{"type":"Feature","geometry":{"type":"Polygon","coordinates":[[[-70.58435,-33.46172],[-70.58465,-33.46283],[-70.58488,-33.4628],[-70.58471,-33.46166],[-70.58435,-33.46172]]]},"properties":{"id":"13120041003024","cut":13120,"comuna":"ÑUÑOA","pob":92,"hom":39,"muj":53,"viv":30,"hog":29}},{"type":"Feature","geometry":{"type":"Polygon","coordinates":[[[-70.60362,-33.46162],[-70.60373,-33.46221],[-70.60407,-33.46278],[-70.6051,-33.46234],[-70.60611,-33.46209],[-70.60606,-33.46174],[-70.60552,-33.4618],[-70.60606,-33.46171],[-70.60596,-33.46141],[-70.60362,-33.46162]]]},"properties":{"id":"13120071004001","cut":13120,"comuna":"ÑUÑOA","pob":509,"hom":238,"muj":271,"viv":217,"hog":202}},{"type":"Feature","geometry":{"type":"Polygon","coordinates":[[[-70.57885,-33.46264],[-70.57926,-33.46258],[-70.57907,-33.46179],[-70.57868,-33.46186],[-70.57885,-33.46264]]]},"properties":{"id":"13120041005020","cut":13120,"comuna":"ÑUÑOA","pob":34,"hom":14,"muj":20,"viv":13,"hog":12}},{"type":"Feature","geometry":{"type":"Polygon","coordinates":[[[-70.58312,-33.46197],[-70.58322,-33.46234],[-70.58444,-33.46213],[-70.58432,-33.46173],[-70.58312,-33.46197]]]},"properties":{"id":"13120041003022","cut":13120,"comuna":"ÑUÑOA","pob":70,"hom":28,"muj":42,"viv":19,"hog":19}},{"type":"Feature","geometry":{"type":"Polygon","coordinates":[[[-70.58963,-33.46242],[-70.59004,-33.46245],[-70.58994,-33.46172],[-70.5895,-33.46173],[-70.58963,-33.46242]]]},"properties":{"id":"13120051002019","cut":13120,"comuna":"ÑUÑOA","pob":20,"hom":10,"muj":10,"viv":7,"hog":5}},{"type":"Feature","geometry":{"type":"Polygon","coordinates":[[[-70.57618,-33.46191],[-70.57415,-33.4624],[-70.5747,-33.46393],[-70.57756,-33.46344],[-70.57742,-33.46307],[-70.57633,-33.4633],[-70.5766,-33.4632],[-70.57649,-33.46286],[-70.5762,-33.4629],[-70.57648,-33.46283],[-70.57641,-33.46264],[-70.57613,-33.46268],[-70.5764,-33.46261],[-70.57629,-33.46227],[-70.57601,-33.46232],[-70.57628,-33.46224],[-70.57618,-33.46191]]]},"properties":{"id":"13120041005007","cut":13120,"comuna":"ÑUÑOA","pob":148,"hom":63,"muj":85,"viv":51,"hog":49}},{"type":"Feature","geometry":{"type":"Polygon","coordinates":[[[-70.58169,-33.46193],[-70.58193,-33.46278],[-70.58251,-33.4627],[-70.58231,-33.46183],[-70.58169,-33.46193]]]},"properties":{"id":"13120041003014","cut":13120,"comuna":"ÑUÑOA","pob":50,"hom":23,"muj":27,"viv":17,"hog":17}},{"type":"Feature","geometry":{"type":"Polygon","coordinates":[[[-70.60134,-33.46211],[-70.60129,-33.46169],[-70.60086,-33.46171],[-70.60088,-33.46214],[-70.60083,-33.46171],[-70.60018,-33.46175],[-70.60019,-33.46211],[-70.60049,-33.46213],[-70.60019,-33.46214],[-70.6002,-33.46233],[-70.6012,-33.46232],[-70.6002,-33.46236],[-70.60022,-33.46268],[-70.60135,-33.46263],[-70.60137,-33.46275],[-70.60133,-33.46265],[-70.60022,-33.4627],[-70.60027,-33.46354],[-70.60136,-33.46349],[-70.60139,-33.46342],[-70.6014,-33.46355],[-70.60027,-33.46356],[-70.60033,-33.46443],[-70.60107,-33.46433],[-70.60279,-33.46354],[-70.60245,-33.46286],[-70.60175,-33.46287],[-70.60238,-33.46282],[-70.60239,-33.46263],[-70.60281,-33.46258],[-70.60283,-33.46276],[-70.60256,-33.46291],[-70.60292,-33.46346],[-70.60398,-33.46283],[-70.6037,-33.46233],[-70.60349,-33.46158],[-70.60132,-33.46169],[-70.60134,-33.46211]]]},"properties":{"id":"13120071004002","cut":13120,"comuna":"ÑUÑOA","pob":1954,"hom":891,"muj":1063,"viv":792,"hog":762}},{"type":"Feature","geometry":{"type":"Polygon","coordinates":[[[-70.58166,-33.46194],[-70.5809,-33.46202],[-70.58098,-33.4625],[-70.58177,-33.46233],[-70.58166,-33.46194]]]},"properties":{"id":"13120041003015","cut":13120,"comuna":"ÑUÑOA","pob":43,"hom":20,"muj":23,"viv":13,"hog":13}},{"type":"Feature","geometry":{"type":"Polygon","coordinates":[[[-70.59823,-33.46187],[-70.59825,-33.46237],[-70.5989,-33.46235],[-70.59825,-33.4624],[-70.59827,-33.46271],[-70.59916,-33.46267],[-70.59827,-33.46274],[-70.59835,-33.46398],[-70.59905,-33.46398],[-70.59836,-33.46401],[-70.59838,-33.46442],[-70.60021,-33.46442],[-70.60018,-33.46346],[-70.59941,-33.46346],[-70.60018,-33.46343],[-70.60016,-33.46312],[-70.59942,-33.46311],[-70.60016,-33.46309],[-70.60009,-33.46175],[-70.59823,-33.46187]]]},"properties":{"id":"13120071004003","cut":13120,"comuna":"ÑUÑOA","pob":565,"hom":248,"muj":317,"viv":408,"hog":227}},{"type":"Feature","geometry":{"type":"Polygon","coordinates":[[[-70.61842,-33.46159],[-70.61846,-33.46231],[-70.6201,-33.46218],[-70.62003,-33.46148],[-70.61842,-33.46159]]]},"properties":{"id":"13120091002003","cut":13120,"comuna":"ÑUÑOA","pob":235,"hom":110,"muj":125,"viv":98,"hog":92}},{"type":"Feature","geometry":{"type":"Polygon","coordinates":[[[-70.5825,-33.46207],[-70.58268,-33.46271],[-70.58324,-33.4626],[-70.58309,-33.46197],[-70.5825,-33.46207]]]},"properties":{"id":"13120041003020","cut":13120,"comuna":"ÑUÑOA","pob":35,"hom":17,"muj":18,"viv":12,"hog":13}},{"type":"Feature","geometry":{"type":"Polygon","coordinates":[[[-70.58012,-33.46219],[-70.58023,-33.46266],[-70.58086,-33.46255],[-70.58079,-33.46203],[-70.58012,-33.46219]]]},"properties":{"id":"13120041005025","cut":13120,"comuna":"ÑUÑOA","pob":30,"hom":14,"muj":16,"viv":8,"hog":8}},{"type":"Feature","geometry":{"type":"Polygon","coordinates":[[[-70.57826,-33.46271],[-70.5788,-33.46258],[-70.57869,-33.46209],[-70.5781,-33.46218],[-70.57826,-33.46271]]]},"properties":{"id":"13120041005019","cut":13120,"comuna":"ÑUÑOA","pob":39,"hom":19,"muj":20,"viv":11,"hog":11}},{"type":"Feature","geometry":{"type":"Polygon","coordinates":[[[-70.61747,-33.46228],[-70.61735,-33.46167],[-70.61651,-33.46172],[-70.61656,-33.46235],[-70.61649,-33.46235],[-70.61642,-33.46172],[-70.61513,-33.46183],[-70.61523,-33.4626],[-70.61555,-33.46258],[-70.61547,-33.46186],[-70.6156,-33.46258],[-70.61838,-33.4624],[-70.61836,-33.4616],[-70.61744,-33.46166],[-70.61747,-33.46228]]]},"properties":{"id":"13120091003001","cut":13120,"comuna":"ÑUÑOA","pob":878,"hom":412,"muj":466,"viv":344,"hog":325}},{"type":"Feature","geometry":{"type":"Polygon","coordinates":[[[-70.59008,-33.46245],[-70.59059,-33.46248],[-70.59053,-33.46201],[-70.59003,-33.46205],[-70.59008,-33.46245]]]},"properties":{"id":"13120051002021","cut":13120,"comuna":"ÑUÑOA","pob":14,"hom":5,"muj":9,"viv":7,"hog":5}},{"type":"Feature","geometry":{"type":"Polygon","coordinates":[[[-70.57982,-33.46288],[-70.58024,-33.46286],[-70.58009,-33.4622],[-70.57967,-33.46227],[-70.57982,-33.46288]]]},"properties":{"id":"13120041005026","cut":13120,"comuna":"ÑUÑOA","pob":42,"hom":16,"muj":26,"viv":12,"hog":11}},{"type":"Feature","geometry":{"type":"Polygon","coordinates":[[[-70.58396,-33.46292],[-70.58461,-33.46284],[-70.58444,-33.46216],[-70.58385,-33.46226],[-70.58396,-33.46292]]]},"properties":{"id":"13120041003023","cut":13120,"comuna":"ÑUÑOA","pob":34,"hom":14,"muj":20,"viv":12,"hog":12}},{"type":"Feature","geometry":{"type":"Polygon","coordinates":[[[-70.58502,-33.46221],[-70.58505,-33.46264],[-70.58533,-33.46263],[-70.58506,-33.46267],[-70.58512,-33.46301],[-70.58578,-33.46292],[-70.58561,-33.46223],[-70.58502,-33.46221]]]},"properties":{"id":"13120051002047","cut":13120,"comuna":"ÑUÑOA","pob":61,"hom":26,"muj":35,"viv":19,"hog":15}},{"type":"Feature","geometry":{"type":"Polygon","coordinates":[[[-70.58564,-33.46223],[-70.58591,-33.46328],[-70.58644,-33.46318],[-70.58618,-33.46227],[-70.58564,-33.46223]]]},"properties":{"id":"13120051002046","cut":13120,"comuna":"ÑUÑOA","pob":39,"hom":19,"muj":20,"viv":17,"hog":12}},{"type":"Feature","geometry":{"type":"Polygon","coordinates":[[[-70.5863,-33.46231],[-70.58651,-33.46316],[-70.587,-33.46308],[-70.58681,-33.4623],[-70.5863,-33.46231]]]},"properties":{"id":"13120051002045","cut":13120,"comuna":"ÑUÑOA","pob":42,"hom":20,"muj":22,"viv":12,"hog":12}},{"type":"Feature","geometry":{"type":"Polygon","coordinates":[[[-70.58684,-33.46231],[-70.58713,-33.46345],[-70.58771,-33.46335],[-70.58744,-33.46234],[-70.58684,-33.46231]]]},"properties":{"id":"13120051002044","cut":13120,"comuna":"ÑUÑOA","pob":43,"hom":18,"muj":25,"viv":23,"hog":15}},{"type":"Feature","geometry":{"type":"Polygon","coordinates":[[[-70.58758,-33.46243],[-70.58775,-33.46314],[-70.5881,-33.46309],[-70.58776,-33.46317],[-70.58784,-33.46348],[-70.58823,-33.46342],[-70.5883,-33.46365],[-70.58822,-33.46345],[-70.58785,-33.46351],[-70.58796,-33.46395],[-70.58977,-33.46405],[-70.58965,-33.46336],[-70.58927,-33.46352],[-70.58901,-33.46354],[-70.58898,-33.4635],[-70.58926,-33.46349],[-70.58959,-33.46334],[-70.58956,-33.46311],[-70.58888,-33.46318],[-70.58956,-33.46308],[-70.5896,-33.46276],[-70.58892,-33.46281],[-70.58959,-33.46273],[-70.58945,-33.46257],[-70.58916,-33.46244],[-70.58824,-33.46238],[-70.58818,-33.46274],[-70.5882,-33.46238],[-70.58765,-33.46235],[-70.58758,-33.46243]]]},"properties":{"id":"13120051002038","cut":13120,"comuna":"ÑUÑOA","pob":191,"hom":82,"muj":109,"viv":65,"hog":65}},{"type":"Feature","geometry":{"type":"Polygon","coordinates":[[[-70.57886,-33.46268],[-70.57895,-33.46306],[-70.5798,-33.46293],[-70.57969,-33.46254],[-70.57886,-33.46268]]]},"properties":{"id":"13120041005027","cut":13120,"comuna":"ÑUÑOA","pob":48,"hom":25,"muj":23,"viv":12,"hog":14}},{"type":"Feature","geometry":{"type":"Polygon","coordinates":[[[-70.58154,-33.46255],[-70.58098,-33.46261],[-70.5811,-33.4633],[-70.58177,-33.46321],[-70.58154,-33.46255]]]},"properties":{"id":"13120041003017","cut":13120,"comuna":"ÑUÑOA","pob":36,"hom":19,"muj":17,"viv":12,"hog":12}},{"type":"Feature","geometry":{"type":"Polygon","coordinates":[[[-70.58964,-33.46245],[-70.5897,-33.46292],[-70.58983,-33.46304],[-70.59018,-33.46303],[-70.59018,-33.46285],[-70.59021,-33.46303],[-70.59063,-33.46296],[-70.5906,-33.46251],[-70.58964,-33.46245]]]},"properties":{"id":"13120051002039","cut":13120,"comuna":"ÑUÑOA","pob":50,"hom":23,"muj":27,"viv":16,"hog":18}},{"type":"Feature","geometry":{"type":"Polygon","coordinates":[[[-70.58051,-33.46338],[-70.58096,-33.46332],[-70.58086,-33.46257],[-70.58035,-33.46267],[-70.58051,-33.46338]]]},"properties":{"id":"13120041005030","cut":13120,"comuna":"ÑUÑOA","pob":39,"hom":18,"muj":21,"viv":11,"hog":11}},{"type":"Feature","geometry":{"type":"Polygon","coordinates":[[[-70.58268,-33.46274],[-70.58276,-33.46308],[-70.58387,-33.4629],[-70.58371,-33.46254],[-70.58268,-33.46274]]]},"properties":{"id":"13120041003019","cut":13120,"comuna":"ÑUÑOA","pob":47,"hom":17,"muj":30,"viv":15,"hog":16}},{"type":"Feature","geometry":{"type":"Polygon","coordinates":[[[-70.57825,-33.4628],[-70.57837,-33.46327],[-70.57892,-33.46317],[-70.57882,-33.46268],[-70.57825,-33.4628]]]},"properties":{"id":"13120041005018","cut":13120,"comuna":"ÑUÑOA","pob":27,"hom":12,"muj":15,"viv":8,"hog":6}},{"type":"Feature","geometry":{"type":"Polygon","coordinates":[[[-70.61957,-33.46313],[-70.61859,-33.46307],[-70.61862,-33.46396],[-70.62077,-33.46429],[-70.62106,-33.46262],[-70.62101,-33.46221],[-70.62018,-33.46227],[-70.62022,-33.46301],[-70.61957,-33.46313]]]},"properties":{"id":"13120091002005","cut":13120,"comuna":"ÑUÑOA","pob":414,"hom":198,"muj":216,"viv":173,"hog":174}},{"type":"Feature","geometry":{"type":"Polygon","coordinates":[[[-70.61847,-33.46234],[-70.61858,-33.46304],[-70.62014,-33.46294],[-70.6201,-33.46221],[-70.61847,-33.46234]]]},"properties":{"id":"13120091002004","cut":13120,"comuna":"ÑUÑOA","pob":445,"hom":208,"muj":237,"viv":175,"hog":171}},{"type":"Feature","geometry":{"type":"Polygon","coordinates":[[[-70.60537,-33.46303],[-70.60623,-33.46302],[-70.60608,-33.46241],[-70.60538,-33.46252],[-70.60537,-33.46303]]]},"properties":{"id":"13120071005001","cut":13120,"comuna":"ÑUÑOA","pob":31,"hom":14,"muj":17,"viv":10,"hog":9}},{"type":"Feature","geometry":{"type":"Polygon","coordinates":[[[-70.58171,-33.46285],[-70.5818,-33.4632],[-70.58261,-33.4631],[-70.58252,-33.46273],[-70.58171,-33.46285]]]},"properties":{"id":"13120041003018","cut":13120,"comuna":"ÑUÑOA","pob":53,"hom":28,"muj":25,"viv":14,"hog":14}},{"type":"Feature","geometry":{"type":"Polygon","coordinates":[[[-70.60392,-33.46325],[-70.60446,-33.46387],[-70.6045,-33.4645],[-70.60519,-33.46452],[-70.60499,-33.46455],[-70.60498,-33.46481],[-70.60518,-33.46486],[-70.60449,-33.46478],[-70.60449,-33.46523],[-70.60533,-33.46533],[-70.60548,-33.4646],[-70.60548,-33.46472],[-70.60656,-33.46484],[-70.60624,-33.46304],[-70.60569,-33.4631],[-70.60562,-33.46353],[-70.60574,-33.46357],[-70.60528,-33.4635],[-70.60535,-33.46253],[-70.60465,-33.4628],[-70.60392,-33.46325]]]},"properties":{"id":"13120071005003","cut":13120,"comuna":"ÑUÑOA","pob":662,"hom":299,"muj":363,"viv":280,"hog":253}},{"type":"Feature","geometry":{"type":"Polygon","coordinates":[[[-70.58437,-33.46293],[-70.58494,-33.46594],[-70.58547,-33.46571],[-70.58491,-33.46286],[-70.58437,-33.46293]]]},"properties":{"id":"13120041003025","cut":13120,"comuna":"ÑUÑOA","pob":451,"hom":204,"muj":247,"viv":175,"hog":169}},{"type":"Feature","geometry":{"type":"Polygon","coordinates":[[[-70.61524,-33.46265],[-70.61508,-33.46549],[-70.61824,-33.46592],[-70.61841,-33.4651],[-70.61765,-33.46503],[-70.61791,-33.46503],[-70.61803,-33.46446],[-70.61798,-33.46401],[-70.61783,-33.46403],[-70.61791,-33.46367],[-70.61788,-33.46398],[-70.61828,-33.46391],[-70.61801,-33.46401],[-70.61806,-33.46446],[-70.61794,-33.46503],[-70.61841,-33.46508],[-70.61863,-33.46369],[-70.61855,-33.46305],[-70.6185,-33.46279],[-70.61771,-33.46284],[-70.61849,-33.46276],[-70.61844,-33.46245],[-70.61524,-33.46265]]]},"properties":{"id":"13120091003002","cut":13120,"comuna":"ÑUÑOA","pob":654,"hom":297,"muj":357,"viv":269,"hog":256}},{"type":"Feature","geometry":{"type":"Polygon","coordinates":[[[-70.57917,-33.46306],[-70.57928,-33.46355],[-70.57988,-33.46345],[-70.5797,-33.46298],[-70.57917,-33.46306]]]},"properties":{"id":"13120041005028","cut":13120,"comuna":"ÑUÑOA","pob":31,"hom":16,"muj":15,"viv":8,"hog":8}},{"type":"Feature","geometry":{"type":"Polygon","coordinates":[[[-70.58278,-33.46314],[-70.58287,-33.46358],[-70.58441,-33.46337],[-70.58434,-33.46294],[-70.58278,-33.46314]]]},"properties":{"id":"13120041003026","cut":13120,"comuna":"ÑUÑOA","pob":87,"hom":40,"muj":47,"viv":31,"hog":29}},{"type":"Feature","geometry":{"type":"Polygon","coordinates":[[[-70.58512,-33.46304],[-70.58519,-33.4634],[-70.58549,-33.46336],[-70.5852,-33.46343],[-70.58525,-33.46371],[-70.58595,-33.46359],[-70.58579,-33.46295],[-70.58512,-33.46304]]]},"properties":{"id":"13120051002048","cut":13120,"comuna":"ÑUÑOA","pob":48,"hom":24,"muj":24,"viv":16,"hog":13}},{"type":"Feature","geometry":{"type":"Polygon","coordinates":[[[-70.59169,-33.46457],[-70.59174,-33.46494],[-70.59254,-33.46484],[-70.5925,-33.46461],[-70.59216,-33.46464],[-70.59236,-33.46459],[-70.59234,-33.46444],[-70.59245,-33.46443],[-70.59224,-33.46291],[-70.59156,-33.46298],[-70.59176,-33.46456],[-70.59169,-33.46457]]]},"properties":{"id":"13120051003006","cut":13120,"comuna":"ÑUÑOA","pob":120,"hom":60,"muj":60,"viv":42,"hog":40}},{"type":"Feature","geometry":{"type":"Polygon","coordinates":[[[-70.59076,-33.46308],[-70.59098,-33.46464],[-70.59154,-33.46456],[-70.59152,-33.46445],[-70.59168,-33.46444],[-70.59148,-33.46299],[-70.59076,-33.46308]]]},"properties":{"id":"13120051003009","cut":13120,"comuna":"ÑUÑOA","pob":105,"hom":51,"muj":54,"viv":31,"hog":30}},{"type":"Feature","geometry":{"type":"Polygon","coordinates":[[[-70.57847,-33.46365],[-70.57925,-33.46355],[-70.57915,-33.46317],[-70.57838,-33.4633],[-70.57847,-33.46365]]]},"properties":{"id":"13120041005017","cut":13120,"comuna":"ÑUÑOA","pob":42,"hom":17,"muj":25,"viv":12,"hog":12}},{"type":"Feature","geometry":{"type":"Polygon","coordinates":[[[-70.59021,-33.46308],[-70.59031,-33.46386],[-70.59079,-33.46381],[-70.59068,-33.46305],[-70.59021,-33.46308]]]},"properties":{"id":"13120051002040","cut":13120,"comuna":"ÑUÑOA","pob":46,"hom":20,"muj":26,"viv":15,"hog":15}},{"type":"Feature","geometry":{"type":"Polygon","coordinates":[[[-70.59314,-33.46309],[-70.59325,-33.46475],[-70.59419,-33.4646],[-70.59408,-33.46301],[-70.59314,-33.46309]]]},"properties":{"id":"13120051003004","cut":13120,"comuna":"ÑUÑOA","pob":283,"hom":129,"muj":154,"viv":108,"hog":100}},{"type":"Feature","geometry":{"type":"Polygon","coordinates":[[[-70.58651,-33.46319],[-70.58669,-33.46391],[-70.58721,-33.4639],[-70.58701,-33.46311],[-70.58651,-33.46319]]]},"properties":{"id":"13120051002051","cut":13120,"comuna":"ÑUÑOA","pob":27,"hom":15,"muj":12,"viv":14,"hog":9}},{"type":"Feature","geometry":{"type":"Polygon","coordinates":[[[-70.58109,-33.46342],[-70.58116,-33.4638],[-70.5827,-33.4636],[-70.58262,-33.46317],[-70.58109,-33.46342]]]},"properties":{"id":"13120041003028","cut":13120,"comuna":"ÑUÑOA","pob":74,"hom":37,"muj":37,"viv":29,"hog":28}},{"type":"Feature","geometry":{"type":"Polygon","coordinates":[[[-70.58974,-33.46318],[-70.58984,-33.46391],[-70.59028,-33.46386],[-70.59018,-33.46308],[-70.58974,-33.46318]]]},"properties":{"id":"13120051002041","cut":13120,"comuna":"ÑUÑOA","pob":40,"hom":20,"muj":20,"viv":14,"hog":12}},{"type":"Feature","geometry":{"type":"Polygon","coordinates":[[[-70.58607,-33.46391],[-70.58663,-33.46394],[-70.58645,-33.4632],[-70.58591,-33.4633],[-70.58607,-33.46391]]]},"properties":{"id":"13120051002050","cut":13120,"comuna":"ÑUÑOA","pob":30,"hom":18,"muj":12,"viv":11,"hog":11}},{"type":"Feature","geometry":{"type":"Polygon","coordinates":[[[-70.57784,-33.46346],[-70.57801,-33.46441],[-70.57851,-33.46435],[-70.57832,-33.46339],[-70.57784,-33.46346]]]},"properties":{"id":"13120041005016","cut":13120,"comuna":"ÑUÑOA","pob":59,"hom":26,"muj":33,"viv":22,"hog":21}},{"type":"Feature","geometry":{"type":"Polygon","coordinates":[[[-70.60531,-33.46348],[-70.60559,-33.46352],[-70.60566,-33.4631],[-70.60537,-33.46306],[-70.60531,-33.46348]]]},"properties":{"id":"13120071005002","cut":13120,"comuna":"ÑUÑOA","pob":23,"hom":11,"muj":12,"viv":8,"hog":7}},{"type":"Feature","geometry":{"type":"Polygon","coordinates":[[[-70.58045,-33.46345],[-70.58066,-33.46461],[-70.58119,-33.46453],[-70.58098,-33.46339],[-70.58045,-33.46345]]]},"properties":{"id":"13120041005031","cut":13120,"comuna":"ÑUÑOA","pob":76,"hom":31,"muj":45,"viv":25,"hog":24}},{"type":"Feature","geometry":{"type":"Polygon","coordinates":[[[-70.57621,-33.46374],[-70.5763,-33.46417],[-70.57786,-33.46396],[-70.57775,-33.46348],[-70.57621,-33.46374]]]},"properties":{"id":"13120041005011","cut":13120,"comuna":"ÑUÑOA","pob":80,"hom":38,"muj":42,"viv":25,"hog":28}},{"type":"Feature","geometry":{"type":"Polygon","coordinates":[[[-70.58009,-33.46467],[-70.58063,-33.46461],[-70.58041,-33.46345],[-70.57988,-33.46351],[-70.58009,-33.46467]]]},"properties":{"id":"13120041005032","cut":13120,"comuna":"ÑUÑOA","pob":70,"hom":32,"muj":38,"viv":24,"hog":22}},{"type":"Feature","geometry":{"type":"Polygon","coordinates":[[[-70.5839,-33.46347],[-70.58413,-33.46468],[-70.58465,-33.46461],[-70.58442,-33.4634],[-70.5839,-33.46347]]]},"properties":{"id":"13120041003036","cut":13120,"comuna":"ÑUÑOA","pob":73,"hom":30,"muj":43,"viv":25,"hog":25}},{"type":"Feature","geometry":{"type":"Polygon","coordinates":[[[-70.57851,-33.4637],[-70.57854,-33.46415],[-70.57993,-33.46398],[-70.57985,-33.46352],[-70.57851,-33.4637]]]},"properties":{"id":"13120041005034","cut":13120,"comuna":"ÑUÑOA","pob":74,"hom":36,"muj":38,"viv":24,"hog":24}},{"type":"Feature","geometry":{"type":"Polygon","coordinates":[[[-70.58273,-33.46363],[-70.58281,-33.46405],[-70.58394,-33.4639],[-70.58387,-33.46347],[-70.58273,-33.46363]]]},"properties":{"id":"13120041003033","cut":13120,"comuna":"ÑUÑOA","pob":52,"hom":24,"muj":28,"viv":18,"hog":15}},{"type":"Feature","geometry":{"type":"Polygon","coordinates":[[[-70.60346,-33.46352],[-70.6038,-33.46443],[-70.60439,-33.46427],[-70.60439,-33.46389],[-70.60388,-33.46332],[-70.60346,-33.46352]]]},"properties":{"id":"13120071005007","cut":13120,"comuna":"ÑUÑOA","pob":166,"hom":63,"muj":103,"viv":81,"hog":74}},{"type":"Feature","geometry":{"type":"Polygon","coordinates":[[[-70.58525,-33.46374],[-70.5853,-33.46398],[-70.58601,-33.46391],[-70.58595,-33.46362],[-70.58525,-33.46374]]]},"properties":{"id":"13120051002049","cut":13120,"comuna":"ÑUÑOA","pob":22,"hom":10,"muj":12,"viv":7,"hog":7}},{"type":"Feature","geometry":{"type":"Polygon","coordinates":[[[-70.57565,-33.46384],[-70.57582,-33.46472],[-70.57634,-33.46465],[-70.57618,-33.46374],[-70.57565,-33.46384]]]},"properties":{"id":"13120041005010","cut":13120,"comuna":"ÑUÑOA","pob":48,"hom":20,"muj":28,"viv":17,"hog":16}},{"type":"Feature","geometry":{"type":"Polygon","coordinates":[[[-70.57462,-33.46404],[-70.57527,-33.46555],[-70.57559,-33.46548],[-70.57568,-33.46577],[-70.57555,-33.46552],[-70.57528,-33.46557],[-70.57544,-33.46594],[-70.57599,-33.46582],[-70.57562,-33.46384],[-70.57462,-33.46404]]]},"properties":{"id":"13120041005008","cut":13120,"comuna":"ÑUÑOA","pob":337,"hom":149,"muj":188,"viv":145,"hog":131}},{"type":"Feature","geometry":{"type":"Polygon","coordinates":[[[-70.58117,-33.46383],[-70.58139,-33.46503],[-70.58192,-33.46498],[-70.58169,-33.46377],[-70.58117,-33.46383]]]},"properties":{"id":"13120041003029","cut":13120,"comuna":"ÑUÑOA","pob":71,"hom":31,"muj":40,"viv":29,"hog":29}},{"type":"Feature","geometry":{"type":"Polygon","coordinates":[[[-70.60314,-33.46372],[-70.60335,-33.46454],[-70.60377,-33.46444],[-70.60343,-33.46354],[-70.60314,-33.46372]]]},"properties":{"id":"13120071005008","cut":13120,"comuna":"ÑUÑOA","pob":70,"hom":34,"muj":36,"viv":32,"hog":31}},{"type":"Feature","geometry":{"type":"Polygon","coordinates":[[[-70.58177,-33.46401],[-70.58185,-33.46444],[-70.58281,-33.46431],[-70.58273,-33.46389],[-70.58177,-33.46401]]]},"properties":{"id":"13120041003031","cut":13120,"comuna":"ÑUÑOA","pob":60,"hom":26,"muj":34,"viv":17,"hog":16}},{"type":"Feature","geometry":{"type":"Polygon","coordinates":[[[-70.5763,-33.46419],[-70.57637,-33.46464],[-70.57795,-33.46442],[-70.57787,-33.46399],[-70.5763,-33.46419]]]},"properties":{"id":"13120041005012","cut":13120,"comuna":"ÑUÑOA","pob":91,"hom":45,"muj":46,"viv":24,"hog":24}},{"type":"Feature","geometry":{"type":"Polygon","coordinates":[[[-70.59034,-33.46408],[-70.59028,-33.46389],[-70.58984,-33.46394],[-70.59002,-33.46515],[-70.59095,-33.465],[-70.5909,-33.46468],[-70.59023,-33.46474],[-70.59022,-33.46466],[-70.59089,-33.46461],[-70.5908,-33.46384],[-70.59032,-33.46389],[-70.59034,-33.46408]]]},"properties":{"id":"13120051002042","cut":13120,"comuna":"ÑUÑOA","pob":110,"hom":51,"muj":59,"viv":40,"hog":38}},{"type":"Feature","geometry":{"type":"Polygon","coordinates":[[[-70.58282,-33.46407],[-70.5829,-33.46452],[-70.58403,-33.46438],[-70.58395,-33.46393],[-70.58282,-33.46407]]]},"properties":{"id":"13120041003034","cut":13120,"comuna":"ÑUÑOA","pob":49,"hom":26,"muj":23,"viv":16,"hog":16}},{"type":"Feature","geometry":{"type":"Polygon","coordinates":[[[-70.58663,-33.46396],[-70.5853,-33.464],[-70.58539,-33.46433],[-70.58672,-33.46441],[-70.58663,-33.46396]]]},"properties":{"id":"13120051002054","cut":13120,"comuna":"ÑUÑOA","pob":41,"hom":21,"muj":20,"viv":16,"hog":14}},{"type":"Feature","geometry":{"type":"Polygon","coordinates":[[[-70.57911,-33.46411],[-70.57931,-33.46529],[-70.57986,-33.46522],[-70.57963,-33.46404],[-70.57911,-33.46411]]]},"properties":{"id":"13120041005036","cut":13120,"comuna":"ÑUÑOA","pob":66,"hom":26,"muj":40,"viv":25,"hog":26}},{"type":"Feature","geometry":{"type":"Polygon","coordinates":[[[-70.5788,-33.46535],[-70.57928,-33.46529],[-70.57908,-33.46411],[-70.57855,-33.46418],[-70.5788,-33.46535]]]},"properties":{"id":"13120041005035","cut":13120,"comuna":"ÑUÑOA","pob":62,"hom":26,"muj":36,"viv":20,"hog":28}},{"type":"Feature","geometry":{"type":"Polygon","coordinates":[[[-70.58798,-33.46405],[-70.58825,-33.46518],[-70.58986,-33.46487],[-70.58978,-33.46408],[-70.58798,-33.46405]]]},"properties":{"id":"13120051002043","cut":13120,"comuna":"ÑUÑOA","pob":35,"hom":15,"muj":20,"viv":10,"hog":11}},{"type":"Feature","geometry":{"type":"Polygon","coordinates":[[[-70.62252,-33.46445],[-70.62271,-33.46379],[-70.62104,-33.46359],[-70.62091,-33.46424],[-70.62252,-33.46445]]]},"properties":{"id":"13120091002006","cut":13120,"comuna":"ÑUÑOA","pob":453,"hom":217,"muj":236,"viv":175,"hog":170}},{"type":"Feature","geometry":{"type":"Polygon","coordinates":[[[-70.57852,-33.46438],[-70.57693,-33.46459],[-70.57703,-33.46509],[-70.57861,-33.46489],[-70.57852,-33.46438]]]},"properties":{"id":"13120041005015","cut":13120,"comuna":"ÑUÑOA","pob":76,"hom":38,"muj":38,"viv":24,"hog":23}},{"type":"Feature","geometry":{"type":"Polygon","coordinates":[[[-70.58186,-33.46446],[-70.58196,-33.46497],[-70.58291,-33.46485],[-70.58281,-33.46434],[-70.58186,-33.46446]]]},"properties":{"id":"13120041003030","cut":13120,"comuna":"ÑUÑOA","pob":52,"hom":22,"muj":30,"viv":17,"hog":17}},{"type":"Feature","geometry":{"type":"Polygon","coordinates":[[[-70.58544,-33.46442],[-70.5855,-33.46501],[-70.58613,-33.46496],[-70.58618,-33.46512],[-70.58685,-33.46504],[-70.58672,-33.46449],[-70.58544,-33.46442]]]},"properties":{"id":"13120051002055","cut":13120,"comuna":"ÑUÑOA","pob":42,"hom":17,"muj":25,"viv":16,"hog":15}},{"type":"Feature","geometry":{"type":"Polygon","coordinates":[[[-70.61862,-33.46399],[-70.61849,-33.46495],[-70.62012,-33.46517],[-70.62033,-33.46423],[-70.61862,-33.46399]]]},"properties":{"id":"13120091003003","cut":13120,"comuna":"ÑUÑOA","pob":494,"hom":221,"muj":273,"viv":195,"hog":179}},{"type":"Feature","geometry":{"type":"Polygon","coordinates":[[[-70.57638,-33.46467],[-70.57657,-33.46565],[-70.57708,-33.46559],[-70.5769,-33.4646],[-70.57638,-33.46467]]]},"properties":{"id":"13120041005013","cut":13120,"comuna":"ÑUÑOA","pob":72,"hom":26,"muj":46,"viv":23,"hog":24}},{"type":"Feature","geometry":{"type":"Polygon","coordinates":[[[-70.5798,-33.46474],[-70.57989,-33.46521],[-70.58127,-33.465],[-70.5812,-33.46456],[-70.5798,-33.46474]]]},"properties":{"id":"13120041005037","cut":13120,"comuna":"ÑUÑOA","pob":83,"hom":37,"muj":46,"viv":24,"hog":26}},{"type":"Feature","geometry":{"type":"Polygon","coordinates":[[[-70.58797,-33.46449],[-70.58684,-33.46449],[-70.58688,-33.46504],[-70.58809,-33.46489],[-70.58797,-33.46449]]]},"properties":{"id":"13120051002056","cut":13120,"comuna":"ÑUÑOA","pob":36,"hom":15,"muj":21,"viv":14,"hog":13}},{"type":"Feature","geometry":{"type":"Polygon","coordinates":[[[-70.60365,-33.4645],[-70.60396,-33.46528],[-70.60435,-33.46522],[-70.60439,-33.4643],[-70.60365,-33.4645]]]},"properties":{"id":"13120071005006","cut":13120,"comuna":"ÑUÑOA","pob":129,"hom":57,"muj":72,"viv":66,"hog":59}},{"type":"Feature","geometry":{"type":"Polygon","coordinates":[[[-70.57603,-33.46615],[-70.57554,-33.46624],[-70.57547,-33.4661],[-70.5759,-33.46594],[-70.5754,-33.46599],[-70.57583,-33.46715],[-70.57676,-33.46708],[-70.57654,-33.46572],[-70.576,-33.46588],[-70.57603,-33.46615]]]},"properties":{"id":"13120041005046","cut":13120,"comuna":"ÑUÑOA","pob":296,"hom":123,"muj":173,"viv":113,"hog":109}},{"type":"Feature","geometry":{"type":"Polygon","coordinates":[[[-70.57583,-33.46475],[-70.57602,-33.46581],[-70.57654,-33.46566],[-70.57634,-33.46467],[-70.57583,-33.46475]]]},"properties":{"id":"13120041005009","cut":13120,"comuna":"ÑUÑOA","pob":59,"hom":26,"muj":33,"viv":20,"hog":19}},{"type":"Feature","geometry":{"type":"Polygon","coordinates":[[[-70.58307,-33.46485],[-70.58316,-33.46528],[-70.58474,-33.46508],[-70.58465,-33.46463],[-70.58307,-33.46485]]]},"properties":{"id":"13120041003037","cut":13120,"comuna":"ÑUÑOA","pob":81,"hom":36,"muj":45,"viv":30,"hog":29}},{"type":"Feature","geometry":{"type":"Polygon","coordinates":[[[-70.59109,-33.46502],[-70.59171,-33.46494],[-70.59165,-33.46457],[-70.59099,-33.46467],[-70.59109,-33.46502]]]},"properties":{"id":"13120051003010","cut":13120,"comuna":"ÑUÑOA","pob":38,"hom":13,"muj":25,"viv":12,"hog":12}},{"type":"Feature","geometry":{"type":"Polygon","coordinates":[[[-70.62011,-33.46557],[-70.6205,-33.46563],[-70.62077,-33.46432],[-70.62035,-33.46427],[-70.62011,-33.46557]]]},"properties":{"id":"13120091003004","cut":13120,"comuna":"ÑUÑOA","pob":54,"hom":24,"muj":30,"viv":24,"hog":21}},{"type":"Feature","geometry":{"type":"Polygon","coordinates":[[[-70.60038,-33.46471],[-70.60036,-33.46527],[-70.60136,-33.46525],[-70.60036,-33.46529],[-70.60037,-33.46548],[-70.60126,-33.46547],[-70.60037,-33.46551],[-70.60038,-33.46582],[-70.60129,-33.46579],[-70.60039,-33.46584],[-70.60042,-33.46625],[-70.60112,-33.46623],[-70.60115,-33.46617],[-70.60115,-33.46633],[-70.60112,-33.46626],[-70.60042,-33.46628],[-70.60043,-33.46646],[-70.60128,-33.46643],[-70.60043,-33.46648],[-70.60045,-33.46678],[-70.60116,-33.46676],[-70.60045,-33.46681],[-70.60046,-33.46715],[-70.60124,-33.46712],[-70.60046,-33.46717],[-70.60057,-33.46894],[-70.60656,-33.46862],[-70.60674,-33.46601],[-70.60665,-33.46555],[-70.6044,-33.4653],[-70.60144,-33.46561],[-70.60144,-33.46452],[-70.60038,-33.46471]]]},"properties":{"id":"13120071005011","cut":13120,"comuna":"ÑUÑOA","pob":661,"hom":301,"muj":360,"viv":274,"hog":260}},{"type":"Feature","geometry":{"type":"Polygon","coordinates":[[[-70.60344,-33.46533],[-70.60392,-33.46528],[-70.60362,-33.46451],[-70.60335,-33.46457],[-70.60344,-33.46533]]]},"properties":{"id":"13120071005009","cut":13120,"comuna":"ÑUÑOA","pob":68,"hom":32,"muj":36,"viv":34,"hog":32}},{"type":"Feature","geometry":{"type":"Polygon","coordinates":[[[-70.62252,-33.46451],[-70.62081,-33.46431],[-70.62062,-33.46519],[-70.62229,-33.46539],[-70.62252,-33.46451]]]},"properties":{"id":"13120091003005","cut":13120,"comuna":"ÑUÑOA","pob":484,"hom":231,"muj":253,"viv":196,"hog":179}},{"type":"Feature","geometry":{"type":"Polygon","coordinates":[[[-70.57703,-33.46512],[-70.57711,-33.46558],[-70.57868,-33.46534],[-70.57861,-33.46492],[-70.57703,-33.46512]]]},"properties":{"id":"13120041005014","cut":13120,"comuna":"ÑUÑOA","pob":75,"hom":33,"muj":42,"viv":25,"hog":24}},{"type":"Feature","geometry":{"type":"Polygon","coordinates":[[[-70.59847,-33.4648],[-70.59853,-33.46674],[-70.59906,-33.46672],[-70.59905,-33.46638],[-70.59909,-33.46672],[-70.59942,-33.46671],[-70.59944,-33.46635],[-70.59946,-33.46671],[-70.60034,-33.46668],[-70.60034,-33.46635],[-70.5998,-33.46635],[-70.59979,-33.46591],[-70.5999,-33.46591],[-70.59981,-33.46594],[-70.59983,-33.46633],[-70.60034,-33.46633],[-70.60027,-33.46509],[-70.59978,-33.46509],[-70.60027,-33.46507],[-70.60023,-33.46471],[-70.59847,-33.4648]]]},"properties":{"id":"13120071005012","cut":13120,"comuna":"ÑUÑOA","pob":294,"hom":141,"muj":153,"viv":108,"hog":103}},{"type":"Feature","geometry":{"type":"Polygon","coordinates":[[[-70.5881,-33.46492],[-70.58623,-33.46514],[-70.58632,-33.46561],[-70.5882,-33.46533],[-70.5881,-33.46492]]]},"properties":{"id":"13120051002057","cut":13120,"comuna":"ÑUÑOA","pob":35,"hom":14,"muj":21,"viv":18,"hog":13}},{"type":"Feature","geometry":{"type":"Polygon","coordinates":[[[-70.59439,-33.46688],[-70.59267,-33.46894],[-70.59268,-33.46904],[-70.59592,-33.47101],[-70.59664,-33.471],[-70.59665,-33.47054],[-70.59667,-33.471],[-70.59848,-33.47093],[-70.5985,-33.47067],[-70.59799,-33.47064],[-70.5985,-33.47063],[-70.59849,-33.47038],[-70.59803,-33.47039],[-70.598,-33.47048],[-70.598,-33.47039],[-70.5976,-33.47041],[-70.59757,-33.47049],[-70.59756,-33.47031],[-70.5976,-33.47038],[-70.598,-33.47037],[-70.598,-33.47029],[-70.59803,-33.47037],[-70.59849,-33.47035],[-70.59847,-33.47005],[-70.59746,-33.47007],[-70.59847,-33.47002],[-70.59846,-33.46972],[-70.59774,-33.46973],[-70.59845,-33.46969],[-70.59842,-33.46914],[-70.59727,-33.46917],[-70.59728,-33.46998],[-70.59724,-33.46917],[-70.59656,-33.4692],[-70.59655,-33.46911],[-70.59843,-33.46902],[-70.5983,-33.46685],[-70.59685,-33.46688],[-70.59689,-33.46786],[-70.59681,-33.46786],[-70.59677,-33.46689],[-70.59659,-33.46688],[-70.59658,-33.46682],[-70.59829,-33.46673],[-70.59815,-33.46483],[-70.59435,-33.46489],[-70.59439,-33.46688]]]},"properties":{"id":"13120061001001","cut":13120,"comuna":"ÑUÑOA","pob":1751,"hom":811,"muj":940,"viv":854,"hog":741}},{"type":"Feature","geometry":{"type":"Polygon","coordinates":[[[-70.5855,-33.46504],[-70.58565,-33.46568],[-70.58629,-33.46562],[-70.58612,-33.46498],[-70.5855,-33.46504]]]},"properties":{"id":"13120051002058","cut":13120,"comuna":"ÑUÑOA","pob":25,"hom":13,"muj":12,"viv":8,"hog":7}},{"type":"Feature","geometry":{"type":"Polygon","coordinates":[[[-70.60547,-33.46474],[-70.60536,-33.46534],[-70.60665,-33.46546],[-70.60656,-33.46487],[-70.60547,-33.46474]]]},"properties":{"id":"13120071005004","cut":13120,"comuna":"ÑUÑOA","pob":90,"hom":45,"muj":45,"viv":27,"hog":35}},{"type":"Feature","geometry":{"type":"Polygon","coordinates":[[[-70.59141,-33.46531],[-70.5917,-33.46654],[-70.59215,-33.46651],[-70.59171,-33.46658],[-70.59167,-33.46672],[-70.59107,-33.46682],[-70.59133,-33.46787],[-70.59205,-33.46781],[-70.59296,-33.46832],[-70.59367,-33.46751],[-70.59339,-33.46729],[-70.59332,-33.46702],[-70.59356,-33.46696],[-70.59358,-33.46703],[-70.59341,-33.46707],[-70.59344,-33.46722],[-70.59372,-33.46745],[-70.59419,-33.46685],[-70.59415,-33.4657],[-70.59313,-33.46581],[-70.59415,-33.46563],[-70.59411,-33.46493],[-70.59149,-33.46523],[-70.59141,-33.46531]]]},"properties":{"id":"13120061002001","cut":13120,"comuna":"ÑUÑOA","pob":1078,"hom":503,"muj":575,"viv":465,"hog":453}},{"type":"Feature","geometry":{"type":"Polygon","coordinates":[[[-70.58316,-33.46531],[-70.58324,-33.46576],[-70.58482,-33.46555],[-70.58474,-33.46511],[-70.58316,-33.46531]]]},"properties":{"id":"13120041003038","cut":13120,"comuna":"ÑUÑOA","pob":93,"hom":46,"muj":47,"viv":27,"hog":26}},{"type":"Feature","geometry":{"type":"Polygon","coordinates":[[[-70.57875,-33.46542],[-70.57888,-33.466],[-70.58025,-33.46581],[-70.58015,-33.46524],[-70.57875,-33.46542]]]},"properties":{"id":"13120041005039","cut":13120,"comuna":"ÑUÑOA","pob":87,"hom":45,"muj":42,"viv":24,"hog":24}},{"type":"Feature","geometry":{"type":"Polygon","coordinates":[[[-70.5884,-33.46584],[-70.58868,-33.46686],[-70.58999,-33.46664],[-70.58868,-33.46693],[-70.58896,-33.46803],[-70.58999,-33.46787],[-70.59,-33.46778],[-70.59025,-33.46774],[-70.59035,-33.46788],[-70.59123,-33.46773],[-70.59101,-33.46678],[-70.59166,-33.46666],[-70.59132,-33.46526],[-70.58843,-33.46561],[-70.5884,-33.46584]]]},"properties":{"id":"13120061002002","cut":13120,"comuna":"ÑUÑOA","pob":1017,"hom":453,"muj":564,"viv":414,"hog":375}},{"type":"Feature","geometry":{"type":"Polygon","coordinates":[[[-70.57821,-33.46549],[-70.57846,-33.46689],[-70.57899,-33.46681],[-70.57872,-33.46543],[-70.57821,-33.46549]]]},"properties":{"id":"13120041005043","cut":13120,"comuna":"ÑUÑOA","pob":79,"hom":34,"muj":45,"viv":24,"hog":24}},{"type":"Feature","geometry":{"type":"Polygon","coordinates":[[[-70.61992,-33.46614],[-70.62011,-33.4652],[-70.61849,-33.46498],[-70.61833,-33.46593],[-70.61992,-33.46614]]]},"properties":{"id":"13120091003008","cut":13120,"comuna":"ÑUÑOA","pob":496,"hom":228,"muj":268,"viv":190,"hog":179}},{"type":"Feature","geometry":{"type":"Polygon","coordinates":[[[-70.57803,-33.46561],[-70.57712,-33.46564],[-70.57719,-33.46602],[-70.57776,-33.46592],[-70.57777,-33.466],[-70.57721,-33.46609],[-70.57739,-33.46703],[-70.57843,-33.46689],[-70.57818,-33.4655],[-70.57803,-33.46561]]]},"properties":{"id":"13120041005044","cut":13120,"comuna":"ÑUÑOA","pob":391,"hom":189,"muj":202,"viv":169,"hog":157}},{"type":"Feature","geometry":{"type":"Polygon","coordinates":[[[-70.57657,-33.46571],[-70.57684,-33.46711],[-70.57736,-33.46704],[-70.57709,-33.46564],[-70.57657,-33.46571]]]},"properties":{"id":"13120041005045","cut":13120,"comuna":"ÑUÑOA","pob":64,"hom":32,"muj":32,"viv":24,"hog":25}},{"type":"Feature","geometry":{"type":"Polygon","coordinates":[[[-70.58483,-33.46558],[-70.58233,-33.4659],[-70.58235,-33.46621],[-70.58229,-33.46591],[-70.58157,-33.466],[-70.58179,-33.46704],[-70.582,-33.46701],[-70.58196,-33.4668],[-70.58251,-33.46672],[-70.58254,-33.46681],[-70.583,-33.46664],[-70.58297,-33.46644],[-70.58361,-33.46635],[-70.58363,-33.46641],[-70.58397,-33.46629],[-70.58393,-33.46608],[-70.58457,-33.466],[-70.58459,-33.46606],[-70.58491,-33.46595],[-70.58483,-33.46558]]]},"properties":{"id":"13120041003040","cut":13120,"comuna":"ÑUÑOA","pob":480,"hom":210,"muj":270,"viv":192,"hog":181}},{"type":"Feature","geometry":{"type":"Polygon","coordinates":[[[-70.58574,-33.46598],[-70.5862,-33.46806],[-70.58876,-33.46763],[-70.58825,-33.46565],[-70.58574,-33.46598]]]},"properties":{"id":"13120061005001","cut":13120,"comuna":"ÑUÑOA","pob":953,"hom":412,"muj":541,"viv":387,"hog":369}},{"type":"Feature","geometry":{"type":"Polygon","coordinates":[[[-70.62191,-33.4664],[-70.62203,-33.46634],[-70.62227,-33.46546],[-70.62061,-33.46524],[-70.62042,-33.46621],[-70.62191,-33.4664]]]},"properties":{"id":"13120091003006","cut":13120,"comuna":"ÑUÑOA","pob":532,"hom":264,"muj":268,"viv":192,"hog":191}},{"type":"Feature","geometry":{"type":"Polygon","coordinates":[[[-70.57888,-33.46602],[-70.57896,-33.46646],[-70.58034,-33.46628],[-70.58026,-33.46584],[-70.57888,-33.46602]]]},"properties":{"id":"13120041005040","cut":13120,"comuna":"ÑUÑOA","pob":71,"hom":35,"muj":36,"viv":24,"hog":25}},{"type":"Feature","geometry":{"type":"Polygon","coordinates":[[[-70.58504,-33.4664],[-70.58437,-33.46643],[-70.58396,-33.46659],[-70.58399,-33.46679],[-70.58332,-33.46688],[-70.58331,-33.46682],[-70.58302,-33.46692],[-70.58307,-33.46712],[-70.5824,-33.46715],[-70.58187,-33.46735],[-70.58187,-33.46798],[-70.58588,-33.46737],[-70.58556,-33.46603],[-70.585,-33.4662],[-70.58504,-33.4664]]]},"properties":{"id":"13120061003001","cut":13120,"comuna":"ÑUÑOA","pob":604,"hom":277,"muj":327,"viv":242,"hog":228}},{"type":"Feature","geometry":{"type":"Polygon","coordinates":[[[-70.62002,-33.46612],[-70.62039,-33.4662],[-70.6205,-33.46565],[-70.6201,-33.46559],[-70.62002,-33.46612]]]},"properties":{"id":"13120091003007","cut":13120,"comuna":"ÑUÑOA","pob":40,"hom":17,"muj":23,"viv":12,"hog":12}},{"type":"Feature","geometry":{"type":"Polygon","coordinates":[[[-70.61464,-33.4665],[-70.61509,-33.46668],[-70.61493,-33.46701],[-70.6154,-33.46705],[-70.61544,-33.46681],[-70.61526,-33.46672],[-70.61545,-33.4665],[-70.61555,-33.4658],[-70.61499,-33.46574],[-70.61464,-33.4665]]]},"properties":{"id":"13120081001007","cut":13120,"comuna":"ÑUÑOA","pob":114,"hom":52,"muj":62,"viv":47,"hog":48}},{"type":"Feature","geometry":{"type":"Polygon","coordinates":[[[-70.616,-33.46641],[-70.61613,-33.46587],[-70.61565,-33.46581],[-70.61554,-33.46634],[-70.616,-33.46641]]]},"properties":{"id":"13120081001006","cut":13120,"comuna":"ÑUÑOA","pob":44,"hom":16,"muj":28,"viv":16,"hog":18}},{"type":"Feature","geometry":{"type":"Polygon","coordinates":[[[-70.57983,-33.46638],[-70.57998,-33.46715],[-70.5805,-33.4671],[-70.58035,-33.46631],[-70.57983,-33.46638]]]},"properties":{"id":"13120041005041","cut":13120,"comuna":"ÑUÑOA","pob":48,"hom":20,"muj":28,"viv":16,"hog":16}},{"type":"Feature","geometry":{"type":"Polygon","coordinates":[[[-70.61648,-33.46646],[-70.61662,-33.46593],[-70.61617,-33.46587],[-70.61607,-33.46642],[-70.61648,-33.46646]]]},"properties":{"id":"13120081001005","cut":13120,"comuna":"ÑUÑOA","pob":59,"hom":26,"muj":33,"viv":16,"hog":17}},{"type":"Feature","geometry":{"type":"Polygon","coordinates":[[[-70.61702,-33.46653],[-70.61719,-33.466],[-70.61666,-33.46594],[-70.61657,-33.46647],[-70.61702,-33.46653]]]},"properties":{"id":"13120081001004","cut":13120,"comuna":"ÑUÑOA","pob":48,"hom":28,"muj":20,"viv":16,"hog":16}},{"type":"Feature","geometry":{"type":"Polygon","coordinates":[[[-70.61722,-33.466],[-70.61698,-33.46724],[-70.61824,-33.46723],[-70.61826,-33.46646],[-70.6179,-33.46642],[-70.61826,-33.46644],[-70.61827,-33.46615],[-70.61722,-33.466]]]},"properties":{"id":"13120081001003","cut":13120,"comuna":"ÑUÑOA","pob":306,"hom":137,"muj":169,"viv":124,"hog":115}},{"type":"Feature","geometry":{"type":"Polygon","coordinates":[[[-70.61842,-33.46615],[-70.61833,-33.46646],[-70.61956,-33.46662],[-70.61961,-33.46645],[-70.61959,-33.46662],[-70.62001,-33.46668],[-70.62005,-33.46642],[-70.62005,-33.46661],[-70.6207,-33.4667],[-70.62073,-33.46655],[-70.62082,-33.46655],[-70.62079,-33.46646],[-70.61842,-33.46615]]]},"properties":{"id":"13120081001002","cut":13120,"comuna":"ÑUÑOA","pob":171,"hom":81,"muj":90,"viv":72,"hog":70}},{"type":"Feature","geometry":{"type":"Polygon","coordinates":[[[-70.57986,-33.46673],[-70.57824,-33.46695],[-70.57832,-33.46738],[-70.57995,-33.46715],[-70.57986,-33.46673]]]},"properties":{"id":"13120041005050","cut":13120,"comuna":"ÑUÑOA","pob":102,"hom":44,"muj":58,"viv":24,"hog":26}},{"type":"Feature","geometry":{"type":"Polygon","coordinates":[[[-70.61543,-33.46706],[-70.61585,-33.4671],[-70.61597,-33.46643],[-70.61554,-33.46637],[-70.61543,-33.46706]]]},"properties":{"id":"13120081001011","cut":13120,"comuna":"ÑUÑOA","pob":83,"hom":39,"muj":44,"viv":25,"hog":25}},{"type":"Feature","geometry":{"type":"Polygon","coordinates":[[[-70.61591,-33.46711],[-70.61634,-33.46717],[-70.61646,-33.46649],[-70.61601,-33.46644],[-70.61591,-33.46711]]]},"properties":{"id":"13120081001012","cut":13120,"comuna":"ÑUÑOA","pob":76,"hom":41,"muj":35,"viv":24,"hog":26}},{"type":"Feature","geometry":{"type":"Polygon","coordinates":[[[-70.57821,-33.46695],[-70.57684,-33.46714],[-70.57693,-33.46757],[-70.57829,-33.46738],[-70.57821,-33.46695]]]},"properties":{"id":"13120041005049","cut":13120,"comuna":"ÑUÑOA","pob":59,"hom":24,"muj":35,"viv":24,"hog":21}},{"type":"Feature","geometry":{"type":"Polygon","coordinates":[[[-70.61649,-33.46649],[-70.61638,-33.46717],[-70.61695,-33.46724],[-70.61708,-33.46657],[-70.61649,-33.46649]]]},"properties":{"id":"13120081001015","cut":13120,"comuna":"ÑUÑOA","pob":76,"hom":31,"muj":45,"viv":25,"hog":26}},{"type":"Feature","geometry":{"type":"Polygon","coordinates":[[[-70.61412,-33.46761],[-70.61455,-33.46774],[-70.61505,-33.4667],[-70.61463,-33.46652],[-70.61412,-33.46761]]]},"properties":{"id":"13120081001008","cut":13120,"comuna":"ÑUÑOA","pob":105,"hom":40,"muj":65,"viv":31,"hog":33}},{"type":"Feature","geometry":{"type":"Polygon","coordinates":[[[-70.61833,-33.46648],[-70.6183,-33.46714],[-70.61967,-33.46722],[-70.61968,-33.46714],[-70.6189,-33.46706],[-70.61968,-33.46711],[-70.61974,-33.46667],[-70.61944,-33.46663],[-70.61942,-33.46689],[-70.61939,-33.46683],[-70.61862,-33.46678],[-70.61857,-33.46708],[-70.61861,-33.46652],[-70.61833,-33.46648]]]},"properties":{"id":"13120081001023","cut":13120,"comuna":"ÑUÑOA","pob":180,"hom":90,"muj":90,"viv":64,"hog":62}},{"type":"Feature","geometry":{"type":"Polygon","coordinates":[[[-70.62084,-33.46677],[-70.62005,-33.46664],[-70.62007,-33.46669],[-70.62194,-33.46694],[-70.62197,-33.46664],[-70.62094,-33.46647],[-70.62084,-33.46677]]]},"properties":{"id":"13120081001001","cut":13120,"comuna":"ÑUÑOA","pob":94,"hom":45,"muj":49,"viv":35,"hog":34}},{"type":"Feature","geometry":{"type":"Polygon","coordinates":[[[-70.59948,-33.46709],[-70.59942,-33.46677],[-70.59908,-33.46679],[-70.5991,-33.46713],[-70.59905,-33.46679],[-70.59853,-33.46685],[-70.5986,-33.4684],[-70.59959,-33.46838],[-70.59931,-33.46841],[-70.59932,-33.4686],[-70.59928,-33.46841],[-70.59899,-33.46842],[-70.599,-33.46863],[-70.59896,-33.46842],[-70.5986,-33.46843],[-70.59865,-33.46904],[-70.60047,-33.46895],[-70.60041,-33.46775],[-70.5997,-33.46778],[-70.59967,-33.46796],[-70.59965,-33.4676],[-70.59969,-33.46775],[-70.60041,-33.46773],[-70.60039,-33.46737],[-70.59976,-33.46739],[-70.60039,-33.46735],[-70.60036,-33.46677],[-70.59946,-33.46677],[-70.59948,-33.46709]]]},"properties":{"id":"13120071005013","cut":13120,"comuna":"ÑUÑOA","pob":407,"hom":180,"muj":227,"viv":164,"hog":154}},{"type":"Feature","geometry":{"type":"Polygon","coordinates":[[[-70.57584,-33.46717],[-70.57643,-33.46873],[-70.57706,-33.46879],[-70.57752,-33.46863],[-70.57748,-33.46843],[-70.57816,-33.4684],[-70.57852,-33.46827],[-70.57838,-33.46788],[-70.577,-33.46806],[-70.57679,-33.46715],[-70.57584,-33.46717]]]},"properties":{"id":"13120041005047","cut":13120,"comuna":"ÑUÑOA","pob":453,"hom":216,"muj":237,"viv":175,"hog":173}},{"type":"Feature","geometry":{"type":"Polygon","coordinates":[[[-70.58051,-33.46712],[-70.57833,-33.46741],[-70.57855,-33.46826],[-70.57853,-33.46805],[-70.5792,-33.46802],[-70.57959,-33.46788],[-70.57956,-33.46768],[-70.58023,-33.46765],[-70.58058,-33.46752],[-70.58051,-33.46712]]]},"properties":{"id":"13120041005051","cut":13120,"comuna":"ÑUÑOA","pob":242,"hom":103,"muj":139,"viv":96,"hog":93}},{"type":"Feature","geometry":{"type":"Polygon","coordinates":[[[-70.6197,-33.46723],[-70.62004,-33.46725],[-70.62009,-33.46672],[-70.61977,-33.46668],[-70.6197,-33.46723]]]},"properties":{"id":"13120081001025","cut":13120,"comuna":"ÑUÑOA","pob":56,"hom":30,"muj":26,"viv":24,"hog":22}},{"type":"Feature","geometry":{"type":"Polygon","coordinates":[[[-70.62243,-33.46772],[-70.62232,-33.46771],[-70.6223,-33.46751],[-70.62209,-33.4675],[-70.62196,-33.4686],[-70.62235,-33.46865],[-70.62234,-33.46889],[-70.6222,-33.46889],[-70.62217,-33.46871],[-70.62195,-33.46872],[-70.62186,-33.46955],[-70.62224,-33.46968],[-70.62219,-33.46988],[-70.62208,-33.46986],[-70.62206,-33.46967],[-70.62184,-33.46969],[-70.62176,-33.471],[-70.62245,-33.47086],[-70.62285,-33.4704],[-70.62295,-33.46857],[-70.62333,-33.46693],[-70.62219,-33.46668],[-70.6221,-33.4674],[-70.62248,-33.46747],[-70.62243,-33.46772]]]},"properties":{"id":"13120091001004","cut":13120,"comuna":"ÑUÑOA","pob":828,"hom":381,"muj":447,"viv":305,"hog":307}},{"type":"Feature","geometry":{"type":"Polygon","coordinates":[[[-70.62009,-33.4671],[-70.62087,-33.46714],[-70.6209,-33.46683],[-70.62012,-33.46672],[-70.62009,-33.4671]]]},"properties":{"id":"13120081001026","cut":13120,"comuna":"ÑUÑOA","pob":72,"hom":37,"muj":35,"viv":24,"hog":24}},{"type":"Feature","geometry":{"type":"Polygon","coordinates":[[[-70.62089,-33.46729],[-70.62122,-33.46731],[-70.62124,-33.46687],[-70.62093,-33.46683],[-70.62089,-33.46729]]]},"properties":{"id":"13120081001028","cut":13120,"comuna":"ÑUÑOA","pob":48,"hom":25,"muj":23,"viv":16,"hog":18}},{"type":"Feature","geometry":{"type":"Polygon","coordinates":[[[-70.57693,-33.4676],[-70.57702,-33.46803],[-70.57838,-33.46785],[-70.57829,-33.46741],[-70.57693,-33.4676]]]},"properties":{"id":"13120041005048","cut":13120,"comuna":"ÑUÑOA","pob":82,"hom":37,"muj":45,"viv":28,"hog":29}},{"type":"Feature","geometry":{"type":"Polygon","coordinates":[[[-70.62185,-33.46735],[-70.62193,-33.46697],[-70.62128,-33.46688],[-70.62125,-33.46731],[-70.62185,-33.46735]]]},"properties":{"id":"13120081001029","cut":13120,"comuna":"ÑUÑOA","pob":60,"hom":24,"muj":36,"viv":24,"hog":20}},{"type":"Feature","geometry":{"type":"Polygon","coordinates":[[[-70.58458,-33.46763],[-70.58466,-33.46797],[-70.58598,-33.46776],[-70.58589,-33.4674],[-70.58458,-33.46763]]]},"properties":{"id":"13120061003015","cut":13120,"comuna":"ÑUÑOA","pob":92,"hom":47,"muj":45,"viv":23,"hog":21}},{"type":"Feature","geometry":{"type":"Polygon","coordinates":[[[-70.61488,-33.46778],[-70.61527,-33.46783],[-70.61539,-33.46708],[-70.61501,-33.46705],[-70.61488,-33.46778]]]},"properties":{"id":"13120081001009","cut":13120,"comuna":"ÑUÑOA","pob":150,"hom":63,"muj":87,"viv":31,"hog":38}},{"type":"Feature","geometry":{"type":"Polygon","coordinates":[[[-70.62426,-33.46788],[-70.62383,-33.46783],[-70.62379,-33.46797],[-70.62418,-33.46862],[-70.62377,-33.47032],[-70.6231,-33.47039],[-70.62313,-33.47109],[-70.6236,-33.4715],[-70.62378,-33.4714],[-70.62385,-33.47063],[-70.62419,-33.47007],[-70.62577,-33.46895],[-70.62626,-33.4675],[-70.62364,-33.46698],[-70.62356,-33.46713],[-70.62434,-33.46729],[-70.62418,-33.46786],[-70.62426,-33.46788]]]},"properties":{"id":"13120091001002","cut":13120,"comuna":"ÑUÑOA","pob":363,"hom":172,"muj":191,"viv":152,"hog":141}},{"type":"Feature","geometry":{"type":"Polygon","coordinates":[[[-70.61543,-33.46708],[-70.6153,-33.46784],[-70.61574,-33.46789],[-70.61587,-33.46713],[-70.61543,-33.46708]]]},"properties":{"id":"13120081001010","cut":13120,"comuna":"ÑUÑOA","pob":107,"hom":53,"muj":54,"viv":28,"hog":25}},{"type":"Feature","geometry":{"type":"Polygon","coordinates":[[[-70.61584,-33.46785],[-70.61625,-33.46795],[-70.61637,-33.4672],[-70.6159,-33.46714],[-70.61598,-33.46724],[-70.61584,-33.46785]]]},"properties":{"id":"13120081001013","cut":13120,"comuna":"ÑUÑOA","pob":115,"hom":61,"muj":54,"viv":28,"hog":32}},{"type":"Feature","geometry":{"type":"Polygon","coordinates":[[[-70.61629,-33.46795],[-70.61667,-33.468],[-70.6168,-33.46725],[-70.6164,-33.4672],[-70.61629,-33.46795]]]},"properties":{"id":"13120081001014","cut":13120,"comuna":"ÑUÑOA","pob":103,"hom":45,"muj":58,"viv":29,"hog":30}},{"type":"Feature","geometry":{"type":"Polygon","coordinates":[[[-70.58412,-33.46771],[-70.58438,-33.46875],[-70.58479,-33.46868],[-70.58455,-33.46763],[-70.58412,-33.46771]]]},"properties":{"id":"13120061003013","cut":13120,"comuna":"ÑUÑOA","pob":58,"hom":30,"muj":28,"viv":24,"hog":20}},{"type":"Feature","geometry":{"type":"Polygon","coordinates":[[[-70.61831,-33.46786],[-70.61909,-33.46791],[-70.61914,-33.46724],[-70.61828,-33.4672],[-70.61821,-33.46776],[-70.61831,-33.46786]]]},"properties":{"id":"13120081001022","cut":13120,"comuna":"ÑUÑOA","pob":5,"hom":0,"muj":5,"viv":1,"hog":0}},{"type":"Feature","geometry":{"type":"Polygon","coordinates":[[[-70.62383,-33.4678],[-70.62415,-33.46785],[-70.62431,-33.4673],[-70.62356,-33.46715],[-70.62344,-33.46755],[-70.62384,-33.46762],[-70.62383,-33.4678]]]},"properties":{"id":"13120091001003","cut":13120,"comuna":"ÑUÑOA","pob":110,"hom":55,"muj":55,"viv":34,"hog":34}},{"type":"Feature","geometry":{"type":"Polygon","coordinates":[[[-70.6171,-33.46806],[-70.61731,-33.46731],[-70.61683,-33.46725],[-70.6167,-33.46801],[-70.6171,-33.46806]]]},"properties":{"id":"13120081001016","cut":13120,"comuna":"ÑUÑOA","pob":105,"hom":59,"muj":46,"viv":28,"hog":33}},{"type":"Feature","geometry":{"type":"Polygon","coordinates":[[[-70.58364,-33.46778],[-70.58389,-33.46883],[-70.58434,-33.46875],[-70.58408,-33.46771],[-70.58364,-33.46778]]]},"properties":{"id":"13120061003012","cut":13120,"comuna":"ÑUÑOA","pob":86,"hom":33,"muj":53,"viv":26,"hog":25}},{"type":"Feature","geometry":{"type":"Polygon","coordinates":[[[-70.58759,-33.46785],[-70.5877,-33.46828],[-70.58886,-33.46808],[-70.58876,-33.46765],[-70.58759,-33.46785]]]},"properties":{"id":"13120061005002","cut":13120,"comuna":"ÑUÑOA","pob":84,"hom":44,"muj":40,"viv":30,"hog":31}},{"type":"Feature","geometry":{"type":"Polygon","coordinates":[[[-70.6203,-33.46774],[-70.62072,-33.46776],[-70.62077,-33.46734],[-70.62034,-33.46731],[-70.6203,-33.46774]]]},"properties":{"id":"13120081001032","cut":13120,"comuna":"ÑUÑOA","pob":37,"hom":20,"muj":17,"viv":13,"hog":13}},{"type":"Feature","geometry":{"type":"Polygon","coordinates":[[[-70.58301,-33.46788],[-70.58327,-33.46893],[-70.58382,-33.46884],[-70.58355,-33.4678],[-70.58301,-33.46788]]]},"properties":{"id":"13120061003011","cut":13120,"comuna":"ÑUÑOA","pob":71,"hom":38,"muj":33,"viv":23,"hog":22}},{"type":"Feature","geometry":{"type":"Polygon","coordinates":[[[-70.62076,-33.46777],[-70.62122,-33.46779],[-70.62126,-33.46736],[-70.62081,-33.46734],[-70.62076,-33.46777]]]},"properties":{"id":"13120081001031","cut":13120,"comuna":"ÑUÑOA","pob":45,"hom":21,"muj":24,"viv":12,"hog":12}},{"type":"Feature","geometry":{"type":"Polygon","coordinates":[[[-70.58549,-33.46787],[-70.58575,-33.46891],[-70.58622,-33.46883],[-70.58598,-33.46779],[-70.58549,-33.46787]]]},"properties":{"id":"13120061003016","cut":13120,"comuna":"ÑUÑOA","pob":79,"hom":34,"muj":45,"viv":27,"hog":26}},{"type":"Feature","geometry":{"type":"Polygon","coordinates":[[[-70.62125,-33.46779],[-70.62184,-33.46783],[-70.62187,-33.46741],[-70.62129,-33.46736],[-70.62125,-33.46779]]]},"properties":{"id":"13120081001030","cut":13120,"comuna":"ÑUÑOA","pob":44,"hom":21,"muj":23,"viv":13,"hog":12}},{"type":"Feature","geometry":{"type":"Polygon","coordinates":[[[-70.59123,-33.46777],[-70.58981,-33.46797],[-70.58997,-33.46855],[-70.59141,-33.46835],[-70.58992,-33.46861],[-70.58973,-33.46797],[-70.58897,-33.46814],[-70.58923,-33.46908],[-70.59046,-33.46889],[-70.58922,-33.46918],[-70.58961,-33.47056],[-70.59047,-33.47117],[-70.59103,-33.47054],[-70.5907,-33.47032],[-70.59111,-33.47045],[-70.59197,-33.46948],[-70.59168,-33.46926],[-70.59159,-33.46894],[-70.59189,-33.46888],[-70.59191,-33.46901],[-70.5917,-33.46906],[-70.5917,-33.46915],[-70.5918,-33.46928],[-70.59207,-33.46935],[-70.59239,-33.46897],[-70.59222,-33.46881],[-70.59278,-33.46831],[-70.59219,-33.46791],[-70.59142,-33.46803],[-70.59123,-33.46777]]]},"properties":{"id":"13120061002003","cut":13120,"comuna":"ÑUÑOA","pob":1130,"hom":514,"muj":616,"viv":458,"hog":420}},{"type":"Feature","geometry":{"type":"Polygon","coordinates":[[[-70.58191,-33.46841],[-70.58308,-33.46825],[-70.58298,-33.46789],[-70.58191,-33.46808],[-70.58191,-33.46841]]]},"properties":{"id":"13120061003008","cut":13120,"comuna":"ÑUÑOA","pob":65,"hom":32,"muj":33,"viv":22,"hog":22}},{"type":"Feature","geometry":{"type":"Polygon","coordinates":[[[-70.58529,-33.46898],[-70.58571,-33.46892],[-70.58546,-33.46787],[-70.58505,-33.46794],[-70.58529,-33.46898]]]},"properties":{"id":"13120061003017","cut":13120,"comuna":"ÑUÑOA","pob":73,"hom":37,"muj":36,"viv":26,"hog":24}},{"type":"Feature","geometry":{"type":"Polygon","coordinates":[[[-70.58621,-33.46809],[-70.58631,-33.46851],[-70.58766,-33.46828],[-70.58756,-33.46786],[-70.58621,-33.46809]]]},"properties":{"id":"13120061005003","cut":13120,"comuna":"ÑUÑOA","pob":107,"hom":51,"muj":56,"viv":28,"hog":30}},{"type":"Feature","geometry":{"type":"Polygon","coordinates":[[[-70.58078,-33.46824],[-70.58091,-33.46879],[-70.58185,-33.46865],[-70.58177,-33.46807],[-70.58078,-33.46824]]]},"properties":{"id":"13120061003007","cut":13120,"comuna":"ÑUÑOA","pob":176,"hom":80,"muj":96,"viv":63,"hog":63}},{"type":"Feature","geometry":{"type":"Polygon","coordinates":[[[-70.61404,-33.46823],[-70.61451,-33.46826],[-70.61452,-33.46783],[-70.61408,-33.46779],[-70.61404,-33.46823]]]},"properties":{"id":"13120081003005","cut":13120,"comuna":"ÑUÑOA","pob":79,"hom":38,"muj":41,"viv":14,"hog":22}},{"type":"Feature","geometry":{"type":"Polygon","coordinates":[[[-70.5877,-33.46831],[-70.58782,-33.46875],[-70.58898,-33.46855],[-70.58887,-33.4681],[-70.5877,-33.46831]]]},"properties":{"id":"13120061005006","cut":13120,"comuna":"ÑUÑOA","pob":84,"hom":35,"muj":49,"viv":30,"hog":28}},{"type":"Feature","geometry":{"type":"Polygon","coordinates":[[[-70.58045,-33.46847],[-70.58025,-33.46851],[-70.58021,-33.46834],[-70.57989,-33.46839],[-70.58002,-33.46895],[-70.58088,-33.4688],[-70.58075,-33.46825],[-70.58041,-33.46831],[-70.58045,-33.46847]]]},"properties":{"id":"13120061003006","cut":13120,"comuna":"ÑUÑOA","pob":171,"hom":75,"muj":96,"viv":64,"hog":67}},{"type":"Feature","geometry":{"type":"Polygon","coordinates":[[[-70.61454,-33.46826],[-70.61516,-33.46828],[-70.61522,-33.46791],[-70.61456,-33.46783],[-70.61454,-33.46826]]]},"properties":{"id":"13120081003004","cut":13120,"comuna":"ÑUÑOA","pob":67,"hom":37,"muj":30,"viv":13,"hog":19}},{"type":"Feature","geometry":{"type":"Polygon","coordinates":[[[-70.6203,-33.46777],[-70.62025,-33.46853],[-70.62076,-33.46856],[-70.62083,-33.4678],[-70.6203,-33.46777]]]},"properties":{"id":"13120081001037","cut":13120,"comuna":"ÑUÑOA","pob":84,"hom":41,"muj":43,"viv":24,"hog":25}},{"type":"Feature","geometry":{"type":"Polygon","coordinates":[[[-70.61731,-33.46771],[-70.6172,-33.46835],[-70.61775,-33.4684],[-70.61783,-33.46773],[-70.61772,-33.46779],[-70.61731,-33.46771]]]},"properties":{"id":"13120081001018","cut":13120,"comuna":"ÑUÑOA","pob":54,"hom":22,"muj":32,"viv":16,"hog":18}},{"type":"Feature","geometry":{"type":"Polygon","coordinates":[[[-70.58192,-33.46848],[-70.582,-33.46883],[-70.58317,-33.46864],[-70.58308,-33.46828],[-70.58192,-33.46848]]]},"properties":{"id":"13120061003009","cut":13120,"comuna":"ÑUÑOA","pob":66,"hom":34,"muj":32,"viv":19,"hog":18}},{"type":"Feature","geometry":{"type":"Polygon","coordinates":[[[-70.62079,-33.46856],[-70.62124,-33.46858],[-70.62132,-33.46783],[-70.62086,-33.4678],[-70.62079,-33.46856]]]},"properties":{"id":"13120081001038","cut":13120,"comuna":"ÑUÑOA","pob":89,"hom":46,"muj":43,"viv":24,"hog":23}},{"type":"Feature","geometry":{"type":"Polygon","coordinates":[[[-70.61788,-33.46773],[-70.61778,-33.4684],[-70.61823,-33.46843],[-70.61829,-33.46789],[-70.61816,-33.46773],[-70.61788,-33.46773]]]},"properties":{"id":"13120081001019","cut":13120,"comuna":"ÑUÑOA","pob":64,"hom":32,"muj":32,"viv":17,"hog":17}},{"type":"Feature","geometry":{"type":"Polygon","coordinates":[[[-70.62168,-33.46861],[-70.62184,-33.46786],[-70.62135,-33.46783],[-70.62128,-33.46859],[-70.62168,-33.46861]]]},"properties":{"id":"13120081001039","cut":13120,"comuna":"ÑUÑOA","pob":80,"hom":45,"muj":35,"viv":24,"hog":25}},{"type":"Feature","geometry":{"type":"Polygon","coordinates":[[[-70.61519,-33.46829],[-70.61585,-33.46836],[-70.61592,-33.468],[-70.61525,-33.46792],[-70.61519,-33.46829]]]},"properties":{"id":"13120081003003","cut":13120,"comuna":"ÑUÑOA","pob":38,"hom":20,"muj":18,"viv":13,"hog":14}},{"type":"Feature","geometry":{"type":"Polygon","coordinates":[[[-70.62336,-33.46785],[-70.62316,-33.46866],[-70.62349,-33.46866],[-70.62354,-33.46856],[-70.62408,-33.46857],[-70.62365,-33.46787],[-70.62344,-33.46782],[-70.62336,-33.46785]]]},"properties":{"id":"13120091001006","cut":13120,"comuna":"ÑUÑOA","pob":105,"hom":50,"muj":55,"viv":39,"hog":39}},{"type":"Feature","geometry":{"type":"Polygon","coordinates":[[[-70.61833,-33.46843],[-70.61873,-33.46845],[-70.61878,-33.46792],[-70.61832,-33.46789],[-70.61833,-33.46843]]]},"properties":{"id":"13120081001020","cut":13120,"comuna":"ÑUÑOA","pob":62,"hom":28,"muj":34,"viv":16,"hog":16}},{"type":"Feature","geometry":{"type":"Polygon","coordinates":[[[-70.5795,-33.46864],[-70.57937,-33.46866],[-70.57931,-33.4684],[-70.57848,-33.46869],[-70.57851,-33.46878],[-70.57899,-33.46869],[-70.57903,-33.46886],[-70.57858,-33.46893],[-70.57904,-33.46891],[-70.57908,-33.46908],[-70.57855,-33.46917],[-70.57887,-33.47053],[-70.5803,-33.47023],[-70.57986,-33.4684],[-70.57946,-33.46847],[-70.5795,-33.46864]]]},"properties":{"id":"13120061003005","cut":13120,"comuna":"ÑUÑOA","pob":171,"hom":82,"muj":89,"viv":64,"hog":64}},{"type":"Feature","geometry":{"type":"Polygon","coordinates":[[[-70.61876,-33.46845],[-70.61904,-33.46847],[-70.61909,-33.46794],[-70.61881,-33.46792],[-70.61876,-33.46845]]]},"properties":{"id":"13120081001021","cut":13120,"comuna":"ÑUÑOA","pob":31,"hom":16,"muj":15,"viv":16,"hog":12}},{"type":"Feature","geometry":{"type":"Polygon","coordinates":[[[-70.61907,-33.46847],[-70.61949,-33.46849],[-70.61953,-33.46797],[-70.61912,-33.46795],[-70.61907,-33.46847]]]},"properties":{"id":"13120081001034","cut":13120,"comuna":"ÑUÑOA","pob":40,"hom":23,"muj":17,"viv":15,"hog":13}},{"type":"Feature","geometry":{"type":"Polygon","coordinates":[[[-70.61589,-33.46836],[-70.61651,-33.46843],[-70.61657,-33.46808],[-70.61595,-33.468],[-70.61589,-33.46836]]]},"properties":{"id":"13120081003002","cut":13120,"comuna":"ÑUÑOA","pob":35,"hom":18,"muj":17,"viv":13,"hog":12}},{"type":"Feature","geometry":{"type":"Polygon","coordinates":[[[-70.61952,-33.46849],[-70.61987,-33.46851],[-70.6199,-33.46799],[-70.61957,-33.46797],[-70.61952,-33.46849]]]},"properties":{"id":"13120081001035","cut":13120,"comuna":"ÑUÑOA","pob":36,"hom":13,"muj":23,"viv":16,"hog":15}},{"type":"Feature","geometry":{"type":"Polygon","coordinates":[[[-70.58631,-33.46854],[-70.58641,-33.46897],[-70.58718,-33.46884],[-70.58708,-33.46841],[-70.58631,-33.46854]]]},"properties":{"id":"13120061005004","cut":13120,"comuna":"ÑUÑOA","pob":36,"hom":16,"muj":20,"viv":16,"hog":15}},{"type":"Feature","geometry":{"type":"Polygon","coordinates":[[[-70.6199,-33.46851],[-70.62021,-33.46853],[-70.62025,-33.468],[-70.61994,-33.46799],[-70.6199,-33.46851]]]},"properties":{"id":"13120081001036","cut":13120,"comuna":"ÑUÑOA","pob":37,"hom":20,"muj":17,"viv":16,"hog":14}},{"type":"Feature","geometry":{"type":"Polygon","coordinates":[[[-70.61654,-33.46844],[-70.61703,-33.46851],[-70.61709,-33.46816],[-70.61661,-33.46809],[-70.61654,-33.46844]]]},"properties":{"id":"13120081003001","cut":13120,"comuna":"ÑUÑOA","pob":43,"hom":23,"muj":20,"viv":12,"hog":12}},{"type":"Feature","geometry":{"type":"Polygon","coordinates":[[[-70.61402,-33.46869],[-70.61446,-33.46871],[-70.61451,-33.46828],[-70.61404,-33.46825],[-70.61402,-33.46869]]]},"properties":{"id":"13120081003007","cut":13120,"comuna":"ÑUÑOA","pob":71,"hom":41,"muj":30,"viv":19,"hog":19}},{"type":"Feature","geometry":{"type":"Polygon","coordinates":[[[-70.58899,-33.46858],[-70.58766,-33.4688],[-70.58778,-33.46925],[-70.5891,-33.46902],[-70.58899,-33.46858]]]},"properties":{"id":"13120061005007","cut":13120,"comuna":"ÑUÑOA","pob":99,"hom":44,"muj":55,"viv":27,"hog":28}},{"type":"Feature","geometry":{"type":"Polygon","coordinates":[[[-70.57813,-33.46922],[-70.57803,-33.46885],[-70.57741,-33.46908],[-70.57756,-33.4694],[-70.57752,-33.46985],[-70.57834,-33.47027],[-70.57827,-33.46974],[-70.57838,-33.47028],[-70.57883,-33.47052],[-70.57841,-33.46872],[-70.57805,-33.46885],[-70.57813,-33.46922]]]},"properties":{"id":"13120061003004","cut":13120,"comuna":"ÑUÑOA","pob":342,"hom":156,"muj":186,"viv":143,"hog":126}},{"type":"Feature","geometry":{"type":"Polygon","coordinates":[[[-70.5839,-33.46885],[-70.58399,-33.46921],[-70.58526,-33.469],[-70.58517,-33.46864],[-70.5839,-33.46885]]]},"properties":{"id":"13120061003018","cut":13120,"comuna":"ÑUÑOA","pob":68,"hom":31,"muj":37,"viv":26,"hog":26}},{"type":"Feature","geometry":{"type":"Polygon","coordinates":[[[-70.61449,-33.46871],[-70.61486,-33.46873],[-70.6149,-33.46831],[-70.61454,-33.46828],[-70.61449,-33.46871]]]},"properties":{"id":"13120081003008","cut":13120,"comuna":"ÑUÑOA","pob":36,"hom":15,"muj":21,"viv":10,"hog":11}},{"type":"Feature","geometry":{"type":"Polygon","coordinates":[[[-70.6149,-33.46882],[-70.6152,-33.46883],[-70.61531,-33.46833],[-70.61493,-33.46831],[-70.6149,-33.46882]]]},"properties":{"id":"13120081003009","cut":13120,"comuna":"ÑUÑOA","pob":59,"hom":28,"muj":31,"viv":17,"hog":18}},{"type":"Feature","geometry":{"type":"Polygon","coordinates":[[[-70.58095,-33.46895],[-70.58124,-33.47009],[-70.58216,-33.46997],[-70.58187,-33.46875],[-70.58095,-33.46895]]]},"properties":{"id":"13120061003023","cut":13120,"comuna":"ÑUÑOA","pob":339,"hom":145,"muj":194,"viv":129,"hog":124}},{"type":"Feature","geometry":{"type":"Polygon","coordinates":[[[-70.61534,-33.46833],[-70.61523,-33.46883],[-70.61553,-33.46887],[-70.61561,-33.46836],[-70.61534,-33.46833]]]},"properties":{"id":"13120081003010","cut":13120,"comuna":"ÑUÑOA","pob":80,"hom":37,"muj":43,"viv":16,"hog":18}},{"type":"Feature","geometry":{"type":"Polygon","coordinates":[[[-70.58201,-33.46886],[-70.58227,-33.4699],[-70.58272,-33.46982],[-70.58246,-33.46878],[-70.58201,-33.46886]]]},"properties":{"id":"13120061003022","cut":13120,"comuna":"ÑUÑOA","pob":78,"hom":34,"muj":44,"viv":26,"hog":22}},{"type":"Feature","geometry":{"type":"Polygon","coordinates":[[[-70.61564,-33.46836],[-70.61556,-33.46887],[-70.61588,-33.46891],[-70.61595,-33.46839],[-70.61564,-33.46836]]]},"properties":{"id":"13120081003011","cut":13120,"comuna":"ÑUÑOA","pob":60,"hom":32,"muj":28,"viv":14,"hog":16}},{"type":"Feature","geometry":{"type":"Polygon","coordinates":[[[-70.61591,-33.46891],[-70.61619,-33.46895],[-70.61629,-33.46843],[-70.61598,-33.4684],[-70.61591,-33.46891]]]},"properties":{"id":"13120081003012","cut":13120,"comuna":"ÑUÑOA","pob":57,"hom":25,"muj":32,"viv":17,"hog":19}},{"type":"Feature","geometry":{"type":"Polygon","coordinates":[[[-70.58722,-33.46886],[-70.58732,-33.4693],[-70.58774,-33.46925],[-70.58763,-33.4688],[-70.58722,-33.46886]]]},"properties":{"id":"13120061005008","cut":13120,"comuna":"ÑUÑOA","pob":0,"hom":0,"muj":0,"viv":1,"hog":0}},{"type":"Feature","geometry":{"type":"Polygon","coordinates":[[[-70.61626,-33.46896],[-70.6165,-33.469],[-70.61659,-33.46847],[-70.61633,-33.46844],[-70.61626,-33.46896]]]},"properties":{"id":"13120081003013","cut":13120,"comuna":"ÑUÑOA","pob":67,"hom":34,"muj":33,"viv":17,"hog":20}},{"type":"Feature","geometry":{"type":"Polygon","coordinates":[[[-70.61795,-33.46879],[-70.61803,-33.46848],[-70.61717,-33.46846],[-70.6171,-33.46874],[-70.61795,-33.46879]]]},"properties":{"id":"13120081002008","cut":13120,"comuna":"ÑUÑOA","pob":84,"hom":44,"muj":40,"viv":28,"hog":28}},{"type":"Feature","geometry":{"type":"Polygon","coordinates":[[[-70.58257,-33.46908],[-70.58266,-33.46944],[-70.58392,-33.46922],[-70.58383,-33.46887],[-70.58257,-33.46908]]]},"properties":{"id":"13120061003020","cut":13120,"comuna":"ÑUÑOA","pob":71,"hom":32,"muj":39,"viv":21,"hog":24}},{"type":"Feature","geometry":{"type":"Polygon","coordinates":[[[-70.58575,-33.46894],[-70.586,-33.46998],[-70.58648,-33.4699],[-70.58623,-33.46886],[-70.58575,-33.46894]]]},"properties":{"id":"13120061004001","cut":13120,"comuna":"ÑUÑOA","pob":87,"hom":42,"muj":45,"viv":25,"hog":24}},{"type":"Feature","geometry":{"type":"Polygon","coordinates":[[[-70.61653,-33.469],[-70.61691,-33.46906],[-70.61703,-33.46854],[-70.61662,-33.46848],[-70.61653,-33.469]]]},"properties":{"id":"13120081003014","cut":13120,"comuna":"ÑUÑOA","pob":47,"hom":27,"muj":20,"viv":16,"hog":18}},{"type":"Feature","geometry":{"type":"Polygon","coordinates":[[[-70.58642,-33.469],[-70.58653,-33.46943],[-70.58729,-33.46931],[-70.58719,-33.46887],[-70.58642,-33.469]]]},"properties":{"id":"13120061005009","cut":13120,"comuna":"ÑUÑOA","pob":52,"hom":24,"muj":28,"viv":16,"hog":17}},{"type":"Feature","geometry":{"type":"Polygon","coordinates":[[[-70.58006,-33.46911],[-70.58033,-33.47022],[-70.58121,-33.47009],[-70.58092,-33.46895],[-70.58006,-33.46911]]]},"properties":{"id":"13120061003024","cut":13120,"comuna":"ÑUÑOA","pob":332,"hom":149,"muj":183,"viv":128,"hog":116}},{"type":"Feature","geometry":{"type":"Polygon","coordinates":[[[-70.61804,-33.46879],[-70.61859,-33.46882],[-70.61861,-33.46852],[-70.61806,-33.46849],[-70.61804,-33.46879]]]},"properties":{"id":"13120081002007","cut":13120,"comuna":"ÑUÑOA","pob":68,"hom":30,"muj":38,"viv":18,"hog":19}},{"type":"Feature","geometry":{"type":"Polygon","coordinates":[[[-70.5853,-33.46902],[-70.58554,-33.47006],[-70.58597,-33.46998],[-70.58572,-33.46894],[-70.5853,-33.46902]]]},"properties":{"id":"13120061004002","cut":13120,"comuna":"ÑUÑOA","pob":82,"hom":42,"muj":40,"viv":25,"hog":24}},{"type":"Feature","geometry":{"type":"Polygon","coordinates":[[[-70.6186,-33.469],[-70.61898,-33.46903],[-70.61902,-33.46854],[-70.61864,-33.46852],[-70.6186,-33.469]]]},"properties":{"id":"13120081002006","cut":13120,"comuna":"ÑUÑOA","pob":61,"hom":28,"muj":33,"viv":18,"hog":19}},{"type":"Feature","geometry":{"type":"Polygon","coordinates":[[[-70.619,-33.46916],[-70.61938,-33.46918],[-70.61942,-33.46856],[-70.61906,-33.46854],[-70.619,-33.46916]]]},"properties":{"id":"13120081002005","cut":13120,"comuna":"ÑUÑOA","pob":86,"hom":39,"muj":47,"viv":24,"hog":24}},{"type":"Feature","geometry":{"type":"Polygon","coordinates":[[[-70.60647,-33.46951],[-70.60656,-33.46874],[-70.60617,-33.46874],[-70.60616,-33.4695],[-70.60647,-33.46951]]]},"properties":{"id":"13120071006001","cut":13120,"comuna":"ÑUÑOA","pob":66,"hom":29,"muj":37,"viv":26,"hog":23}},{"type":"Feature","geometry":{"type":"Polygon","coordinates":[[[-70.61941,-33.46918],[-70.61979,-33.46921],[-70.61982,-33.46859],[-70.61945,-33.46856],[-70.61941,-33.46918]]]},"properties":{"id":"13120081002004","cut":13120,"comuna":"ÑUÑOA","pob":105,"hom":52,"muj":53,"viv":28,"hog":29}},{"type":"Feature","geometry":{"type":"Polygon","coordinates":[[[-70.60586,-33.46949],[-70.60613,-33.4695],[-70.60614,-33.46875],[-70.60588,-33.46876],[-70.60586,-33.46949]]]},"properties":{"id":"13120071006002","cut":13120,"comuna":"ÑUÑOA","pob":63,"hom":25,"muj":38,"viv":18,"hog":18}},{"type":"Feature","geometry":{"type":"Polygon","coordinates":[[[-70.584,-33.46924],[-70.58408,-33.46958],[-70.58536,-33.46939],[-70.58527,-33.46902],[-70.584,-33.46924]]]},"properties":{"id":"13120061003019","cut":13120,"comuna":"ÑUÑOA","pob":82,"hom":38,"muj":44,"viv":24,"hog":24}},{"type":"Feature","geometry":{"type":"Polygon","coordinates":[[[-70.60556,-33.46948],[-70.60582,-33.46949],[-70.60585,-33.46876],[-70.60557,-33.46878],[-70.60556,-33.46948]]]},"properties":{"id":"13120071006003","cut":13120,"comuna":"ÑUÑOA","pob":63,"hom":29,"muj":34,"viv":18,"hog":18}},{"type":"Feature","geometry":{"type":"Polygon","coordinates":[[[-70.61982,-33.46921],[-70.62021,-33.46924],[-70.62025,-33.46861],[-70.61986,-33.46859],[-70.61982,-33.46921]]]},"properties":{"id":"13120081002003","cut":13120,"comuna":"ÑUÑOA","pob":99,"hom":51,"muj":48,"viv":24,"hog":27}},{"type":"Feature","geometry":{"type":"Polygon","coordinates":[[[-70.60526,-33.46946],[-70.60553,-33.46947],[-70.60553,-33.46878],[-70.60526,-33.4688],[-70.60526,-33.46946]]]},"properties":{"id":"13120071006004","cut":13120,"comuna":"ÑUÑOA","pob":59,"hom":30,"muj":29,"viv":16,"hog":19}},{"type":"Feature","geometry":{"type":"Polygon","coordinates":[[[-70.60495,-33.46945],[-70.60522,-33.46946],[-70.60523,-33.4688],[-70.60495,-33.46882],[-70.60495,-33.46945]]]},"properties":{"id":"13120071006005","cut":13120,"comuna":"ÑUÑOA","pob":42,"hom":20,"muj":22,"viv":14,"hog":14}},{"type":"Feature","geometry":{"type":"Polygon","coordinates":[[[-70.62026,-33.46892],[-70.62109,-33.46896],[-70.62111,-33.46866],[-70.62029,-33.46861],[-70.62026,-33.46892]]]},"properties":{"id":"13120081002002","cut":13120,"comuna":"ÑUÑOA","pob":119,"hom":59,"muj":60,"viv":31,"hog":31}},{"type":"Feature","geometry":{"type":"Polygon","coordinates":[[[-70.60459,-33.46944],[-70.60492,-33.46945],[-70.60492,-33.46882],[-70.60463,-33.46886],[-70.60459,-33.46944]]]},"properties":{"id":"13120071006006","cut":13120,"comuna":"ÑUÑOA","pob":65,"hom":36,"muj":29,"viv":18,"hog":18}},{"type":"Feature","geometry":{"type":"Polygon","coordinates":[[[-70.61398,-33.46926],[-70.61443,-33.46927],[-70.61446,-33.46874],[-70.61402,-33.46872],[-70.61398,-33.46926]]]},"properties":{"id":"13120081003022","cut":13120,"comuna":"ÑUÑOA","pob":49,"hom":22,"muj":27,"viv":14,"hog":15}},{"type":"Feature","geometry":{"type":"Polygon","coordinates":[[[-70.62409,-33.46859],[-70.62376,-33.46859],[-70.6237,-33.4687],[-70.62315,-33.46869],[-70.62314,-33.46921],[-70.62344,-33.46921],[-70.62348,-33.46911],[-70.624,-33.46911],[-70.62409,-33.46859]]]},"properties":{"id":"13120091001007","cut":13120,"comuna":"ÑUÑOA","pob":128,"hom":57,"muj":71,"viv":42,"hog":41}},{"type":"Feature","geometry":{"type":"Polygon","coordinates":[[[-70.58778,-33.46928],[-70.58789,-33.46969],[-70.58921,-33.46948],[-70.5891,-33.46905],[-70.58778,-33.46928]]]},"properties":{"id":"13120061005011","cut":13120,"comuna":"ÑUÑOA","pob":68,"hom":28,"muj":40,"viv":29,"hog":29}},{"type":"Feature","geometry":{"type":"Polygon","coordinates":[[[-70.61446,-33.46927],[-70.61484,-33.46928],[-70.61487,-33.46875],[-70.61449,-33.46874],[-70.61446,-33.46927]]]},"properties":{"id":"13120081003021","cut":13120,"comuna":"ÑUÑOA","pob":62,"hom":37,"muj":25,"viv":15,"hog":15}},{"type":"Feature","geometry":{"type":"Polygon","coordinates":[[[-70.59254,-33.46907],[-70.59126,-33.47054],[-70.59138,-33.47051],[-70.59225,-33.47104],[-70.59271,-33.4705],[-70.59251,-33.47037],[-70.59328,-33.46947],[-70.59254,-33.46907]]]},"properties":{"id":"13120061001002","cut":13120,"comuna":"ÑUÑOA","pob":238,"hom":101,"muj":137,"viv":131,"hog":92}},{"type":"Feature","geometry":{"type":"Polygon","coordinates":[[[-70.61703,-33.46908],[-70.61799,-33.46914],[-70.61801,-33.46882],[-70.6171,-33.46877],[-70.61703,-33.46908]]]},"properties":{"id":"13120081002009","cut":13120,"comuna":"ÑUÑOA","pob":111,"hom":53,"muj":58,"viv":28,"hog":32}},{"type":"Feature","geometry":{"type":"Polygon","coordinates":[[[-70.6023,-33.46951],[-70.60233,-33.46897],[-70.60202,-33.46899],[-70.60202,-33.4695],[-70.6023,-33.46951]]]},"properties":{"id":"13120071006008","cut":13120,"comuna":"ÑUÑOA","pob":29,"hom":13,"muj":16,"viv":14,"hog":8}},{"type":"Feature","geometry":{"type":"Polygon","coordinates":[[[-70.60171,-33.46949],[-70.60199,-33.4695],[-70.60198,-33.46899],[-70.60173,-33.46901],[-70.60171,-33.46949]]]},"properties":{"id":"13120071006009","cut":13120,"comuna":"ÑUÑOA","pob":44,"hom":21,"muj":23,"viv":15,"hog":17}},{"type":"Feature","geometry":{"type":"Polygon","coordinates":[[[-70.60162,-33.46949],[-70.60169,-33.46901],[-70.60143,-33.46902],[-70.60142,-33.46948],[-70.60162,-33.46949]]]},"properties":{"id":"13120071006010","cut":13120,"comuna":"ÑUÑOA","pob":44,"hom":19,"muj":25,"viv":12,"hog":12}},{"type":"Feature","geometry":{"type":"Polygon","coordinates":[[[-70.58266,-33.46947],[-70.58275,-33.46982],[-70.58401,-33.4696],[-70.58392,-33.46924],[-70.58266,-33.46947]]]},"properties":{"id":"13120061003021","cut":13120,"comuna":"ÑUÑOA","pob":80,"hom":36,"muj":44,"viv":23,"hog":23}},{"type":"Feature","geometry":{"type":"Polygon","coordinates":[[[-70.61487,-33.4694],[-70.61517,-33.46942],[-70.6152,-33.46886],[-70.6149,-33.46884],[-70.61487,-33.4694]]]},"properties":{"id":"13120081003020","cut":13120,"comuna":"ÑUÑOA","pob":44,"hom":22,"muj":22,"viv":17,"hog":17}},{"type":"Feature","geometry":{"type":"Polygon","coordinates":[[[-70.60056,-33.46911],[-70.60068,-33.47081],[-70.60125,-33.47082],[-70.6017,-33.47106],[-70.60438,-33.47115],[-70.6044,-33.47021],[-70.6041,-33.47021],[-70.60404,-33.47067],[-70.60407,-33.4702],[-70.60379,-33.47019],[-70.60373,-33.47061],[-70.60376,-33.47019],[-70.60349,-33.47018],[-70.60344,-33.47061],[-70.60346,-33.47018],[-70.60319,-33.47017],[-70.60314,-33.47063],[-70.60316,-33.47017],[-70.60289,-33.47016],[-70.60283,-33.47061],[-70.60285,-33.47016],[-70.60258,-33.47015],[-70.60253,-33.47061],[-70.60255,-33.47015],[-70.60228,-33.47014],[-70.60227,-33.47057],[-70.60225,-33.47014],[-70.60198,-33.47013],[-70.60197,-33.47055],[-70.60195,-33.47013],[-70.60168,-33.47012],[-70.60163,-33.47053],[-70.60165,-33.47012],[-70.60138,-33.47011],[-70.60133,-33.47055],[-70.60135,-33.47011],[-70.60122,-33.47003],[-70.60136,-33.47003],[-70.6014,-33.46902],[-70.60056,-33.46911]]]},"properties":{"id":"13120071006027","cut":13120,"comuna":"ÑUÑOA","pob":1700,"hom":785,"muj":915,"viv":676,"hog":623}},{"type":"Feature","geometry":{"type":"Polygon","coordinates":[[[-70.59954,-33.46956],[-70.59949,-33.46908],[-70.59909,-33.46909],[-70.59909,-33.46957],[-70.59906,-33.46909],[-70.59865,-33.46914],[-70.59869,-33.46985],[-70.59963,-33.46982],[-70.59869,-33.46988],[-70.59872,-33.4704],[-70.59957,-33.47043],[-70.59872,-33.47042],[-70.59875,-33.4709],[-70.60054,-33.47084],[-70.60047,-33.46906],[-70.59953,-33.46908],[-70.59954,-33.46956]]]},"properties":{"id":"13120071006028","cut":13120,"comuna":"ÑUÑOA","pob":483,"hom":214,"muj":269,"viv":189,"hog":174}},{"type":"Feature","geometry":{"type":"Polygon","coordinates":[[[-70.61803,-33.46914],[-70.61856,-33.46917],[-70.61858,-33.46885],[-70.61804,-33.46882],[-70.61803,-33.46914]]]},"properties":{"id":"13120081002013","cut":13120,"comuna":"ÑUÑOA","pob":59,"hom":29,"muj":30,"viv":18,"hog":19}},{"type":"Feature","geometry":{"type":"Polygon","coordinates":[[[-70.6152,-33.46942],[-70.61543,-33.46944],[-70.61553,-33.46889],[-70.61523,-33.46886],[-70.6152,-33.46942]]]},"properties":{"id":"13120081003019","cut":13120,"comuna":"ÑUÑOA","pob":55,"hom":29,"muj":26,"viv":15,"hog":15}},{"type":"Feature","geometry":{"type":"Polygon","coordinates":[[[-70.61577,-33.46946],[-70.61587,-33.46893],[-70.61556,-33.4689],[-70.61546,-33.46944],[-70.61577,-33.46946]]]},"properties":{"id":"13120081003018","cut":13120,"comuna":"ÑUÑOA","pob":64,"hom":31,"muj":33,"viv":17,"hog":17}},{"type":"Feature","geometry":{"type":"Polygon","coordinates":[[[-70.58654,-33.46946],[-70.58664,-33.46991],[-70.58786,-33.4697],[-70.58775,-33.46928],[-70.58654,-33.46946]]]},"properties":{"id":"13120061005010","cut":13120,"comuna":"ÑUÑOA","pob":99,"hom":52,"muj":47,"viv":31,"hog":31}},{"type":"Feature","geometry":{"type":"Polygon","coordinates":[[[-70.6158,-33.46947],[-70.61614,-33.4695],[-70.61623,-33.46898],[-70.6159,-33.46894],[-70.6158,-33.46947]]]},"properties":{"id":"13120081003017","cut":13120,"comuna":"ÑUÑOA","pob":63,"hom":34,"muj":29,"viv":16,"hog":20}},{"type":"Feature","geometry":{"type":"Polygon","coordinates":[[[-70.62024,-33.46927],[-70.62108,-33.46931],[-70.62109,-33.46899],[-70.62026,-33.46895],[-70.62024,-33.46927]]]},"properties":{"id":"13120081002019","cut":13120,"comuna":"ÑUÑOA","pob":111,"hom":54,"muj":57,"viv":28,"hog":32}},{"type":"Feature","geometry":{"type":"Polygon","coordinates":[[[-70.58502,-33.46947],[-70.58517,-33.47012],[-70.58551,-33.47006],[-70.58536,-33.46941],[-70.58502,-33.46947]]]},"properties":{"id":"13120061004003","cut":13120,"comuna":"ÑUÑOA","pob":30,"hom":14,"muj":16,"viv":11,"hog":9}},{"type":"Feature","geometry":{"type":"Polygon","coordinates":[[[-70.6164,-33.46954],[-70.6168,-33.4696],[-70.61691,-33.46908],[-70.61652,-33.46903],[-70.6164,-33.46954]]]},"properties":{"id":"13120081003015","cut":13120,"comuna":"ÑUÑOA","pob":44,"hom":23,"muj":21,"viv":16,"hog":16}},{"type":"Feature","geometry":{"type":"Polygon","coordinates":[[[-70.62111,-33.46931],[-70.62167,-33.46933],[-70.62171,-33.46902],[-70.62113,-33.46899],[-70.62111,-33.46931]]]},"properties":{"id":"13120081002020","cut":13120,"comuna":"ÑUÑOA","pob":40,"hom":21,"muj":19,"viv":17,"hog":15}},{"type":"Feature","geometry":{"type":"Polygon","coordinates":[[[-70.61857,-33.46953],[-70.61893,-33.46955],[-70.61898,-33.46905],[-70.6186,-33.46903],[-70.61857,-33.46953]]]},"properties":{"id":"13120081002014","cut":13120,"comuna":"ÑUÑOA","pob":64,"hom":29,"muj":35,"viv":18,"hog":21}},{"type":"Feature","geometry":{"type":"Polygon","coordinates":[[[-70.58482,-33.47057],[-70.58523,-33.47054],[-70.58499,-33.46948],[-70.58457,-33.46955],[-70.58482,-33.47057]]]},"properties":{"id":"13120061004005","cut":13120,"comuna":"ÑUÑOA","pob":70,"hom":35,"muj":35,"viv":26,"hog":26}},{"type":"Feature","geometry":{"type":"Polygon","coordinates":[[[-70.61698,-33.46944],[-70.61766,-33.46948],[-70.61769,-33.46915],[-70.61703,-33.4691],[-70.61698,-33.46944]]]},"properties":{"id":"13120081002010","cut":13120,"comuna":"ÑUÑOA","pob":75,"hom":35,"muj":40,"viv":20,"hog":22}},{"type":"Feature","geometry":{"type":"Polygon","coordinates":[[[-70.58437,-33.47067],[-70.58479,-33.47061],[-70.58453,-33.46955],[-70.58409,-33.46961],[-70.58437,-33.47067]]]},"properties":{"id":"13120061004006","cut":13120,"comuna":"ÑUÑOA","pob":85,"hom":43,"muj":42,"viv":26,"hog":24}},{"type":"Feature","geometry":{"type":"Polygon","coordinates":[[[-70.59255,-33.47036],[-70.59296,-33.47063],[-70.59373,-33.46974],[-70.5933,-33.46948],[-70.59255,-33.47036]]]},"properties":{"id":"13120061001003","cut":13120,"comuna":"ÑUÑOA","pob":76,"hom":38,"muj":38,"viv":32,"hog":24}},{"type":"Feature","geometry":{"type":"Polygon","coordinates":[[[-70.618,-33.4695],[-70.61853,-33.46953],[-70.61856,-33.4692],[-70.61802,-33.46917],[-70.618,-33.4695]]]},"properties":{"id":"13120081002012","cut":13120,"comuna":"ÑUÑOA","pob":68,"hom":36,"muj":32,"viv":18,"hog":17}},{"type":"Feature","geometry":{"type":"Polygon","coordinates":[[[-70.58276,-33.46984],[-70.58285,-33.47019],[-70.58411,-33.46999],[-70.58402,-33.46962],[-70.58276,-33.46984]]]},"properties":{"id":"13120061004007","cut":13120,"comuna":"ÑUÑOA","pob":64,"hom":24,"muj":40,"viv":24,"hog":22}},{"type":"Feature","geometry":{"type":"Polygon","coordinates":[[[-70.62362,-33.46924],[-70.62314,-33.46924],[-70.62312,-33.46976],[-70.6234,-33.46977],[-70.62347,-33.46965],[-70.62386,-33.46966],[-70.62399,-33.46914],[-70.62364,-33.46914],[-70.62362,-33.46924]]]},"properties":{"id":"13120091001008","cut":13120,"comuna":"ÑUÑOA","pob":105,"hom":54,"muj":51,"viv":36,"hog":33}},{"type":"Feature","geometry":{"type":"Polygon","coordinates":[[[-70.61396,-33.46959],[-70.61441,-33.46961],[-70.61443,-33.4693],[-70.61398,-33.46929],[-70.61396,-33.46959]]]},"properties":{"id":"13120081003023","cut":13120,"comuna":"ÑUÑOA","pob":31,"hom":15,"muj":16,"viv":12,"hog":12}},{"type":"Feature","geometry":{"type":"Polygon","coordinates":[[[-70.61444,-33.46962],[-70.61481,-33.46964],[-70.61484,-33.46931],[-70.61446,-33.4693],[-70.61444,-33.46962]]]},"properties":{"id":"13120081003024","cut":13120,"comuna":"ÑUÑOA","pob":26,"hom":14,"muj":12,"viv":9,"hog":9}},{"type":"Feature","geometry":{"type":"Polygon","coordinates":[[[-70.60459,-33.47016],[-70.60488,-33.47017],[-70.60492,-33.46948],[-70.60459,-33.46946],[-70.60459,-33.47016]]]},"properties":{"id":"13120071006020","cut":13120,"comuna":"ÑUÑOA","pob":45,"hom":20,"muj":25,"viv":18,"hog":18}},{"type":"Feature","geometry":{"type":"Polygon","coordinates":[[[-70.60139,-33.47003],[-70.60166,-33.47004],[-70.60168,-33.46952],[-70.60142,-33.46951],[-70.60139,-33.47003]]]},"properties":{"id":"13120071006011","cut":13120,"comuna":"ÑUÑOA","pob":36,"hom":19,"muj":17,"viv":14,"hog":13}},{"type":"Feature","geometry":{"type":"Polygon","coordinates":[[[-70.60169,-33.47005],[-70.60195,-33.47006],[-70.60199,-33.46953],[-70.60171,-33.46952],[-70.60169,-33.47005]]]},"properties":{"id":"13120071006012","cut":13120,"comuna":"ÑUÑOA","pob":45,"hom":23,"muj":22,"viv":14,"hog":14}},{"type":"Feature","geometry":{"type":"Polygon","coordinates":[[[-70.60491,-33.47017],[-70.60518,-33.47018],[-70.60522,-33.46949],[-70.60495,-33.46948],[-70.60491,-33.47017]]]},"properties":{"id":"13120071006021","cut":13120,"comuna":"ÑUÑOA","pob":78,"hom":41,"muj":37,"viv":20,"hog":19}},{"type":"Feature","geometry":{"type":"Polygon","coordinates":[[[-70.60199,-33.47006],[-70.60226,-33.47007],[-70.60228,-33.46953],[-70.60202,-33.46953],[-70.60199,-33.47006]]]},"properties":{"id":"13120071006013","cut":13120,"comuna":"ÑUÑOA","pob":60,"hom":33,"muj":27,"viv":14,"hog":17}},{"type":"Feature","geometry":{"type":"Polygon","coordinates":[[[-70.62021,-33.46963],[-70.62073,-33.46966],[-70.62077,-33.46933],[-70.62024,-33.46929],[-70.62021,-33.46963]]]},"properties":{"id":"13120081002017","cut":13120,"comuna":"ÑUÑOA","pob":56,"hom":29,"muj":27,"viv":22,"hog":20}},{"type":"Feature","geometry":{"type":"Polygon","coordinates":[[[-70.60522,-33.47018],[-70.60549,-33.47019],[-70.60552,-33.4695],[-70.60525,-33.46949],[-70.60522,-33.47018]]]},"properties":{"id":"13120071006022","cut":13120,"comuna":"ÑUÑOA","pob":75,"hom":40,"muj":35,"viv":20,"hog":26}},{"type":"Feature","geometry":{"type":"Polygon","coordinates":[[[-70.60229,-33.47007],[-70.60256,-33.47008],[-70.60259,-33.46954],[-70.60232,-33.46953],[-70.60229,-33.47007]]]},"properties":{"id":"13120071006014","cut":13120,"comuna":"ÑUÑOA","pob":53,"hom":28,"muj":25,"viv":16,"hog":16}},{"type":"Feature","geometry":{"type":"Polygon","coordinates":[[[-70.58666,-33.46999],[-70.58676,-33.47037],[-70.58798,-33.47016],[-70.58787,-33.46973],[-70.58666,-33.46999]]]},"properties":{"id":"13120061005013","cut":13120,"comuna":"ÑUÑOA","pob":107,"hom":49,"muj":58,"viv":33,"hog":33}},{"type":"Feature","geometry":{"type":"Polygon","coordinates":[[[-70.60552,-33.47019],[-70.60579,-33.47021],[-70.60582,-33.46951],[-70.60556,-33.4695],[-70.60552,-33.47019]]]},"properties":{"id":"13120071006023","cut":13120,"comuna":"ÑUÑOA","pob":60,"hom":29,"muj":31,"viv":18,"hog":18}},{"type":"Feature","geometry":{"type":"Polygon","coordinates":[[[-70.60605,-33.47022],[-70.60613,-33.46953],[-70.60585,-33.46952],[-70.60582,-33.47021],[-70.60605,-33.47022]]]},"properties":{"id":"13120071006024","cut":13120,"comuna":"ÑUÑOA","pob":54,"hom":23,"muj":31,"viv":19,"hog":19}},{"type":"Feature","geometry":{"type":"Polygon","coordinates":[[[-70.6029,-33.47009],[-70.60316,-33.4701],[-70.60319,-33.46957],[-70.60292,-33.46956],[-70.6029,-33.47009]]]},"properties":{"id":"13120071006016","cut":13120,"comuna":"ÑUÑOA","pob":43,"hom":18,"muj":25,"viv":17,"hog":16}},{"type":"Feature","geometry":{"type":"Polygon","coordinates":[[[-70.60612,-33.47022],[-70.60648,-33.47021],[-70.60653,-33.46954],[-70.60616,-33.46953],[-70.60612,-33.47022]]]},"properties":{"id":"13120071006025","cut":13120,"comuna":"ÑUÑOA","pob":81,"hom":40,"muj":41,"viv":26,"hog":25}},{"type":"Feature","geometry":{"type":"Polygon","coordinates":[[[-70.6032,-33.4701],[-70.60347,-33.47011],[-70.60349,-33.46958],[-70.60322,-33.46957],[-70.6032,-33.4701]]]},"properties":{"id":"13120071006017","cut":13120,"comuna":"ÑUÑOA","pob":53,"hom":29,"muj":24,"viv":16,"hog":16}},{"type":"Feature","geometry":{"type":"Polygon","coordinates":[[[-70.62159,-33.46971],[-70.62167,-33.46936],[-70.62111,-33.46934],[-70.62109,-33.46968],[-70.62159,-33.46971]]]},"properties":{"id":"13120081002021","cut":13120,"comuna":"ÑUÑOA","pob":66,"hom":31,"muj":35,"viv":19,"hog":18}},{"type":"Feature","geometry":{"type":"Polygon","coordinates":[[[-70.6035,-33.47011],[-70.6038,-33.47013],[-70.60383,-33.46959],[-70.60352,-33.46958],[-70.6035,-33.47011]]]},"properties":{"id":"13120071006018","cut":13120,"comuna":"ÑUÑOA","pob":46,"hom":21,"muj":25,"viv":16,"hog":15}},{"type":"Feature","geometry":{"type":"Polygon","coordinates":[[[-70.58228,-33.46992],[-70.58253,-33.47097],[-70.58299,-33.47088],[-70.58273,-33.46985],[-70.58228,-33.46992]]]},"properties":{"id":"13120061004010","cut":13120,"comuna":"ÑUÑOA","pob":81,"hom":35,"muj":46,"viv":26,"hog":27}},{"type":"Feature","geometry":{"type":"Polygon","coordinates":[[[-70.59299,-33.47064],[-70.59342,-33.47089],[-70.59418,-33.47001],[-70.59376,-33.46976],[-70.59299,-33.47064]]]},"properties":{"id":"13120061001004","cut":13120,"comuna":"ÑUÑOA","pob":77,"hom":36,"muj":41,"viv":32,"hog":25}},{"type":"Feature","geometry":{"type":"Polygon","coordinates":[[[-70.61572,-33.47003],[-70.61604,-33.47005],[-70.61613,-33.46952],[-70.61581,-33.4695],[-70.61572,-33.47003]]]},"properties":{"id":"13120081003028","cut":13120,"comuna":"ÑUÑOA","pob":60,"hom":29,"muj":31,"viv":17,"hog":17}},{"type":"Feature","geometry":{"type":"Polygon","coordinates":[[[-70.61686,-33.46982],[-70.6176,-33.46987],[-70.61763,-33.46954],[-70.61694,-33.46951],[-70.61686,-33.46982]]]},"properties":{"id":"13120081002030","cut":13120,"comuna":"ÑUÑOA","pob":69,"hom":39,"muj":30,"viv":20,"hog":18}},{"type":"Feature","geometry":{"type":"Polygon","coordinates":[[[-70.58518,-33.47015],[-70.58526,-33.47053],[-70.58657,-33.47028],[-70.58649,-33.46992],[-70.58518,-33.47015]]]},"properties":{"id":"13120061004004","cut":13120,"comuna":"ÑUÑOA","pob":45,"hom":22,"muj":23,"viv":15,"hog":16}},{"type":"Feature","geometry":{"type":"Polygon","coordinates":[[[-70.61761,-33.47024],[-70.61798,-33.47026],[-70.61802,-33.46956],[-70.61766,-33.46954],[-70.61761,-33.47024]]]},"properties":{"id":"13120081002029","cut":13120,"comuna":"ÑUÑOA","pob":115,"hom":50,"muj":65,"viv":30,"hog":30}},{"type":"Feature","geometry":{"type":"Polygon","coordinates":[[[-70.61668,-33.47013],[-70.6168,-33.46963],[-70.61639,-33.46956],[-70.61627,-33.47008],[-70.61668,-33.47013]]]},"properties":{"id":"13120081003030","cut":13120,"comuna":"ÑUÑOA","pob":60,"hom":29,"muj":31,"viv":16,"hog":16}},{"type":"Feature","geometry":{"type":"Polygon","coordinates":[[[-70.61398,-33.47016],[-70.61438,-33.47016],[-70.61441,-33.46964],[-70.61396,-33.46961],[-70.61398,-33.47016]]]},"properties":{"id":"13120081003036","cut":13120,"comuna":"ÑUÑOA","pob":54,"hom":25,"muj":29,"viv":14,"hog":20}},{"type":"Feature","geometry":{"type":"Polygon","coordinates":[[[-70.61803,-33.47004],[-70.61841,-33.47006],[-70.61844,-33.46959],[-70.61805,-33.46957],[-70.61803,-33.47004]]]},"properties":{"id":"13120081002028","cut":13120,"comuna":"ÑUÑOA","pob":89,"hom":43,"muj":46,"viv":19,"hog":22}},{"type":"Feature","geometry":{"type":"Polygon","coordinates":[[[-70.58285,-33.47022],[-70.58293,-33.47057],[-70.5842,-33.47035],[-70.58411,-33.47001],[-70.58285,-33.47022]]]},"properties":{"id":"13120061004008","cut":13120,"comuna":"ÑUÑOA","pob":108,"hom":53,"muj":55,"viv":28,"hog":32}},{"type":"Feature","geometry":{"type":"Polygon","coordinates":[[[-70.58802,-33.47018],[-70.58813,-33.4706],[-70.58944,-33.47039],[-70.58933,-33.46995],[-70.58802,-33.47018]]]},"properties":{"id":"13120061005015","cut":13120,"comuna":"ÑUÑOA","pob":99,"hom":43,"muj":56,"viv":30,"hog":31}},{"type":"Feature","geometry":{"type":"Polygon","coordinates":[[[-70.58128,-33.47025],[-70.58171,-33.47166],[-70.58155,-33.47192],[-70.58199,-33.47213],[-70.58251,-33.47139],[-70.5822,-33.47007],[-70.58128,-33.47025]]]},"properties":{"id":"13120061004011","cut":13120,"comuna":"ÑUÑOA","pob":500,"hom":198,"muj":302,"viv":179,"hog":170}},{"type":"Feature","geometry":{"type":"Polygon","coordinates":[[[-70.61844,-33.47006],[-70.61882,-33.47008],[-70.61884,-33.46962],[-70.61848,-33.46959],[-70.61844,-33.47006]]]},"properties":{"id":"13120081002027","cut":13120,"comuna":"ÑUÑOA","pob":70,"hom":35,"muj":35,"viv":21,"hog":20}},{"type":"Feature","geometry":{"type":"Polygon","coordinates":[[[-70.61442,-33.47016],[-70.61478,-33.47019],[-70.61481,-33.46966],[-70.61444,-33.46964],[-70.61442,-33.47016]]]},"properties":{"id":"13120081003035","cut":13120,"comuna":"ÑUÑOA","pob":57,"hom":33,"muj":24,"viv":15,"hog":14}},{"type":"Feature","geometry":{"type":"Polygon","coordinates":[[[-70.61993,-33.47015],[-70.62032,-33.47017],[-70.62036,-33.46969],[-70.61997,-33.46967],[-70.61993,-33.47015]]]},"properties":{"id":"13120081002025","cut":13120,"comuna":"ÑUÑOA","pob":74,"hom":38,"muj":36,"viv":19,"hog":19}},{"type":"Feature","geometry":{"type":"Polygon","coordinates":[[[-70.58073,-33.47018],[-70.57896,-33.47048],[-70.57891,-33.47056],[-70.5803,-33.47126],[-70.58042,-33.47106],[-70.58009,-33.4711],[-70.58005,-33.47094],[-70.58037,-33.4709],[-70.58034,-33.4708],[-70.58003,-33.47085],[-70.58001,-33.47077],[-70.58032,-33.47072],[-70.5803,-33.4706],[-70.57998,-33.47065],[-70.57995,-33.47049],[-70.58039,-33.47042],[-70.58055,-33.4711],[-70.5804,-33.47133],[-70.58148,-33.47187],[-70.58159,-33.4717],[-70.58125,-33.47025],[-70.58081,-33.47033],[-70.58073,-33.47018]]]},"properties":{"id":"13120061004012","cut":13120,"comuna":"ÑUÑOA","pob":399,"hom":171,"muj":228,"viv":150,"hog":141}},{"type":"Feature","geometry":{"type":"Polygon","coordinates":[[[-70.59344,-33.47091],[-70.59388,-33.4712],[-70.59464,-33.4703],[-70.5942,-33.47003],[-70.59344,-33.47091]]]},"properties":{"id":"13120061001005","cut":13120,"comuna":"ÑUÑOA","pob":81,"hom":44,"muj":37,"viv":30,"hog":25}},{"type":"Feature","geometry":{"type":"Polygon","coordinates":[[[-70.62035,-33.47017],[-70.62072,-33.47019],[-70.62077,-33.46971],[-70.62039,-33.46969],[-70.62035,-33.47017]]]},"properties":{"id":"13120081002024","cut":13120,"comuna":"ÑUÑOA","pob":77,"hom":41,"muj":36,"viv":19,"hog":21}},{"type":"Feature","geometry":{"type":"Polygon","coordinates":[[[-70.62076,-33.47019],[-70.62113,-33.4702],[-70.62116,-33.46974],[-70.6208,-33.46971],[-70.62076,-33.47019]]]},"properties":{"id":"13120081002023","cut":13120,"comuna":"ÑUÑOA","pob":77,"hom":44,"muj":33,"viv":18,"hog":21}},{"type":"Feature","geometry":{"type":"Polygon","coordinates":[[[-70.62352,-33.46979],[-70.62312,-33.46979],[-70.62312,-33.4703],[-70.6237,-33.4703],[-70.62385,-33.46969],[-70.62357,-33.46968],[-70.62352,-33.46979]]]},"properties":{"id":"13120091001009","cut":13120,"comuna":"ÑUÑOA","pob":121,"hom":51,"muj":70,"viv":33,"hog":33}},{"type":"Feature","geometry":{"type":"Polygon","coordinates":[[[-70.62115,-33.47044],[-70.62155,-33.47046],[-70.6216,-33.46976],[-70.62119,-33.46974],[-70.62115,-33.47044]]]},"properties":{"id":"13120081002022","cut":13120,"comuna":"ÑUÑOA","pob":66,"hom":35,"muj":31,"viv":24,"hog":24}},{"type":"Feature","geometry":{"type":"Polygon","coordinates":[[[-70.58676,-33.47039],[-70.58687,-33.47081],[-70.58809,-33.47061],[-70.58798,-33.47018],[-70.58676,-33.47039]]]},"properties":{"id":"13120061005014","cut":13120,"comuna":"ÑUÑOA","pob":103,"hom":51,"muj":52,"viv":29,"hog":29}},{"type":"Feature","geometry":{"type":"Polygon","coordinates":[[[-70.61679,-33.47019],[-70.61758,-33.47024],[-70.6176,-33.4699],[-70.61686,-33.46985],[-70.61679,-33.47019]]]},"properties":{"id":"13120081002031","cut":13120,"comuna":"ÑUÑOA","pob":101,"hom":52,"muj":49,"viv":25,"hog":25}},{"type":"Feature","geometry":{"type":"Polygon","coordinates":[[[-70.61482,-33.46999],[-70.6148,-33.4706],[-70.61516,-33.47062],[-70.61521,-33.47002],[-70.61482,-33.46999]]]},"properties":{"id":"13120081003034","cut":13120,"comuna":"ÑUÑOA","pob":55,"hom":26,"muj":29,"viv":16,"hog":16}},{"type":"Feature","geometry":{"type":"Polygon","coordinates":[[[-70.58527,-33.47059],[-70.58538,-33.47095],[-70.58668,-33.47073],[-70.58657,-33.47038],[-70.58527,-33.47059]]]},"properties":{"id":"13120061004021","cut":13120,"comuna":"ÑUÑOA","pob":56,"hom":30,"muj":26,"viv":25,"hog":24}},{"type":"Feature","geometry":{"type":"Polygon","coordinates":[[[-70.6152,-33.47062],[-70.61559,-33.47062],[-70.61564,-33.47004],[-70.61524,-33.47002],[-70.6152,-33.47062]]]},"properties":{"id":"13120081003033","cut":13120,"comuna":"ÑUÑOA","pob":54,"hom":25,"muj":29,"viv":13,"hog":14}},{"type":"Feature","geometry":{"type":"Polygon","coordinates":[[[-70.58385,-33.47158],[-70.58427,-33.47152],[-70.584,-33.47044],[-70.58359,-33.47049],[-70.58385,-33.47158]]]},"properties":{"id":"13120061004018","cut":13120,"comuna":"ÑUÑOA","pob":82,"hom":40,"muj":42,"viv":27,"hog":28}},{"type":"Feature","geometry":{"type":"Polygon","coordinates":[[[-70.5939,-33.47121],[-70.59435,-33.47146],[-70.59511,-33.47058],[-70.59467,-33.47031],[-70.5939,-33.47121]]]},"properties":{"id":"13120061001006","cut":13120,"comuna":"ÑUÑOA","pob":87,"hom":33,"muj":54,"viv":30,"hog":26}},{"type":"Feature","geometry":{"type":"Polygon","coordinates":[[[-70.61572,-33.47005],[-70.61568,-33.47063],[-70.61605,-33.47067],[-70.6161,-33.47008],[-70.61572,-33.47005]]]},"properties":{"id":"13120081003032","cut":13120,"comuna":"ÑUÑOA","pob":51,"hom":23,"muj":28,"viv":16,"hog":18}},{"type":"Feature","geometry":{"type":"Polygon","coordinates":[[[-70.60458,-33.47021],[-70.60452,-33.47117],[-70.60642,-33.47123],[-70.60646,-33.47029],[-70.60611,-33.47027],[-70.60609,-33.47074],[-70.60608,-33.47027],[-70.60581,-33.47026],[-70.6058,-33.47072],[-70.60578,-33.47026],[-70.60551,-33.47025],[-70.6055,-33.47071],[-70.60548,-33.47025],[-70.60522,-33.47024],[-70.6052,-33.47067],[-70.60519,-33.47024],[-70.60491,-33.47023],[-70.60489,-33.47065],[-70.60488,-33.47023],[-70.60458,-33.47021]]]},"properties":{"id":"13120071006026","cut":13120,"comuna":"ÑUÑOA","pob":359,"hom":176,"muj":183,"viv":102,"hog":104}},{"type":"Feature","geometry":{"type":"Polygon","coordinates":[[[-70.61608,-33.47068],[-70.61656,-33.47068],[-70.61669,-33.47016],[-70.61613,-33.47009],[-70.61608,-33.47068]]]},"properties":{"id":"13120081003031","cut":13120,"comuna":"ÑUÑOA","pob":65,"hom":35,"muj":30,"viv":20,"hog":19}},{"type":"Feature","geometry":{"type":"Polygon","coordinates":[[[-70.61796,-33.47079],[-70.61835,-33.47081],[-70.6184,-33.47009],[-70.61803,-33.47007],[-70.61796,-33.47079]]]},"properties":{"id":"13120081002035","cut":13120,"comuna":"ÑUÑOA","pob":68,"hom":35,"muj":33,"viv":18,"hog":17}},{"type":"Feature","geometry":{"type":"Polygon","coordinates":[[[-70.61838,-33.47081],[-70.61875,-33.47082],[-70.61882,-33.47011],[-70.61844,-33.47009],[-70.61838,-33.47081]]]},"properties":{"id":"13120081002036","cut":13120,"comuna":"ÑUÑOA","pob":114,"hom":58,"muj":56,"viv":29,"hog":36}},{"type":"Feature","geometry":{"type":"Polygon","coordinates":[[[-70.61888,-33.47045],[-70.61947,-33.47048],[-70.6195,-33.47015],[-70.6189,-33.47011],[-70.61888,-33.47045]]]},"properties":{"id":"13120081002038","cut":13120,"comuna":"ÑUÑOA","pob":69,"hom":39,"muj":30,"viv":18,"hog":18}},{"type":"Feature","geometry":{"type":"Polygon","coordinates":[[[-70.61432,-33.47057],[-70.61438,-33.47019],[-70.61399,-33.47019],[-70.6141,-33.47043],[-70.61432,-33.47057]]]},"properties":{"id":"13120081003037","cut":13120,"comuna":"ÑUÑOA","pob":24,"hom":14,"muj":10,"viv":5,"hog":8}},{"type":"Feature","geometry":{"type":"Polygon","coordinates":[[[-70.61443,-33.47059],[-70.61477,-33.4706],[-70.61479,-33.47022],[-70.61441,-33.47019],[-70.61443,-33.47059]]]},"properties":{"id":"13120081003038","cut":13120,"comuna":"ÑUÑOA","pob":33,"hom":17,"muj":16,"viv":8,"hog":13}},{"type":"Feature","geometry":{"type":"Polygon","coordinates":[[[-70.61949,-33.47087],[-70.61984,-33.47089],[-70.6199,-33.47017],[-70.61953,-33.47015],[-70.61949,-33.47087]]]},"properties":{"id":"13120081002039","cut":13120,"comuna":"ÑUÑOA","pob":81,"hom":41,"muj":40,"viv":26,"hog":25}},{"type":"Feature","geometry":{"type":"Polygon","coordinates":[[[-70.58309,-33.44331],[-70.58363,-33.44325],[-70.58353,-33.4425],[-70.58295,-33.44256],[-70.58309,-33.44331]]]},"properties":{"id":"13120021003006","cut":13120,"comuna":"ÑUÑOA","pob":41,"hom":21,"muj":20,"viv":16,"hog":14}},{"type":"Feature","geometry":{"type":"Polygon","coordinates":[[[-70.58484,-33.47066],[-70.58509,-33.47171],[-70.58552,-33.47164],[-70.58524,-33.4706],[-70.58484,-33.47066]]]},"properties":{"id":"13120061004020","cut":13120,"comuna":"ÑUÑOA","pob":64,"hom":32,"muj":32,"viv":24,"hog":24}},{"type":"Feature","geometry":{"type":"Polygon","coordinates":[[[-70.60665,-33.47033],[-70.60657,-33.47125],[-70.60748,-33.47129],[-70.6075,-33.47095],[-70.60751,-33.47129],[-70.60824,-33.4713],[-70.60826,-33.47095],[-70.60804,-33.47093],[-70.60827,-33.47092],[-70.60824,-33.47043],[-70.60798,-33.47041],[-70.60792,-33.47085],[-70.60794,-33.47041],[-70.60746,-33.47038],[-70.60741,-33.47069],[-70.60743,-33.47037],[-70.60695,-33.47034],[-70.60693,-33.47077],[-70.60692,-33.47034],[-70.60665,-33.47033]]]},"properties":{"id":"13120081004015","cut":13120,"comuna":"ÑUÑOA","pob":342,"hom":167,"muj":175,"viv":117,"hog":123}},{"type":"Feature","geometry":{"type":"Polygon","coordinates":[[[-70.61987,-33.47089],[-70.62026,-33.47091],[-70.62032,-33.4702],[-70.61993,-33.47017],[-70.61987,-33.47089]]]},"properties":{"id":"13120081002040","cut":13120,"comuna":"ÑUÑOA","pob":131,"hom":66,"muj":65,"viv":29,"hog":48}},{"type":"Feature","geometry":{"type":"Polygon","coordinates":[[[-70.61675,-33.47073],[-70.61712,-33.47075],[-70.61716,-33.47024],[-70.61678,-33.47022],[-70.61675,-33.47073]]]},"properties":{"id":"13120081002032","cut":13120,"comuna":"ÑUÑOA","pob":60,"hom":36,"muj":24,"viv":17,"hog":20}},{"type":"Feature","geometry":{"type":"Polygon","coordinates":[[[-70.62029,-33.47091],[-70.62066,-33.47093],[-70.62072,-33.47022],[-70.62035,-33.4702],[-70.62029,-33.47091]]]},"properties":{"id":"13120081002041","cut":13120,"comuna":"ÑUÑOA","pob":48,"hom":27,"muj":21,"viv":18,"hog":17}},{"type":"Feature","geometry":{"type":"Polygon","coordinates":[[[-70.61715,-33.47075],[-70.61754,-33.47077],[-70.61757,-33.47026],[-70.61719,-33.47024],[-70.61715,-33.47075]]]},"properties":{"id":"13120081002033","cut":13120,"comuna":"ÑUÑOA","pob":68,"hom":31,"muj":37,"viv":18,"hog":20}},{"type":"Feature","geometry":{"type":"Polygon","coordinates":[[[-70.58687,-33.47084],[-70.58698,-33.47128],[-70.58822,-33.47109],[-70.5881,-33.47063],[-70.58687,-33.47084]]]},"properties":{"id":"13120061005017","cut":13120,"comuna":"ÑUÑOA","pob":65,"hom":29,"muj":36,"viv":20,"hog":19}},{"type":"Feature","geometry":{"type":"Polygon","coordinates":[[[-70.62069,-33.47094],[-70.62107,-33.47095],[-70.62113,-33.47023],[-70.62075,-33.47022],[-70.62069,-33.47094]]]},"properties":{"id":"13120081002042","cut":13120,"comuna":"ÑUÑOA","pob":96,"hom":45,"muj":51,"viv":29,"hog":30}},{"type":"Feature","geometry":{"type":"Polygon","coordinates":[[[-70.61757,-33.47077],[-70.61793,-33.47079],[-70.61798,-33.47029],[-70.61761,-33.47027],[-70.61757,-33.47077]]]},"properties":{"id":"13120081002034","cut":13120,"comuna":"ÑUÑOA","pob":78,"hom":36,"muj":42,"viv":18,"hog":21}},{"type":"Feature","geometry":{"type":"Polygon","coordinates":[[[-70.59437,-33.47148],[-70.59479,-33.47172],[-70.59555,-33.47085],[-70.59514,-33.4706],[-70.59437,-33.47148]]]},"properties":{"id":"13120061001007","cut":13120,"comuna":"ÑUÑOA","pob":95,"hom":50,"muj":45,"viv":32,"hog":30}},{"type":"Feature","geometry":{"type":"Polygon","coordinates":[[[-70.60836,-33.47046],[-70.60835,-33.47131],[-70.61001,-33.47135],[-70.61004,-33.47053],[-70.60972,-33.4705],[-70.60967,-33.4709],[-70.60969,-33.4705],[-70.60926,-33.47048],[-70.60921,-33.47076],[-70.60923,-33.47048],[-70.60871,-33.47045],[-70.60866,-33.47087],[-70.60868,-33.47045],[-70.60836,-33.47046]]]},"properties":{"id":"13120081004014","cut":13120,"comuna":"ÑUÑOA","pob":272,"hom":135,"muj":137,"viv":95,"hog":92}},{"type":"Feature","geometry":{"type":"Polygon","coordinates":[[[-70.58539,-33.47097],[-70.58546,-33.47131],[-70.58678,-33.47109],[-70.58669,-33.47075],[-70.58539,-33.47097]]]},"properties":{"id":"13120061004022","cut":13120,"comuna":"ÑUÑOA","pob":86,"hom":33,"muj":53,"viv":26,"hog":26}},{"type":"Feature","geometry":{"type":"Polygon","coordinates":[[[-70.58261,-33.47136],[-70.58371,-33.47116],[-70.58363,-33.47081],[-70.58254,-33.471],[-70.58261,-33.47136]]]},"properties":{"id":"13120061004017","cut":13120,"comuna":"ÑUÑOA","pob":60,"hom":24,"muj":36,"viv":20,"hog":19}},{"type":"Feature","geometry":{"type":"Polygon","coordinates":[[[-70.61014,-33.47057],[-70.61013,-33.47139],[-70.61178,-33.47143],[-70.61181,-33.4706],[-70.61149,-33.47058],[-70.61144,-33.47095],[-70.61146,-33.47058],[-70.61102,-33.47056],[-70.611,-33.47085],[-70.61117,-33.47088],[-70.61078,-33.47087],[-70.61097,-33.47085],[-70.61099,-33.47056],[-70.61049,-33.47053],[-70.61044,-33.47093],[-70.61046,-33.47053],[-70.61014,-33.47057]]]},"properties":{"id":"13120081004011","cut":13120,"comuna":"ÑUÑOA","pob":193,"hom":99,"muj":94,"viv":69,"hog":65}},{"type":"Feature","geometry":{"type":"Polygon","coordinates":[[[-70.58837,-33.47157],[-70.58851,-33.47212],[-70.58941,-33.47204],[-70.58937,-33.47185],[-70.58947,-33.47184],[-70.58965,-33.47211],[-70.59038,-33.47124],[-70.5898,-33.47085],[-70.58953,-33.4709],[-70.58962,-33.47135],[-70.58837,-33.47157]]]},"properties":{"id":"13120061005020","cut":13120,"comuna":"ÑUÑOA","pob":227,"hom":104,"muj":123,"viv":96,"hog":87}},{"type":"Feature","geometry":{"type":"Polygon","coordinates":[[[-70.61886,-33.4708],[-70.61946,-33.47087],[-70.61947,-33.47051],[-70.61887,-33.47047],[-70.61886,-33.4708]]]},"properties":{"id":"13120081002037","cut":13120,"comuna":"ÑUÑOA","pob":44,"hom":25,"muj":19,"viv":19,"hog":17}},{"type":"Feature","geometry":{"type":"Polygon","coordinates":[[[-70.6211,-33.47095],[-70.6215,-33.47093],[-70.62155,-33.47049],[-70.62114,-33.47046],[-70.6211,-33.47095]]]},"properties":{"id":"13120081002043","cut":13120,"comuna":"ÑUÑOA","pob":47,"hom":24,"muj":23,"viv":17,"hog":16}},{"type":"Feature","geometry":{"type":"Polygon","coordinates":[[[-70.61194,-33.47061],[-70.61187,-33.47144],[-70.61241,-33.47147],[-70.61247,-33.4711],[-70.61245,-33.47146],[-70.61283,-33.4715],[-70.61284,-33.47114],[-70.61286,-33.4715],[-70.61329,-33.47151],[-70.61331,-33.47123],[-70.6133,-33.47151],[-70.61347,-33.47152],[-70.61349,-33.47073],[-70.61316,-33.47069],[-70.61314,-33.47107],[-70.61313,-33.47069],[-70.61274,-33.47065],[-70.61271,-33.47093],[-70.61286,-33.47096],[-70.61255,-33.47095],[-70.61268,-33.47093],[-70.61271,-33.47065],[-70.61226,-33.47062],[-70.61224,-33.47101],[-70.61223,-33.47062],[-70.61194,-33.47061]]]},"properties":{"id":"13120081004008","cut":13120,"comuna":"ÑUÑOA","pob":308,"hom":148,"muj":160,"viv":104,"hog":104}},{"type":"Feature","geometry":{"type":"Polygon","coordinates":[[[-70.58826,-33.47111],[-70.58837,-33.47154],[-70.58959,-33.47132],[-70.5895,-33.4709],[-70.58826,-33.47111]]]},"properties":{"id":"13120061005019","cut":13120,"comuna":"ÑUÑOA","pob":73,"hom":40,"muj":33,"viv":26,"hog":24}},{"type":"Feature","geometry":{"type":"Polygon","coordinates":[[[-70.59592,-33.4717],[-70.59595,-33.47234],[-70.59653,-33.47233],[-70.59647,-33.47142],[-70.59558,-33.47086],[-70.59524,-33.47125],[-70.59592,-33.4717]]]},"properties":{"id":"13120061001008","cut":13120,"comuna":"ÑUÑOA","pob":123,"hom":61,"muj":62,"viv":42,"hog":37}},{"type":"Feature","geometry":{"type":"Polygon","coordinates":[[[-70.61362,-33.47208],[-70.61396,-33.47206],[-70.61406,-33.47075],[-70.6136,-33.47074],[-70.61355,-33.47184],[-70.61362,-33.47208]]]},"properties":{"id":"13120081004006","cut":13120,"comuna":"ÑUÑOA","pob":43,"hom":35,"muj":8,"viv":1,"hog":0}},{"type":"Feature","geometry":{"type":"Polygon","coordinates":[[[-70.60052,-33.47123],[-70.60069,-33.47127],[-70.60069,-33.47152],[-70.60053,-33.47155],[-70.60055,-33.47184],[-70.60116,-33.47183],[-70.60116,-33.47123],[-70.60106,-33.47104],[-70.60084,-33.47093],[-70.60051,-33.47093],[-70.60052,-33.47123]]]},"properties":{"id":"13120071007004","cut":13120,"comuna":"ÑUÑOA","pob":79,"hom":46,"muj":33,"viv":25,"hog":23}},{"type":"Feature","geometry":{"type":"Polygon","coordinates":[[[-70.61423,-33.47075],[-70.61412,-33.47154],[-70.61457,-33.47156],[-70.61459,-33.47119],[-70.6146,-33.47156],[-70.61502,-33.47154],[-70.61504,-33.47123],[-70.61505,-33.47153],[-70.61548,-33.47155],[-70.61555,-33.47127],[-70.61552,-33.47155],[-70.61546,-33.47158],[-70.61505,-33.47156],[-70.61499,-33.47217],[-70.61401,-33.47215],[-70.61395,-33.47272],[-70.61637,-33.47296],[-70.61652,-33.4709],[-70.61423,-33.47075]]]},"properties":{"id":"13120081004003","cut":13120,"comuna":"ÑUÑOA","pob":152,"hom":74,"muj":78,"viv":42,"hog":45}},{"type":"Feature","geometry":{"type":"Polygon","coordinates":[[[-70.59873,-33.47108],[-70.59877,-33.47192],[-70.60021,-33.47187],[-70.59878,-33.47194],[-70.59888,-33.47365],[-70.59943,-33.47369],[-70.59943,-33.47314],[-70.59947,-33.47369],[-70.59998,-33.47372],[-70.59998,-33.47312],[-70.60002,-33.47372],[-70.60119,-33.47378],[-70.60118,-33.47187],[-70.60052,-33.47186],[-70.6005,-33.47155],[-70.60034,-33.47154],[-70.60031,-33.47128],[-70.60049,-33.47126],[-70.60048,-33.47093],[-70.59881,-33.47099],[-70.59873,-33.47108]]]},"properties":{"id":"13120071007005","cut":13120,"comuna":"ÑUÑOA","pob":1069,"hom":459,"muj":610,"viv":496,"hog":398}},{"type":"Feature","geometry":{"type":"Polygon","coordinates":[[[-70.60247,-33.47243],[-70.60254,-33.47236],[-70.60168,-33.47125],[-70.60125,-33.47094],[-70.60126,-33.47236],[-70.60247,-33.47243]]]},"properties":{"id":"13120071007003","cut":13120,"comuna":"ÑUÑOA","pob":55,"hom":27,"muj":28,"viv":19,"hog":19}},{"type":"Feature","geometry":{"type":"Polygon","coordinates":[[[-70.58699,-33.47131],[-70.5871,-33.47175],[-70.58834,-33.47154],[-70.58823,-33.47112],[-70.58699,-33.47131]]]},"properties":{"id":"13120061005018","cut":13120,"comuna":"ÑUÑOA","pob":84,"hom":40,"muj":44,"viv":29,"hog":29}},{"type":"Feature","geometry":{"type":"Polygon","coordinates":[[[-70.58275,-33.47177],[-70.58382,-33.47159],[-70.58371,-33.47119],[-70.58261,-33.47139],[-70.58247,-33.47164],[-70.58275,-33.47177]]]},"properties":{"id":"13120061004016","cut":13120,"comuna":"ÑUÑOA","pob":63,"hom":31,"muj":32,"viv":22,"hog":22}},{"type":"Feature","geometry":{"type":"Polygon","coordinates":[[[-70.59697,-33.4711],[-70.59701,-33.47143],[-70.59737,-33.47144],[-70.59701,-33.47146],[-70.59717,-33.47234],[-70.59699,-33.47235],[-70.59691,-33.47108],[-70.59657,-33.47109],[-70.5967,-33.47349],[-70.59864,-33.47365],[-70.59863,-33.4729],[-70.5982,-33.47288],[-70.59818,-33.47312],[-70.59817,-33.47288],[-70.59784,-33.47287],[-70.59781,-33.47311],[-70.59781,-33.47287],[-70.59753,-33.47285],[-70.59863,-33.47288],[-70.59862,-33.47253],[-70.5975,-33.47256],[-70.59678,-33.47251],[-70.59749,-33.47252],[-70.59756,-33.47218],[-70.59859,-33.47214],[-70.59853,-33.47103],[-70.59697,-33.4711]]]},"properties":{"id":"13120061001028","cut":13120,"comuna":"ÑUÑOA","pob":546,"hom":256,"muj":290,"viv":249,"hog":213}},{"type":"Feature","geometry":{"type":"Polygon","coordinates":[[[-70.59266,-33.47189],[-70.59268,-33.47222],[-70.59319,-33.47222],[-70.59317,-33.47165],[-70.59225,-33.47109],[-70.59195,-33.47144],[-70.59266,-33.47189]]]},"properties":{"id":"13120061001014","cut":13120,"comuna":"ÑUÑOA","pob":97,"hom":43,"muj":54,"viv":38,"hog":31}},{"type":"Feature","geometry":{"type":"Polygon","coordinates":[[[-70.61663,-33.47095],[-70.6165,-33.47299],[-70.61988,-33.47315],[-70.61992,-33.47267],[-70.61969,-33.47267],[-70.61992,-33.47265],[-70.61998,-33.47109],[-70.61663,-33.47095]]]},"properties":{"id":"13120081004002","cut":13120,"comuna":"ÑUÑOA","pob":34,"hom":20,"muj":14,"viv":5,"hog":4}},{"type":"Feature","geometry":{"type":"Polygon","coordinates":[[[-70.60177,-33.47126],[-70.6027,-33.47243],[-70.60304,-33.47246],[-70.60308,-33.47201],[-70.60307,-33.47246],[-70.60355,-33.47248],[-70.60357,-33.47208],[-70.60358,-33.47248],[-70.60432,-33.47251],[-70.60436,-33.47201],[-70.60379,-33.47196],[-70.60436,-33.47198],[-70.60436,-33.47124],[-70.60344,-33.47122],[-70.60338,-33.47179],[-70.60341,-33.47121],[-70.6032,-33.47121],[-70.60318,-33.47182],[-70.60317,-33.47121],[-70.60178,-33.47114],[-70.60177,-33.47126]]]},"properties":{"id":"13120071007002","cut":13120,"comuna":"ÑUÑOA","pob":325,"hom":145,"muj":180,"viv":145,"hog":119}},{"type":"Feature","geometry":{"type":"Polygon","coordinates":[[[-70.59538,-33.47194],[-70.5954,-33.47236],[-70.59591,-33.47234],[-70.59589,-33.47171],[-70.59522,-33.47127],[-70.59489,-33.47165],[-70.59538,-33.47194]]]},"properties":{"id":"13120061001009","cut":13120,"comuna":"ÑUÑOA","pob":75,"hom":37,"muj":38,"viv":31,"hog":27}},{"type":"Feature","geometry":{"type":"Polygon","coordinates":[[[-70.59052,-33.47137],[-70.58875,-33.47341],[-70.58887,-33.47381],[-70.58965,-33.47393],[-70.58933,-33.47378],[-70.59019,-33.47386],[-70.59145,-33.47371],[-70.59143,-33.47325],[-70.59018,-33.4733],[-70.59004,-33.47323],[-70.59088,-33.47324],[-70.59079,-33.47272],[-70.5915,-33.4719],[-70.59052,-33.47137]]]},"properties":{"id":"13120061005024","cut":13120,"comuna":"ÑUÑOA","pob":723,"hom":334,"muj":389,"viv":269,"hog":259}},{"type":"Feature","geometry":{"type":"Polygon","coordinates":[[[-70.60446,-33.47129],[-70.60442,-33.47253],[-70.60541,-33.47259],[-70.60573,-33.47216],[-70.60639,-33.47197],[-70.60639,-33.47132],[-70.60523,-33.47127],[-70.60519,-33.47174],[-70.6052,-33.47127],[-70.60446,-33.47129]]]},"properties":{"id":"13120071007001","cut":13120,"comuna":"ÑUÑOA","pob":250,"hom":121,"muj":129,"viv":76,"hog":72}},{"type":"Feature","geometry":{"type":"Polygon","coordinates":[[[-70.58278,-33.4718],[-70.58288,-33.47221],[-70.58438,-33.47193],[-70.58428,-33.47154],[-70.58278,-33.4718]]]},"properties":{"id":"13120061004015","cut":13120,"comuna":"ÑUÑOA","pob":69,"hom":40,"muj":29,"viv":22,"hog":20}},{"type":"Feature","geometry":{"type":"Polygon","coordinates":[[[-70.62004,-33.47318],[-70.62327,-33.47332],[-70.62359,-33.47212],[-70.62355,-33.47193],[-70.62306,-33.47154],[-70.62234,-33.47127],[-70.6201,-33.4711],[-70.62004,-33.47318]]]},"properties":{"id":"13120081004001","cut":13120,"comuna":"ÑUÑOA","pob":8,"hom":4,"muj":4,"viv":1,"hog":0}},{"type":"Feature","geometry":{"type":"Polygon","coordinates":[[[-70.59202,-33.47222],[-70.59264,-33.47223],[-70.59263,-33.4719],[-70.59193,-33.47146],[-70.59158,-33.47188],[-70.59202,-33.47222]]]},"properties":{"id":"13120061001015","cut":13120,"comuna":"ÑUÑOA","pob":45,"hom":16,"muj":29,"viv":21,"hog":17}},{"type":"Feature","geometry":{"type":"Polygon","coordinates":[[[-70.5851,-33.47174],[-70.58518,-33.47209],[-70.58642,-33.47188],[-70.58634,-33.47153],[-70.5851,-33.47174]]]},"properties":{"id":"13120061004025","cut":13120,"comuna":"ÑUÑOA","pob":80,"hom":37,"muj":43,"viv":25,"hog":25}},{"type":"Feature","geometry":{"type":"Polygon","coordinates":[[[-70.60757,-33.4719],[-70.6065,-33.47187],[-70.60648,-33.47241],[-70.60817,-33.47245],[-70.60822,-33.4714],[-70.60655,-33.47133],[-70.6065,-33.47185],[-70.60757,-33.4719]]]},"properties":{"id":"13120081004016","cut":13120,"comuna":"ÑUÑOA","pob":111,"hom":51,"muj":60,"viv":47,"hog":40}},{"type":"Feature","geometry":{"type":"Polygon","coordinates":[[[-70.58711,-33.47178],[-70.5872,-33.4722],[-70.58844,-33.47199],[-70.58834,-33.47157],[-70.58711,-33.47178]]]},"properties":{"id":"13120061005021","cut":13120,"comuna":"ÑUÑOA","pob":84,"hom":43,"muj":41,"viv":29,"hog":27}},{"type":"Feature","geometry":{"type":"Polygon","coordinates":[[[-70.58209,-33.47217],[-70.58329,-33.47284],[-70.58314,-33.4722],[-70.58286,-33.47224],[-70.58274,-33.4718],[-70.58245,-33.47167],[-70.58209,-33.47217]]]},"properties":{"id":"13120061004013","cut":13120,"comuna":"ÑUÑOA","pob":119,"hom":52,"muj":67,"viv":48,"hog":43}},{"type":"Feature","geometry":{"type":"Polygon","coordinates":[[[-70.60829,-33.4725],[-70.60992,-33.47257],[-70.60998,-33.47146],[-70.60832,-33.4714],[-70.60829,-33.4725]]]},"properties":{"id":"13120081004013","cut":13120,"comuna":"ÑUÑOA","pob":69,"hom":38,"muj":31,"viv":26,"hog":24}},{"type":"Feature","geometry":{"type":"Polygon","coordinates":[[[-70.61008,-33.4715],[-70.61003,-33.47257],[-70.61171,-33.47263],[-70.61174,-33.47152],[-70.6107,-33.47147],[-70.61065,-33.472],[-70.61068,-33.47147],[-70.61052,-33.47147],[-70.61051,-33.47178],[-70.61049,-33.47147],[-70.61008,-33.4715]]]},"properties":{"id":"13120081004012","cut":13120,"comuna":"ÑUÑOA","pob":61,"hom":31,"muj":30,"viv":20,"hog":20}},{"type":"Feature","geometry":{"type":"Polygon","coordinates":[[[-70.61256,-33.47205],[-70.61295,-33.47206],[-70.61298,-33.47153],[-70.61254,-33.47151],[-70.61256,-33.47205]]]},"properties":{"id":"13120081004009","cut":13120,"comuna":"ÑUÑOA","pob":53,"hom":27,"muj":26,"viv":13,"hog":15}},{"type":"Feature","geometry":{"type":"Polygon","coordinates":[[[-70.61342,-33.47271],[-70.61351,-33.47216],[-70.61247,-33.4721],[-70.61246,-33.47157],[-70.61186,-33.47156],[-70.61179,-33.47264],[-70.61342,-33.47271]]]},"properties":{"id":"13120081004010","cut":13120,"comuna":"ÑUÑOA","pob":96,"hom":47,"muj":49,"viv":35,"hog":34}},{"type":"Feature","geometry":{"type":"Polygon","coordinates":[[[-70.61299,-33.47206],[-70.61348,-33.47204],[-70.61347,-33.47155],[-70.61301,-33.47153],[-70.61299,-33.47206]]]},"properties":{"id":"13120081004007","cut":13120,"comuna":"ÑUÑOA","pob":37,"hom":16,"muj":21,"viv":12,"hog":15}},{"type":"Feature","geometry":{"type":"Polygon","coordinates":[[[-70.58528,-33.4725],[-70.58652,-33.47228],[-70.58643,-33.47191],[-70.58519,-33.47212],[-70.58528,-33.4725]]]},"properties":{"id":"13120061004026","cut":13120,"comuna":"ÑUÑOA","pob":96,"hom":48,"muj":48,"viv":25,"hog":27}},{"type":"Feature","geometry":{"type":"Polygon","coordinates":[[[-70.61408,-33.4721],[-70.61448,-33.47211],[-70.61452,-33.47158],[-70.61412,-33.47157],[-70.61408,-33.4721]]]},"properties":{"id":"13120081004005","cut":13120,"comuna":"ÑUÑOA","pob":54,"hom":25,"muj":29,"viv":12,"hog":14}},{"type":"Feature","geometry":{"type":"Polygon","coordinates":[[[-70.61451,-33.47211],[-70.61495,-33.4721],[-70.61497,-33.47161],[-70.61456,-33.47158],[-70.61451,-33.47211]]]},"properties":{"id":"13120081004004","cut":13120,"comuna":"ÑUÑOA","pob":32,"hom":18,"muj":14,"viv":12,"hog":11}},{"type":"Feature","geometry":{"type":"Polygon","coordinates":[[[-70.59143,-33.47259],[-70.59146,-33.47322],[-70.59203,-33.47321],[-70.59197,-33.47226],[-70.59152,-33.47191],[-70.59117,-33.47233],[-70.59143,-33.47259]]]},"properties":{"id":"13120061005026","cut":13120,"comuna":"ÑUÑOA","pob":106,"hom":48,"muj":58,"viv":37,"hog":35}},{"type":"Feature","geometry":{"type":"Polygon","coordinates":[[[-70.58426,-33.47324],[-70.58433,-33.47319],[-70.58405,-33.47205],[-70.58317,-33.47219],[-70.58333,-33.47286],[-70.58426,-33.47324]]]},"properties":{"id":"13120061004014","cut":13120,"comuna":"ÑUÑOA","pob":204,"hom":94,"muj":110,"viv":82,"hog":75}},{"type":"Feature","geometry":{"type":"Polygon","coordinates":[[[-70.58721,-33.47223],[-70.58731,-33.47266],[-70.58854,-33.47245],[-70.58845,-33.47202],[-70.58721,-33.47223]]]},"properties":{"id":"13120061005022","cut":13120,"comuna":"ÑUÑOA","pob":70,"hom":32,"muj":38,"viv":22,"hog":23}},{"type":"Feature","geometry":{"type":"Polygon","coordinates":[[[-70.58852,-33.47216],[-70.5885,-33.47253],[-70.58731,-33.47269],[-70.58742,-33.4731],[-70.5887,-33.47315],[-70.58909,-33.47276],[-70.58879,-33.47273],[-70.5889,-33.47266],[-70.58888,-33.47249],[-70.58913,-33.47271],[-70.58962,-33.47215],[-70.58944,-33.47217],[-70.58941,-33.47207],[-70.58852,-33.47216]]]},"properties":{"id":"13120061005023","cut":13120,"comuna":"ÑUÑOA","pob":364,"hom":155,"muj":209,"viv":160,"hog":140}},{"type":"Feature","geometry":{"type":"Polygon","coordinates":[[[-70.58549,-33.47341],[-70.5868,-33.47344],[-70.58724,-33.47316],[-70.58706,-33.47222],[-70.58528,-33.47254],[-70.58549,-33.47341]]]},"properties":{"id":"13120061004028","cut":13120,"comuna":"ÑUÑOA","pob":423,"hom":204,"muj":219,"viv":147,"hog":140}},{"type":"Feature","geometry":{"type":"Polygon","coordinates":[[[-70.59434,-33.47219],[-70.59438,-33.47327],[-70.59492,-33.47325],[-70.59485,-33.47217],[-70.59434,-33.47219]]]},"properties":{"id":"13120061001024","cut":13120,"comuna":"ÑUÑOA","pob":93,"hom":47,"muj":46,"viv":32,"hog":28}},{"type":"Feature","geometry":{"type":"Polygon","coordinates":[[[-70.59378,-33.47221],[-70.59383,-33.47329],[-70.59435,-33.47327],[-70.5943,-33.4722],[-70.59378,-33.47221]]]},"properties":{"id":"13120061001023","cut":13120,"comuna":"ÑUÑOA","pob":77,"hom":36,"muj":41,"viv":33,"hog":25}},{"type":"Feature","geometry":{"type":"Polygon","coordinates":[[[-70.59328,-33.47328],[-70.5938,-33.47329],[-70.59375,-33.47221],[-70.59322,-33.47223],[-70.59328,-33.47328]]]},"properties":{"id":"13120061001021","cut":13120,"comuna":"ÑUÑOA","pob":89,"hom":47,"muj":42,"viv":31,"hog":26}},{"type":"Feature","geometry":{"type":"Polygon","coordinates":[[[-70.59204,-33.47227],[-70.5921,-33.47317],[-70.59269,-33.47316],[-70.59265,-33.47227],[-70.59204,-33.47227]]]},"properties":{"id":"13120061001016","cut":13120,"comuna":"ÑUÑOA","pob":58,"hom":22,"muj":36,"viv":26,"hog":21}},{"type":"Feature","geometry":{"type":"Polygon","coordinates":[[[-70.59756,-33.47226],[-70.59756,-33.47253],[-70.59862,-33.4725],[-70.59858,-33.4722],[-70.59756,-33.47226]]]},"properties":{"id":"13120061001029","cut":13120,"comuna":"ÑUÑOA","pob":23,"hom":10,"muj":13,"viv":12,"hog":9}},{"type":"Feature","geometry":{"type":"Polygon","coordinates":[[[-70.59082,-33.47273],[-70.59091,-33.47324],[-70.59143,-33.47323],[-70.5914,-33.47257],[-70.59115,-33.47235],[-70.59082,-33.47273]]]},"properties":{"id":"13120061005025","cut":13120,"comuna":"ÑUÑOA","pob":62,"hom":28,"muj":34,"viv":22,"hog":22}},{"type":"Feature","geometry":{"type":"Polygon","coordinates":[[[-70.59268,-33.47239],[-70.59273,-33.4733],[-70.59324,-33.47328],[-70.5932,-33.47237],[-70.59268,-33.47239]]]},"properties":{"id":"13120061001019","cut":13120,"comuna":"ÑUÑOA","pob":65,"hom":31,"muj":34,"viv":26,"hog":21}},{"type":"Feature","geometry":{"type":"Polygon","coordinates":[[[-70.59595,-33.47237],[-70.59601,-33.47344],[-70.59654,-33.47344],[-70.59653,-33.47235],[-70.59595,-33.47237]]]},"properties":{"id":"13120061001027","cut":13120,"comuna":"ÑUÑOA","pob":67,"hom":32,"muj":35,"viv":28,"hog":25}},{"type":"Feature","geometry":{"type":"Polygon","coordinates":[[[-70.5954,-33.47238],[-70.59544,-33.47346],[-70.59598,-33.47344],[-70.59591,-33.47237],[-70.5954,-33.47238]]]},"properties":{"id":"13120061001026","cut":13120,"comuna":"ÑUÑOA","pob":74,"hom":32,"muj":42,"viv":27,"hog":22}},{"type":"Feature","geometry":{"type":"Polygon","coordinates":[[[-70.60258,-33.47308],[-70.60257,-33.47251],[-70.60127,-33.47244],[-70.6013,-33.47302],[-70.60258,-33.47308]]]},"properties":{"id":"13120071007006","cut":13120,"comuna":"ÑUÑOA","pob":35,"hom":14,"muj":21,"viv":15,"hog":19}},{"type":"Feature","geometry":{"type":"Polygon","coordinates":[[[-70.60275,-33.47309],[-70.60426,-33.47317],[-70.60431,-33.47261],[-70.60273,-33.47252],[-70.60275,-33.47309]]]},"properties":{"id":"13120071007007","cut":13120,"comuna":"ÑUÑOA","pob":78,"hom":47,"muj":31,"viv":28,"hog":31}},{"type":"Feature","geometry":{"type":"Polygon","coordinates":[[[-70.60643,-33.47328],[-70.60812,-33.47333],[-70.60815,-33.47256],[-70.60646,-33.47251],[-70.60643,-33.47328]]]},"properties":{"id":"13120081004017","cut":13120,"comuna":"ÑUÑOA","pob":107,"hom":47,"muj":60,"viv":47,"hog":41}},{"type":"Feature","geometry":{"type":"Polygon","coordinates":[[[-70.60446,-33.47259],[-70.60438,-33.47318],[-70.60593,-33.47324],[-70.60554,-33.47296],[-70.60506,-33.47295],[-70.60553,-33.47294],[-70.60542,-33.47263],[-70.60446,-33.47259]]]},"properties":{"id":"13120071007008","cut":13120,"comuna":"ÑUÑOA","pob":96,"hom":53,"muj":43,"viv":35,"hog":35}},{"type":"Feature","geometry":{"type":"Polygon","coordinates":[[[-70.60984,-33.47346],[-70.60991,-33.47264],[-70.60824,-33.47259],[-70.60822,-33.47336],[-70.60984,-33.47346]]]},"properties":{"id":"13120081004020","cut":13120,"comuna":"ÑUÑOA","pob":70,"hom":32,"muj":38,"viv":102,"hog":25}},{"type":"Feature","geometry":{"type":"Polygon","coordinates":[[[-70.61094,-33.47429],[-70.61113,-33.47272],[-70.61004,-33.47265],[-70.60993,-33.4742],[-70.61094,-33.47429]]]},"properties":{"id":"13120081004021","cut":13120,"comuna":"ÑUÑOA","pob":90,"hom":47,"muj":43,"viv":32,"hog":32}},{"type":"Feature","geometry":{"type":"Polygon","coordinates":[[[-70.61151,-33.47389],[-70.6111,-33.47389],[-70.61109,-33.47429],[-70.61222,-33.47435],[-70.61231,-33.47272],[-70.61118,-33.4727],[-70.6111,-33.47387],[-70.61151,-33.47389]]]},"properties":{"id":"13120081004022","cut":13120,"comuna":"ÑUÑOA","pob":68,"hom":34,"muj":34,"viv":25,"hog":21}},{"type":"Feature","geometry":{"type":"Polygon","coordinates":[[[-70.60262,-33.47386],[-70.60261,-33.47314],[-70.60129,-33.47309],[-70.6013,-33.47378],[-70.60262,-33.47386]]]},"properties":{"id":"13120071007011","cut":13120,"comuna":"ÑUÑOA","pob":129,"hom":51,"muj":78,"viv":49,"hog":48}},{"type":"Feature","geometry":{"type":"Polygon","coordinates":[[[-70.59146,-33.47325],[-70.59148,-33.47371],[-70.59203,-33.47363],[-70.59203,-33.47323],[-70.59146,-33.47325]]]},"properties":{"id":"13120061005027","cut":13120,"comuna":"ÑUÑOA","pob":45,"hom":23,"muj":22,"viv":15,"hog":12}},{"type":"Feature","geometry":{"type":"Polygon","coordinates":[[[-70.60277,-33.47386],[-70.60423,-33.47393],[-70.60426,-33.47324],[-70.60273,-33.47315],[-70.60277,-33.47386]]]},"properties":{"id":"13120071007010","cut":13120,"comuna":"ÑUÑOA","pob":75,"hom":47,"muj":28,"viv":26,"hog":23}},{"type":"Feature","geometry":{"type":"Polygon","coordinates":[[[-70.61644,-33.47456],[-70.61685,-33.47454],[-70.61692,-33.47307],[-70.61647,-33.47309],[-70.61644,-33.47456]]]},"properties":{"id":"13120081004026","cut":13120,"comuna":"ÑUÑOA","pob":99,"hom":56,"muj":43,"viv":27,"hog":27}},{"type":"Feature","geometry":{"type":"Polygon","coordinates":[[[-70.60621,-33.47405],[-70.60628,-33.47333],[-70.60436,-33.47325],[-70.60434,-33.47394],[-70.60621,-33.47405]]]},"properties":{"id":"13120071007009","cut":13120,"comuna":"ÑUÑOA","pob":98,"hom":51,"muj":47,"viv":45,"hog":40}},{"type":"Feature","geometry":{"type":"Polygon","coordinates":[[[-70.61697,-33.4746],[-70.61746,-33.47459],[-70.61753,-33.4731],[-70.617,-33.47311],[-70.61697,-33.4746]]]},"properties":{"id":"13120081004027","cut":13120,"comuna":"ÑUÑOA","pob":135,"hom":59,"muj":76,"viv":34,"hog":39}},{"type":"Feature","geometry":{"type":"Polygon","coordinates":[[[-70.61879,-33.4732],[-70.61871,-33.47465],[-70.61942,-33.47471],[-70.61945,-33.47397],[-70.61985,-33.47394],[-70.61989,-33.47325],[-70.61879,-33.4732]]]},"properties":{"id":"13120081004029","cut":13120,"comuna":"ÑUÑOA","pob":26,"hom":10,"muj":16,"viv":11,"hog":11}},{"type":"Feature","geometry":{"type":"Polygon","coordinates":[[[-70.60804,-33.47414],[-70.6081,-33.47342],[-70.60641,-33.47335],[-70.60638,-33.47404],[-70.60804,-33.47414]]]},"properties":{"id":"13120081004018","cut":13120,"comuna":"ÑUÑOA","pob":80,"hom":45,"muj":35,"viv":29,"hog":28}},{"type":"Feature","geometry":{"type":"Polygon","coordinates":[[[-70.62089,-33.4741],[-70.61992,-33.47408],[-70.61989,-33.47472],[-70.62288,-33.47488],[-70.62329,-33.47342],[-70.61998,-33.47324],[-70.61992,-33.47406],[-70.62089,-33.4741]]]},"properties":{"id":"13120081004031","cut":13120,"comuna":"ÑUÑOA","pob":58,"hom":27,"muj":31,"viv":20,"hog":20}},{"type":"Feature","geometry":{"type":"Polygon","coordinates":[[[-70.60976,-33.47423],[-70.60985,-33.47416],[-70.60987,-33.47351],[-70.60819,-33.47344],[-70.60816,-33.47413],[-70.60976,-33.47423]]]},"properties":{"id":"13120081004019","cut":13120,"comuna":"ÑUÑOA","pob":62,"hom":35,"muj":27,"viv":22,"hog":23}},{"type":"Feature","geometry":{"type":"Polygon","coordinates":[[[-70.61945,-33.47472],[-70.6198,-33.47471],[-70.61985,-33.47397],[-70.61949,-33.47397],[-70.61945,-33.47472]]]},"properties":{"id":"13120081004030","cut":13120,"comuna":"ÑUÑOA","pob":53,"hom":20,"muj":33,"viv":20,"hog":18}},{"type":"Feature","geometry":{"type":"MultiPolygon","coordinates":[[[[-70.59815,-33.44927],[-70.60042,-33.4496],[-70.60062,-33.4482],[-70.59887,-33.44801],[-70.59869,-33.44883],[-70.59815,-33.44927]]],[[[-70.59933,-33.44471],[-70.59906,-33.44627],[-70.59951,-33.44633],[-70.59963,-33.44572],[-70.59973,-33.44574],[-70.59964,-33.44575],[-70.59954,-33.44633],[-70.59983,-33.44636],[-70.59997,-33.44559],[-70.59987,-33.44636],[-70.60025,-33.4464],[-70.60037,-33.44567],[-70.60028,-33.4464],[-70.60084,-33.44645],[-70.60103,-33.4449],[-70.60062,-33.44484],[-70.60053,-33.44556],[-70.60027,-33.44554],[-70.6005,-33.44554],[-70.60059,-33.44483],[-70.59998,-33.44477],[-70.59989,-33.4454],[-70.59994,-33.44477],[-70.59933,-33.44471]]]]},"properties":{"id":"13120011004901","cut":13120,"comuna":"ÑUÑOA","pob":508,"hom":226,"muj":282,"viv":227,"hog":210}},{"type":"Feature","geometry":{"type":"MultiPolygon","coordinates":[[[[-70.58282,-33.45472],[-70.58414,-33.45491],[-70.58405,-33.45403],[-70.58278,-33.45388],[-70.58282,-33.45472]]],[[[-70.58385,-33.45284],[-70.58393,-33.45276],[-70.58386,-33.45239],[-70.58332,-33.4527],[-70.58337,-33.45279],[-70.58385,-33.45284]]],[[[-70.58398,-33.45217],[-70.58446,-33.45191],[-70.58447,-33.45183],[-70.58392,-33.45181],[-70.58398,-33.45217]]],[[[-70.5833,-33.45257],[-70.58386,-33.45226],[-70.58382,-33.45179],[-70.58324,-33.45176],[-70.5833,-33.45257]]],[[[-70.58383,-33.45059],[-70.58519,-33.45058],[-70.58493,-33.44848],[-70.58357,-33.44844],[-70.58383,-33.45059]]]]},"properties":{"id":"13120031002901","cut":13120,"comuna":"ÑUÑOA","pob":142,"hom":35,"muj":107,"viv":16,"hog":8}},{"type":"Feature","geometry":{"type":"MultiPolygon","coordinates":[[[[-70.57996,-33.46345],[-70.58048,-33.46339],[-70.58036,-33.46287],[-70.57983,-33.46296],[-70.57996,-33.46345]]],[[[-70.58033,-33.46174],[-70.58038,-33.46201],[-70.58079,-33.462],[-70.58075,-33.46167],[-70.58033,-33.46174]]],[[[-70.58008,-33.46204],[-70.58034,-33.46202],[-70.58028,-33.46171],[-70.58074,-33.46164],[-70.58071,-33.46146],[-70.57999,-33.46165],[-70.58008,-33.46204]]]]},"properties":{"id":"13120041005901","cut":13120,"comuna":"ÑUÑOA","pob":38,"hom":13,"muj":25,"viv":12,"hog":12}},{"type":"Feature","geometry":{"type":"MultiPolygon","coordinates":[[[[-70.58786,-33.46395],[-70.58669,-33.46393],[-70.58685,-33.46444],[-70.58796,-33.46441],[-70.58786,-33.46395]]],[[[-70.58724,-33.4639],[-70.58785,-33.46392],[-70.58772,-33.46337],[-70.58713,-33.46348],[-70.58724,-33.4639]]]]},"properties":{"id":"13120051002901","cut":13120,"comuna":"ÑUÑOA","pob":43,"hom":22,"muj":21,"viv":24,"hog":15}},{"type":"Feature","geometry":{"type":"MultiPolygon","coordinates":[[[[-70.5949,-33.47226],[-70.59497,-33.47349],[-70.59541,-33.47346],[-70.59536,-33.47229],[-70.59525,-33.47225],[-70.5949,-33.47226]]],[[[-70.5932,-33.47167],[-70.59322,-33.47221],[-70.59485,-33.47215],[-70.59484,-33.47179],[-70.59374,-33.47114],[-70.5932,-33.47167]]]]},"properties":{"id":"13120061001901","cut":13120,"comuna":"ÑUÑOA","pob":13,"hom":9,"muj":4,"viv":4,"hog":4}},{"type":"Feature","geometry":{"type":"MultiPolygon","coordinates":[[[[-70.58411,-33.47204],[-70.58441,-33.47325],[-70.58545,-33.47341],[-70.58515,-33.47213],[-70.58444,-33.47225],[-70.58438,-33.47198],[-70.58411,-33.47204]]],[[[-70.58655,-33.47227],[-70.58705,-33.47219],[-70.58678,-33.47112],[-70.5863,-33.47121],[-70.58655,-33.47227]]],[[[-70.58403,-33.47043],[-70.58449,-33.4722],[-70.58515,-33.47209],[-70.5848,-33.47067],[-70.58434,-33.47073],[-70.58421,-33.47038],[-70.58403,-33.47043]]]]},"properties":{"id":"13120061004901","cut":13120,"comuna":"ÑUÑOA","pob":64,"hom":32,"muj":32,"viv":25,"hog":22}},{"type":"Feature","geometry":{"type":"MultiPolygon","coordinates":[[[[-70.58813,-33.47063],[-70.58825,-33.47109],[-70.58977,-33.47083],[-70.58945,-33.47042],[-70.58813,-33.47063]]],[[[-70.58801,-33.47014],[-70.58932,-33.46993],[-70.58922,-33.46951],[-70.5879,-33.46972],[-70.58801,-33.47014]]],[[[-70.58711,-33.46841],[-70.58721,-33.46883],[-70.58778,-33.46875],[-70.58767,-33.46831],[-70.58711,-33.46841]]]]},"properties":{"id":"13120061005901","cut":13120,"comuna":"ÑUÑOA","pob":94,"hom":37,"muj":57,"viv":26,"hog":26}},{"type":"Feature","geometry":{"type":"MultiPolygon","coordinates":[[[[-70.6045,-33.46475],[-70.60495,-33.4648],[-70.60496,-33.46455],[-70.6045,-33.46453],[-70.6045,-33.46475]]],[[[-70.60159,-33.46552],[-70.60335,-33.46533],[-70.60325,-33.46412],[-70.60308,-33.46377],[-70.60157,-33.46448],[-70.60152,-33.46545],[-70.60159,-33.46552]]]]},"properties":{"id":"13120071005901","cut":13120,"comuna":"ÑUÑOA","pob":615,"hom":259,"muj":356,"viv":248,"hog":235}},{"type":"Feature","geometry":{"type":"MultiPolygon","coordinates":[[[[-70.60259,-33.47008],[-70.60286,-33.47009],[-70.60289,-33.46955],[-70.60262,-33.46955],[-70.60259,-33.47008]]],[[[-70.60235,-33.46951],[-70.60449,-33.46961],[-70.60452,-33.46885],[-70.60237,-33.46897],[-70.60235,-33.46951]]]]},"properties":{"id":"13120071006901","cut":13120,"comuna":"ÑUÑOA","pob":152,"hom":80,"muj":72,"viv":18,"hog":17}},{"type":"Feature","geometry":{"type":"MultiPolygon","coordinates":[[[[-70.61912,-33.46793],[-70.62025,-33.46798],[-70.6203,-33.46731],[-70.61918,-33.46725],[-70.61912,-33.46793]]],[[[-70.61863,-33.46675],[-70.61939,-33.4668],[-70.61941,-33.46663],[-70.61864,-33.46652],[-70.61863,-33.46675]]]]},"properties":{"id":"13120081001901","cut":13120,"comuna":"ÑUÑOA","pob":81,"hom":37,"muj":44,"viv":26,"hog":26}},{"type":"Feature","geometry":{"type":"MultiPolygon","coordinates":[[[[-70.6192,-33.46956],[-70.62018,-33.46962],[-70.62021,-33.46926],[-70.61922,-33.4692],[-70.6192,-33.46956]]],[[[-70.62113,-33.46897],[-70.62171,-33.46899],[-70.62174,-33.4687],[-70.62114,-33.46866],[-70.62113,-33.46897]]]]},"properties":{"id":"13120081002901","cut":13120,"comuna":"ÑUÑOA","pob":77,"hom":41,"muj":36,"viv":21,"hog":22}},{"type":"Feature","geometry":{"type":"MultiPolygon","coordinates":[[[[-70.61483,-33.46996],[-70.61513,-33.46998],[-70.61516,-33.46945],[-70.61487,-33.46943],[-70.61483,-33.46996]]],[[[-70.61071,-33.46219],[-70.61054,-33.46212],[-70.60944,-33.46228],[-70.60877,-33.46225],[-70.60631,-33.46243],[-70.60684,-33.46587],[-70.6066,-33.47013],[-70.61355,-33.47054],[-70.61371,-33.47018],[-70.61387,-33.46769],[-70.61474,-33.46575],[-70.61491,-33.46278],[-70.61486,-33.46196],[-70.61475,-33.46187],[-70.61174,-33.46204],[-70.61163,-33.46213],[-70.61071,-33.46219]]]]},"properties":{"id":"13120081003901","cut":13120,"comuna":"ÑUÑOA","pob":102,"hom":52,"muj":50,"viv":17,"hog":15}},{"type":"Feature","geometry":{"type":"MultiPolygon","coordinates":[[[[-70.6164,-33.4578],[-70.61683,-33.45775],[-70.61712,-33.45719],[-70.61631,-33.45726],[-70.6164,-33.4578]]],[[[-70.61686,-33.45505],[-70.61737,-33.45514],[-70.61727,-33.45448],[-70.61678,-33.45453],[-70.61686,-33.45505]]]]},"properties":{"id":"13120101003901","cut":13120,"comuna":"ÑUÑOA","pob":53,"hom":25,"muj":28,"viv":16,"hog":17}},{"type":"Feature","geometry":{"type":"MultiPolygon","coordinates":[[[[-70.61936,-33.45321],[-70.62054,-33.45337],[-70.62073,-33.45281],[-70.61953,-33.45254],[-70.61936,-33.45321]]],[[[-70.6183,-33.45306],[-70.61925,-33.45318],[-70.61944,-33.45253],[-70.61847,-33.45232],[-70.6183,-33.45306]]]]},"properties":{"id":"13120111002901","cut":13120,"comuna":"ÑUÑOA","pob":385,"hom":167,"muj":218,"viv":208,"hog":195}},{"type":"Feature","geometry":{"type":"MultiPolygon","coordinates":[[[[-70.60494,-33.45309],[-70.60502,-33.45406],[-70.60721,-33.45382],[-70.60707,-33.45292],[-70.60589,-33.45283],[-70.60582,-33.45313],[-70.60586,-33.45282],[-70.60505,-33.45275],[-70.60494,-33.45309]]],[[[-70.607,-33.45056],[-70.60712,-33.44997],[-70.60548,-33.44981],[-70.60542,-33.45036],[-70.607,-33.45056]]]]},"properties":{"id":"13120111006901","cut":13120,"comuna":"ÑUÑOA","pob":41,"hom":17,"muj":24,"viv":18,"hog":11}},{"type":"Feature","geometry":{"type":"Polygon","coordinates":[[[-70.57902,-33.44295],[-70.58137,-33.44306],[-70.58143,-33.44263],[-70.57961,-33.44255],[-70.57904,-33.44263],[-70.57902,-33.44295]]]},"properties":{"id":"13120021002004","cut":13120,"comuna":"ÑUÑOA","pob":154,"hom":77,"muj":77,"viv":42,"hog":46}},{"type":"Feature","geometry":{"type":"Polygon","coordinates":[[[-70.58164,-33.43457],[-70.58225,-33.43527],[-70.58301,-33.43482],[-70.58272,-33.43446],[-70.58252,-33.43455],[-70.58269,-33.43443],[-70.58239,-33.43411],[-70.58164,-33.43457]]]},"properties":{"id":"13120021004001","cut":13120,"comuna":"ÑUÑOA","pob":152,"hom":61,"muj":91,"viv":83,"hog":77}},{"type":"Feature","geometry":{"type":"Polygon","coordinates":[[[-70.58122,-33.43591],[-70.58219,-33.43533],[-70.58156,-33.43462],[-70.58074,-33.43507],[-70.58122,-33.43591]]]},"properties":{"id":"13120021004002","cut":13120,"comuna":"ÑUÑOA","pob":310,"hom":146,"muj":164,"viv":169,"hog":150}},{"type":"Feature","geometry":{"type":"Polygon","coordinates":[[[-70.58234,-33.43538],[-70.58301,-33.43612],[-70.58377,-33.43566],[-70.58344,-33.43527],[-70.58304,-33.43548],[-70.58342,-33.43525],[-70.58308,-33.43489],[-70.58234,-33.43538]]]},"properties":{"id":"13120021004008","cut":13120,"comuna":"ÑUÑOA","pob":83,"hom":33,"muj":50,"viv":25,"hog":24}},{"type":"Feature","geometry":{"type":"Polygon","coordinates":[[[-70.57998,-33.43658],[-70.58116,-33.43599],[-70.58064,-33.43515],[-70.57967,-33.43566],[-70.57998,-33.43658]]]},"properties":{"id":"13120021004003","cut":13120,"comuna":"ÑUÑOA","pob":704,"hom":334,"muj":370,"viv":332,"hog":306}},{"type":"Feature","geometry":{"type":"Polygon","coordinates":[[[-70.58129,-33.43601],[-70.58182,-33.43686],[-70.58294,-33.43618],[-70.58262,-33.43581],[-70.5822,-33.43598],[-70.58256,-33.43575],[-70.58226,-33.43541],[-70.58129,-33.43601]]]},"properties":{"id":"13120021004007","cut":13120,"comuna":"ÑUÑOA","pob":94,"hom":45,"muj":49,"viv":39,"hog":32}},{"type":"Feature","geometry":{"type":"Polygon","coordinates":[[[-70.57826,-33.43634],[-70.57824,-33.4371],[-70.57988,-33.43663],[-70.57978,-33.43631],[-70.57927,-33.43641],[-70.57977,-33.43628],[-70.57974,-33.43616],[-70.57926,-33.43635],[-70.57972,-33.43612],[-70.57956,-33.43572],[-70.57826,-33.43634]]]},"properties":{"id":"13120021004004","cut":13120,"comuna":"ÑUÑOA","pob":605,"hom":281,"muj":324,"viv":296,"hog":272}},{"type":"Feature","geometry":{"type":"Polygon","coordinates":[[[-70.58311,-33.43617],[-70.58376,-33.43696],[-70.58452,-33.43651],[-70.58421,-33.43614],[-70.58383,-33.43634],[-70.58419,-33.43612],[-70.58384,-33.43575],[-70.58311,-33.43617]]]},"properties":{"id":"13120021004009","cut":13120,"comuna":"ÑUÑOA","pob":71,"hom":34,"muj":37,"viv":26,"hog":23}},{"type":"Feature","geometry":{"type":"Polygon","coordinates":[[[-70.58001,-33.43665],[-70.58031,-33.43764],[-70.5808,-33.43745],[-70.58062,-33.43713],[-70.58083,-33.43744],[-70.58171,-33.43694],[-70.5812,-33.43606],[-70.58001,-33.43665]]]},"properties":{"id":"13120021004006","cut":13120,"comuna":"ÑUÑOA","pob":200,"hom":92,"muj":108,"viv":106,"hog":99}},{"type":"Feature","geometry":{"type":"Polygon","coordinates":[[[-70.58188,-33.43697],[-70.5824,-33.43785],[-70.5837,-33.43702],[-70.58341,-33.43669],[-70.58288,-33.43698],[-70.58284,-33.43693],[-70.58334,-33.43662],[-70.58303,-33.43626],[-70.58188,-33.43697]]]},"properties":{"id":"13120021004010","cut":13120,"comuna":"ÑUÑOA","pob":84,"hom":37,"muj":47,"viv":85,"hog":28}},{"type":"Feature","geometry":{"type":"Polygon","coordinates":[[[-70.57718,-33.43663],[-70.57707,-33.43766],[-70.57805,-33.43764],[-70.57813,-33.43716],[-70.57751,-33.43714],[-70.57752,-33.43706],[-70.57813,-33.43713],[-70.57818,-33.4364],[-70.57718,-33.43663]]]},"properties":{"id":"13120021005001","cut":13120,"comuna":"ÑUÑOA","pob":568,"hom":276,"muj":292,"viv":307,"hog":272}},{"type":"Feature","geometry":{"type":"Polygon","coordinates":[[[-70.5758,-33.43756],[-70.57699,-33.43763],[-70.57712,-33.4369],[-70.57705,-33.43667],[-70.57566,-33.43718],[-70.5758,-33.43756]]]},"properties":{"id":"13120021005002","cut":13120,"comuna":"ÑUÑOA","pob":149,"hom":77,"muj":72,"viv":87,"hog":74}},{"type":"Feature","geometry":{"type":"Polygon","coordinates":[[[-70.58386,-33.43703],[-70.58452,-33.43781],[-70.58527,-33.43738],[-70.58496,-33.43699],[-70.58454,-33.43717],[-70.5849,-33.43693],[-70.5846,-33.43659],[-70.58386,-33.43703]]]},"properties":{"id":"13120021006001","cut":13120,"comuna":"ÑUÑOA","pob":79,"hom":38,"muj":41,"viv":25,"hog":24}},{"type":"Feature","geometry":{"type":"Polygon","coordinates":[[[-70.57917,-33.43726],[-70.57904,-33.43697],[-70.57822,-33.43717],[-70.5781,-33.43818],[-70.57919,-33.43801],[-70.5791,-33.43774],[-70.57888,-33.43778],[-70.5788,-33.43761],[-70.5789,-33.43776],[-70.57909,-33.43771],[-70.57903,-33.43746],[-70.57922,-33.438],[-70.5802,-33.43768],[-70.57991,-33.43672],[-70.57907,-33.43696],[-70.57917,-33.43726]]]},"properties":{"id":"13120021004005","cut":13120,"comuna":"ÑUÑOA","pob":305,"hom":152,"muj":153,"viv":144,"hog":130}},{"type":"Feature","geometry":{"type":"Polygon","coordinates":[[[-70.5812,-33.43733],[-70.58149,-33.4379],[-70.58168,-33.43786],[-70.58151,-33.43792],[-70.5817,-33.43822],[-70.58231,-33.43791],[-70.58179,-33.43702],[-70.5812,-33.43733]]]},"properties":{"id":"13120021004011","cut":13120,"comuna":"ÑUÑOA","pob":28,"hom":10,"muj":18,"viv":11,"hog":11}},{"type":"Feature","geometry":{"type":"Polygon","coordinates":[[[-70.58245,-33.43795],[-70.58268,-33.43835],[-70.58302,-33.43822],[-70.58269,-33.43837],[-70.58294,-33.43873],[-70.58443,-33.43785],[-70.5841,-33.4375],[-70.58332,-33.43797],[-70.58327,-33.43791],[-70.58404,-33.43745],[-70.58375,-33.4371],[-70.58245,-33.43795]]]},"properties":{"id":"13120021006002","cut":13120,"comuna":"ÑUÑOA","pob":178,"hom":85,"muj":93,"viv":50,"hog":46}},{"type":"Feature","geometry":{"type":"Polygon","coordinates":[[[-70.57498,-33.43769],[-70.57484,-33.43757],[-70.57444,-33.43777],[-70.57441,-33.43816],[-70.57559,-33.43826],[-70.57569,-33.43767],[-70.57554,-33.43728],[-70.57486,-33.43755],[-70.57498,-33.43769]]]},"properties":{"id":"13120021005003","cut":13120,"comuna":"ÑUÑOA","pob":122,"hom":52,"muj":70,"viv":66,"hog":57}},{"type":"Feature","geometry":{"type":"Polygon","coordinates":[[[-70.58068,-33.43869],[-70.58163,-33.43829],[-70.5811,-33.43742],[-70.58033,-33.43773],[-70.58068,-33.43869]]]},"properties":{"id":"13120021004012","cut":13120,"comuna":"ÑUÑOA","pob":252,"hom":122,"muj":130,"viv":211,"hog":109}},{"type":"Feature","geometry":{"type":"Polygon","coordinates":[[[-70.58515,-33.43852],[-70.58594,-33.4381],[-70.58535,-33.43744],[-70.5846,-33.43785],[-70.58515,-33.43852]]]},"properties":{"id":"13120021006015","cut":13120,"comuna":"ÑUÑOA","pob":63,"hom":31,"muj":32,"viv":16,"hog":16}},{"type":"Feature","geometry":{"type":"Polygon","coordinates":[[[-70.57569,-33.43825],[-70.57684,-33.43827],[-70.57695,-33.43773],[-70.57581,-33.43764],[-70.57569,-33.43825]]]},"properties":{"id":"13120021005007","cut":13120,"comuna":"ÑUÑOA","pob":60,"hom":27,"muj":33,"viv":15,"hog":18}},{"type":"Feature","geometry":{"type":"Polygon","coordinates":[[[-70.57986,-33.43828],[-70.5797,-33.43793],[-70.5792,-33.43809],[-70.57918,-33.43909],[-70.58054,-33.43874],[-70.58024,-33.43779],[-70.57973,-33.43792],[-70.57986,-33.43828]]]},"properties":{"id":"13120021004013","cut":13120,"comuna":"ÑUÑOA","pob":103,"hom":49,"muj":54,"viv":37,"hog":38}},{"type":"Feature","geometry":{"type":"Polygon","coordinates":[[[-70.57427,-33.43788],[-70.57357,-33.43825],[-70.57344,-33.43862],[-70.57422,-33.4387],[-70.57428,-33.43828],[-70.57373,-33.4382],[-70.57429,-33.43818],[-70.57427,-33.43788]]]},"properties":{"id":"13120021005004","cut":13120,"comuna":"ÑUÑOA","pob":27,"hom":13,"muj":14,"viv":10,"hog":10}},{"type":"Feature","geometry":{"type":"Polygon","coordinates":[[[-70.58298,-33.43878],[-70.58309,-33.43909],[-70.58344,-33.43897],[-70.58311,-33.43912],[-70.58338,-33.43948],[-70.58507,-33.43856],[-70.58446,-33.43793],[-70.58298,-33.43878]]]},"properties":{"id":"13120021006014","cut":13120,"comuna":"ÑUÑOA","pob":325,"hom":123,"muj":202,"viv":109,"hog":99}},{"type":"Feature","geometry":{"type":"Polygon","coordinates":[[[-70.58177,-33.43827],[-70.58223,-33.43914],[-70.58252,-33.43901],[-70.58226,-33.43859],[-70.58255,-33.43899],[-70.58283,-33.43881],[-70.58238,-33.43799],[-70.58177,-33.43827]]]},"properties":{"id":"13120021006003","cut":13120,"comuna":"ÑUÑOA","pob":73,"hom":30,"muj":43,"viv":25,"hog":30}},{"type":"Feature","geometry":{"type":"Polygon","coordinates":[[[-70.57807,-33.43832],[-70.57797,-33.43927],[-70.57839,-33.43923],[-70.57839,-33.43875],[-70.57842,-33.43923],[-70.57907,-33.43912],[-70.5791,-33.43813],[-70.57807,-33.43832]]]},"properties":{"id":"13120021004014","cut":13120,"comuna":"ÑUÑOA","pob":116,"hom":52,"muj":64,"viv":50,"hog":41}},{"type":"Feature","geometry":{"type":"Polygon","coordinates":[[[-70.57432,-33.43873],[-70.57551,-33.43882],[-70.57557,-33.43837],[-70.57438,-33.43829],[-70.57432,-33.43873]]]},"properties":{"id":"13120021005005","cut":13120,"comuna":"ÑUÑOA","pob":49,"hom":22,"muj":27,"viv":18,"hog":17}},{"type":"Feature","geometry":{"type":"Polygon","coordinates":[[[-70.57746,-33.4383],[-70.57737,-33.43882],[-70.57743,-33.43831],[-70.57693,-33.43836],[-70.57675,-33.4395],[-70.57699,-33.43936],[-70.57731,-33.43933],[-70.57736,-33.439],[-70.57734,-33.43933],[-70.57786,-33.43928],[-70.57798,-33.43829],[-70.57746,-33.4383]]]},"properties":{"id":"13120021005009","cut":13120,"comuna":"ÑUÑOA","pob":79,"hom":34,"muj":45,"viv":36,"hog":35}},{"type":"Feature","geometry":{"type":"Polygon","coordinates":[[[-70.58525,-33.43864],[-70.58624,-33.43976],[-70.58665,-33.43961],[-70.58635,-33.43921],[-70.58668,-33.4396],[-70.58706,-33.43943],[-70.58603,-33.4382],[-70.58525,-33.43864]]]},"properties":{"id":"13120021006016","cut":13120,"comuna":"ÑUÑOA","pob":202,"hom":90,"muj":112,"viv":73,"hog":68}},{"type":"Feature","geometry":{"type":"Polygon","coordinates":[[[-70.58146,-33.43871],[-70.58131,-33.43851],[-70.58114,-33.43858],[-70.58124,-33.43878],[-70.58111,-33.43859],[-70.58068,-33.43878],[-70.58073,-33.439],[-70.58119,-33.43893],[-70.58074,-33.43903],[-70.58106,-33.43998],[-70.58146,-33.43973],[-70.58132,-33.43957],[-70.5812,-33.43917],[-70.58149,-33.43971],[-70.58181,-33.43949],[-70.58166,-33.43933],[-70.58156,-33.43901],[-70.58183,-33.43947],[-70.58218,-33.43922],[-70.5817,-33.43836],[-70.58134,-33.43849],[-70.58146,-33.43871]]]},"properties":{"id":"13120021006004","cut":13120,"comuna":"ÑUÑOA","pob":183,"hom":90,"muj":93,"viv":63,"hog":63}},{"type":"Feature","geometry":{"type":"Polygon","coordinates":[[[-70.57332,-33.43912],[-70.57413,-33.43923],[-70.57421,-33.43878],[-70.57341,-33.43869],[-70.57332,-33.43912]]]},"properties":{"id":"13120021005012","cut":13120,"comuna":"ÑUÑOA","pob":32,"hom":18,"muj":14,"viv":9,"hog":8}},{"type":"Feature","geometry":{"type":"Polygon","coordinates":[[[-70.57421,-33.43924],[-70.57541,-33.43935],[-70.57546,-33.43891],[-70.57429,-33.43879],[-70.57421,-33.43924]]]},"properties":{"id":"13120021005011","cut":13120,"comuna":"ÑUÑOA","pob":50,"hom":24,"muj":26,"viv":18,"hog":18}},{"type":"Feature","geometry":{"type":"Polygon","coordinates":[[[-70.58368,-33.44005],[-70.58563,-33.43926],[-70.58516,-33.43866],[-70.5834,-33.43955],[-70.58368,-33.44005]]]},"properties":{"id":"13120021006017","cut":13120,"comuna":"ÑUÑOA","pob":161,"hom":68,"muj":93,"viv":57,"hog":56}},{"type":"Feature","geometry":{"type":"Polygon","coordinates":[[[-70.57918,-33.44013],[-70.58093,-33.43998],[-70.58059,-33.43882],[-70.57919,-33.43917],[-70.57918,-33.44013]]]},"properties":{"id":"13120021006005","cut":13120,"comuna":"ÑUÑOA","pob":218,"hom":92,"muj":126,"viv":99,"hog":90}},{"type":"Feature","geometry":{"type":"Polygon","coordinates":[[[-70.57549,-33.43935],[-70.57662,-33.43954],[-70.57671,-33.4391],[-70.5756,-33.43893],[-70.57549,-33.43935]]]},"properties":{"id":"13120021005010","cut":13120,"comuna":"ÑUÑOA","pob":57,"hom":25,"muj":32,"viv":20,"hog":18}},{"type":"Feature","geometry":{"type":"Polygon","coordinates":[[[-70.58227,-33.43926],[-70.58249,-33.43957],[-70.58263,-33.43951],[-70.58259,-33.43937],[-70.58288,-33.43983],[-70.58332,-33.43966],[-70.58288,-33.43889],[-70.58227,-33.43926]]]},"properties":{"id":"13120021006013","cut":13120,"comuna":"ÑUÑOA","pob":49,"hom":25,"muj":24,"viv":15,"hog":13}},{"type":"Feature","geometry":{"type":"Polygon","coordinates":[[[-70.57335,-33.43923],[-70.57318,-33.43994],[-70.57357,-33.44],[-70.57363,-33.43975],[-70.5736,-33.44],[-70.57398,-33.44002],[-70.57408,-33.43932],[-70.57335,-33.43923]]]},"properties":{"id":"13120021005013","cut":13120,"comuna":"ÑUÑOA","pob":35,"hom":14,"muj":21,"viv":15,"hog":12}},{"type":"Feature","geometry":{"type":"Polygon","coordinates":[[[-70.57793,-33.43939],[-70.57784,-33.44024],[-70.57904,-33.44013],[-70.57907,-33.43977],[-70.57859,-33.43972],[-70.57907,-33.43972],[-70.57908,-33.43921],[-70.57793,-33.43939]]]},"properties":{"id":"13120021006006","cut":13120,"comuna":"ÑUÑOA","pob":82,"hom":42,"muj":40,"viv":25,"hog":23}},{"type":"Feature","geometry":{"type":"Polygon","coordinates":[[[-70.57417,-33.43936],[-70.57408,-33.44004],[-70.57459,-33.44009],[-70.57462,-33.43983],[-70.5745,-33.43979],[-70.57494,-33.43983],[-70.5748,-33.43985],[-70.57475,-33.44011],[-70.57526,-33.44013],[-70.57537,-33.43946],[-70.57417,-33.43936]]]},"properties":{"id":"13120021005014","cut":13120,"comuna":"ÑUÑOA","pob":81,"hom":38,"muj":43,"viv":30,"hog":28}},{"type":"Feature","geometry":{"type":"Polygon","coordinates":[[[-70.58182,-33.43957],[-70.58214,-33.43995],[-70.5818,-33.43959],[-70.58153,-33.43977],[-70.58186,-33.44021],[-70.58151,-33.43979],[-70.5811,-33.44008],[-70.58121,-33.44037],[-70.58148,-33.44029],[-70.58123,-33.4404],[-70.58138,-33.44066],[-70.58285,-33.43985],[-70.58265,-33.43954],[-70.58247,-33.4396],[-70.58224,-33.43928],[-70.58182,-33.43957]]]},"properties":{"id":"13120021006012","cut":13120,"comuna":"ÑUÑOA","pob":141,"hom":60,"muj":81,"viv":44,"hog":44}},{"type":"Feature","geometry":{"type":"Polygon","coordinates":[[[-70.57716,-33.4394],[-70.57708,-33.43986],[-70.57713,-33.4394],[-70.5767,-33.43963],[-70.57663,-33.44029],[-70.57773,-33.44024],[-70.57784,-33.43938],[-70.57716,-33.4394]]]},"properties":{"id":"13120021005016","cut":13120,"comuna":"ÑUÑOA","pob":107,"hom":51,"muj":56,"viv":30,"hog":33}},{"type":"Feature","geometry":{"type":"Polygon","coordinates":[[[-70.58407,-33.44067],[-70.58614,-33.43983],[-70.58616,-33.43979],[-70.58569,-33.43931],[-70.58376,-33.44011],[-70.58407,-33.44067]]]},"properties":{"id":"13120021006018","cut":13120,"comuna":"ÑUÑOA","pob":116,"hom":54,"muj":62,"viv":42,"hog":38}},{"type":"Feature","geometry":{"type":"Polygon","coordinates":[[[-70.57544,-33.43952],[-70.57535,-33.44017],[-70.57585,-33.44023],[-70.57589,-33.43995],[-70.57574,-33.43991],[-70.57621,-33.43996],[-70.57607,-33.43997],[-70.57605,-33.44025],[-70.57652,-33.44028],[-70.57661,-33.43961],[-70.57544,-33.43952]]]},"properties":{"id":"13120021005015","cut":13120,"comuna":"ÑUÑOA","pob":91,"hom":41,"muj":50,"viv":29,"hog":28}},{"type":"Feature","geometry":{"type":"Polygon","coordinates":[[[-70.58637,-33.43982],[-70.58775,-33.44193],[-70.58848,-33.44163],[-70.58767,-33.44028],[-70.58746,-33.44024],[-70.58704,-33.43957],[-70.58637,-33.43982]]]},"properties":{"id":"13120021003001","cut":13120,"comuna":"ÑUÑOA","pob":109,"hom":47,"muj":62,"viv":46,"hog":38}},{"type":"Feature","geometry":{"type":"Polygon","coordinates":[[[-70.58289,-33.43986],[-70.58353,-33.44087],[-70.58396,-33.4407],[-70.58334,-33.43968],[-70.58289,-33.43986]]]},"properties":{"id":"13120021006019","cut":13120,"comuna":"ÑUÑOA","pob":48,"hom":18,"muj":30,"viv":18,"hog":18}},{"type":"Feature","geometry":{"type":"Polygon","coordinates":[[[-70.58286,-33.43987],[-70.58197,-33.44042],[-70.58214,-33.44073],[-70.58247,-33.44051],[-70.58216,-33.44075],[-70.58228,-33.44098],[-70.58275,-33.44082],[-70.5823,-33.44101],[-70.58244,-33.44128],[-70.5835,-33.44088],[-70.58328,-33.44053],[-70.58278,-33.44075],[-70.58326,-33.44051],[-70.58307,-33.44021],[-70.58261,-33.44037],[-70.58305,-33.44018],[-70.58286,-33.43987]]]},"properties":{"id":"13120021006020","cut":13120,"comuna":"ÑUÑOA","pob":121,"hom":53,"muj":68,"viv":53,"hog":52}},{"type":"Feature","geometry":{"type":"Polygon","coordinates":[[[-70.57314,-33.44009],[-70.57308,-33.44065],[-70.57514,-33.44084],[-70.5752,-33.44022],[-70.57464,-33.44015],[-70.57461,-33.44041],[-70.57471,-33.44045],[-70.57429,-33.4404],[-70.57444,-33.44038],[-70.57448,-33.44014],[-70.57387,-33.44009],[-70.57384,-33.44032],[-70.57399,-33.44037],[-70.57352,-33.44032],[-70.5738,-33.44031],[-70.57384,-33.44009],[-70.57323,-33.44003],[-70.57314,-33.44009]]]},"properties":{"id":"13120021005020","cut":13120,"comuna":"ÑUÑOA","pob":111,"hom":52,"muj":59,"viv":159,"hog":42}},{"type":"Feature","geometry":{"type":"Polygon","coordinates":[[[-70.58678,-33.44237],[-70.58769,-33.44196],[-70.58621,-33.43989],[-70.58546,-33.44025],[-70.58678,-33.44237]]]},"properties":{"id":"13120021003002","cut":13120,"comuna":"ÑUÑOA","pob":155,"hom":69,"muj":86,"viv":48,"hog":45}},{"type":"Feature","geometry":{"type":"Polygon","coordinates":[[[-70.58055,-33.44008],[-70.58041,-33.44118],[-70.58139,-33.44094],[-70.58099,-33.44007],[-70.58055,-33.44008]]]},"properties":{"id":"13120021006011","cut":13120,"comuna":"ÑUÑOA","pob":167,"hom":71,"muj":96,"viv":72,"hog":69}},{"type":"Feature","geometry":{"type":"Polygon","coordinates":[[[-70.58052,-33.44009],[-70.57946,-33.44018],[-70.57935,-33.44101],[-70.57943,-33.44018],[-70.57902,-33.44022],[-70.57886,-33.44137],[-70.57923,-33.44144],[-70.57872,-33.44139],[-70.57861,-33.44234],[-70.57927,-33.44218],[-70.57943,-33.44144],[-70.58038,-33.44119],[-70.58052,-33.44009]]]},"properties":{"id":"13120021006010","cut":13120,"comuna":"ÑUÑOA","pob":160,"hom":66,"muj":94,"viv":71,"hog":70}},{"type":"Feature","geometry":{"type":"Polygon","coordinates":[[[-70.5753,-33.44029],[-70.57523,-33.44086],[-70.5761,-33.44096],[-70.57619,-33.44033],[-70.57592,-33.44029],[-70.57587,-33.4405],[-70.57563,-33.44048],[-70.57565,-33.44026],[-70.5753,-33.44029]]]},"properties":{"id":"13120021005019","cut":13120,"comuna":"ÑUÑOA","pob":51,"hom":25,"muj":26,"viv":17,"hog":16}},{"type":"Feature","geometry":{"type":"Polygon","coordinates":[[[-70.5778,-33.44037],[-70.57766,-33.44151],[-70.57867,-33.44162],[-70.5787,-33.44133],[-70.57825,-33.44126],[-70.57872,-33.4413],[-70.57883,-33.44137],[-70.57899,-33.44022],[-70.5778,-33.44037]]]},"properties":{"id":"13120021006007","cut":13120,"comuna":"ÑUÑOA","pob":434,"hom":201,"muj":233,"viv":192,"hog":182}},{"type":"Feature","geometry":{"type":"Polygon","coordinates":[[[-70.57716,-33.44106],[-70.57764,-33.44106],[-70.57772,-33.44037],[-70.57722,-33.44037],[-70.57716,-33.44106]]]},"properties":{"id":"13120021005017","cut":13120,"comuna":"ÑUÑOA","pob":60,"hom":22,"muj":38,"viv":30,"hog":28}},{"type":"Feature","geometry":{"type":"Polygon","coordinates":[[[-70.57665,-33.44036],[-70.57663,-33.44068],[-70.57661,-33.44054],[-70.57626,-33.44049],[-70.57619,-33.44096],[-70.57712,-33.44106],[-70.57719,-33.44037],[-70.57665,-33.44036]]]},"properties":{"id":"13120021005018","cut":13120,"comuna":"ÑUÑOA","pob":60,"hom":28,"muj":32,"viv":24,"hog":23}},{"type":"Feature","geometry":{"type":"Polygon","coordinates":[[[-70.58588,-33.44278],[-70.58672,-33.44241],[-70.58536,-33.44025],[-70.58454,-33.44062],[-70.58588,-33.44278]]]},"properties":{"id":"13120021003003","cut":13120,"comuna":"ÑUÑOA","pob":204,"hom":103,"muj":101,"viv":71,"hog":70}},{"type":"Feature","geometry":{"type":"Polygon","coordinates":[[[-70.58143,-33.44079],[-70.58163,-33.44157],[-70.58241,-33.44129],[-70.58227,-33.44102],[-70.58182,-33.44117],[-70.58226,-33.441],[-70.58213,-33.44077],[-70.58169,-33.44095],[-70.58212,-33.44074],[-70.58194,-33.44043],[-70.58143,-33.44079]]]},"properties":{"id":"13120021006021","cut":13120,"comuna":"ÑUÑOA","pob":98,"hom":40,"muj":58,"viv":33,"hog":35}},{"type":"Feature","geometry":{"type":"Polygon","coordinates":[[[-70.57306,-33.44072],[-70.57296,-33.44139],[-70.57346,-33.44147],[-70.57355,-33.44116],[-70.57505,-33.4413],[-70.57511,-33.44096],[-70.57306,-33.44072]]]},"properties":{"id":"13120021005021","cut":13120,"comuna":"ÑUÑOA","pob":64,"hom":33,"muj":31,"viv":26,"hog":25}},{"type":"Feature","geometry":{"type":"Polygon","coordinates":[[[-70.5844,-33.4432],[-70.58513,-33.44311],[-70.5858,-33.44283],[-70.58449,-33.44072],[-70.58411,-33.4409],[-70.5844,-33.4432]]]},"properties":{"id":"13120021003004","cut":13120,"comuna":"ÑUÑOA","pob":154,"hom":77,"muj":77,"viv":47,"hog":46}},{"type":"Feature","geometry":{"type":"Polygon","coordinates":[[[-70.57513,-33.44131],[-70.57603,-33.4414],[-70.57609,-33.44104],[-70.57522,-33.44094],[-70.57513,-33.44131]]]},"properties":{"id":"13120021005024","cut":13120,"comuna":"ÑUÑOA","pob":41,"hom":21,"muj":20,"viv":12,"hog":12}},{"type":"Feature","geometry":{"type":"Polygon","coordinates":[[[-70.58319,-33.44114],[-70.58333,-33.44142],[-70.58342,-33.4414],[-70.58328,-33.44148],[-70.58316,-33.44115],[-70.58281,-33.44128],[-70.58285,-33.44185],[-70.58339,-33.4418],[-70.58342,-33.44173],[-70.58344,-33.44189],[-70.5834,-33.44183],[-70.58285,-33.44188],[-70.58292,-33.44244],[-70.58354,-33.44242],[-70.58342,-33.44212],[-70.58362,-33.4421],[-70.58354,-33.44213],[-70.58358,-33.44241],[-70.58416,-33.44236],[-70.58412,-33.4417],[-70.5837,-33.44171],[-70.5837,-33.44164],[-70.58373,-33.4417],[-70.58412,-33.44167],[-70.58402,-33.44087],[-70.58319,-33.44114]]]},"properties":{"id":"13120021003005","cut":13120,"comuna":"ÑUÑOA","pob":137,"hom":57,"muj":80,"viv":47,"hog":50}},{"type":"Feature","geometry":{"type":"Polygon","coordinates":[[[-70.58068,-33.44114],[-70.58061,-33.44184],[-70.58151,-33.4416],[-70.58139,-33.44097],[-70.58068,-33.44114]]]},"properties":{"id":"13120021006022","cut":13120,"comuna":"ÑUÑOA","pob":177,"hom":69,"muj":108,"viv":72,"hog":64}},{"type":"Feature","geometry":{"type":"Polygon","coordinates":[[[-70.57615,-33.44108],[-70.576,-33.44193],[-70.57576,-33.44232],[-70.57645,-33.4424],[-70.57668,-33.4413],[-70.57649,-33.44241],[-70.57686,-33.44244],[-70.57689,-33.44218],[-70.57706,-33.44219],[-70.57715,-33.44137],[-70.57717,-33.44157],[-70.57757,-33.4416],[-70.57761,-33.4412],[-70.57615,-33.44108]]]},"properties":{"id":"13120021005027","cut":13120,"comuna":"ÑUÑOA","pob":199,"hom":90,"muj":109,"viv":76,"hog":77}},{"type":"Feature","geometry":{"type":"Polygon","coordinates":[[[-70.57441,-33.44187],[-70.57455,-33.44129],[-70.57357,-33.44119],[-70.5735,-33.44148],[-70.57441,-33.44187]]]},"properties":{"id":"13120021005022","cut":13120,"comuna":"ÑUÑOA","pob":37,"hom":16,"muj":21,"viv":14,"hog":13}},{"type":"Feature","geometry":{"type":"Polygon","coordinates":[[[-70.58005,-33.4413],[-70.57997,-33.442],[-70.58057,-33.44185],[-70.58065,-33.44115],[-70.58005,-33.4413]]]},"properties":{"id":"13120021006023","cut":13120,"comuna":"ÑUÑOA","pob":174,"hom":79,"muj":95,"viv":68,"hog":64}},{"type":"Feature","geometry":{"type":"Polygon","coordinates":[[[-70.57485,-33.44206],[-70.57504,-33.44133],[-70.57458,-33.44129],[-70.57447,-33.4419],[-70.57485,-33.44206]]]},"properties":{"id":"13120021005023","cut":13120,"comuna":"ÑUÑOA","pob":36,"hom":18,"muj":18,"viv":12,"hog":11}},{"type":"Feature","geometry":{"type":"Polygon","coordinates":[[[-70.57507,-33.44169],[-70.57594,-33.44187],[-70.57602,-33.44143],[-70.57513,-33.44134],[-70.57507,-33.44169]]]},"properties":{"id":"13120021005025","cut":13120,"comuna":"ÑUÑOA","pob":44,"hom":19,"muj":25,"viv":16,"hog":16}},{"type":"Feature","geometry":{"type":"Polygon","coordinates":[[[-70.57939,-33.44155],[-70.57931,-33.44217],[-70.57994,-33.44201],[-70.58002,-33.44131],[-70.57939,-33.44155]]]},"properties":{"id":"13120021006024","cut":13120,"comuna":"ÑUÑOA","pob":164,"hom":70,"muj":94,"viv":68,"hog":65}},{"type":"Feature","geometry":{"type":"Polygon","coordinates":[[[-70.58227,-33.44182],[-70.5821,-33.44155],[-70.58161,-33.44177],[-70.58158,-33.44199],[-70.58219,-33.44206],[-70.58158,-33.44202],[-70.58155,-33.44226],[-70.58184,-33.44229],[-70.58155,-33.44228],[-70.58134,-33.44392],[-70.58181,-33.44396],[-70.58134,-33.44394],[-70.58132,-33.44463],[-70.58215,-33.44462],[-70.58214,-33.44263],[-70.5822,-33.44253],[-70.58283,-33.44245],[-70.58271,-33.44135],[-70.58213,-33.44154],[-70.58227,-33.44182]]]},"properties":{"id":"13120021002001","cut":13120,"comuna":"ÑUÑOA","pob":241,"hom":105,"muj":136,"viv":87,"hog":82}},{"type":"Feature","geometry":{"type":"Polygon","coordinates":[[[-70.57293,-33.44153],[-70.57279,-33.44251],[-70.57476,-33.44275],[-70.57489,-33.44227],[-70.57445,-33.44203],[-70.57429,-33.4423],[-70.57336,-33.44218],[-70.57344,-33.44161],[-70.57293,-33.44153]]]},"properties":{"id":"13120021005033","cut":13120,"comuna":"ÑUÑOA","pob":120,"hom":56,"muj":64,"viv":38,"hog":40}},{"type":"Feature","geometry":{"type":"Polygon","coordinates":[[[-70.57761,-33.44192],[-70.57862,-33.44201],[-70.57867,-33.44164],[-70.57766,-33.44154],[-70.57761,-33.44192]]]},"properties":{"id":"13120021006008","cut":13120,"comuna":"ÑUÑOA","pob":74,"hom":30,"muj":44,"viv":30,"hog":26}},{"type":"Feature","geometry":{"type":"Polygon","coordinates":[[[-70.57338,-33.44216],[-70.57428,-33.44227],[-70.57442,-33.44202],[-70.57347,-33.44162],[-70.57338,-33.44216]]]},"properties":{"id":"13120021005032","cut":13120,"comuna":"ÑUÑOA","pob":29,"hom":15,"muj":14,"viv":13,"hog":12}},{"type":"Feature","geometry":{"type":"Polygon","coordinates":[[[-70.57713,-33.44198],[-70.57752,-33.44201],[-70.57757,-33.44162],[-70.57716,-33.44159],[-70.57713,-33.44198]]]},"properties":{"id":"13120021005028","cut":13120,"comuna":"ÑUÑOA","pob":31,"hom":11,"muj":20,"viv":12,"hog":10}},{"type":"Feature","geometry":{"type":"Polygon","coordinates":[[[-70.575,-33.44211],[-70.57568,-33.4423],[-70.57594,-33.4419],[-70.57506,-33.44171],[-70.575,-33.44211]]]},"properties":{"id":"13120021005026","cut":13120,"comuna":"ÑUÑOA","pob":42,"hom":17,"muj":25,"viv":14,"hog":14}},{"type":"Feature","geometry":{"type":"Polygon","coordinates":[[[-70.57912,-33.44235],[-70.57904,-33.4426],[-70.57961,-33.44252],[-70.58143,-33.4426],[-70.58153,-33.44176],[-70.57912,-33.44235]]]},"properties":{"id":"13120021002002","cut":13120,"comuna":"ÑUÑOA","pob":421,"hom":184,"muj":237,"viv":213,"hog":204}},{"type":"Feature","geometry":{"type":"Polygon","coordinates":[[[-70.58865,-33.44335],[-70.58941,-33.44301],[-70.58857,-33.44171],[-70.58784,-33.44204],[-70.58865,-33.44335]]]},"properties":{"id":"13120021003014","cut":13120,"comuna":"ÑUÑOA","pob":70,"hom":34,"muj":36,"viv":28,"hog":24}},{"type":"Feature","geometry":{"type":"Polygon","coordinates":[[[-70.57759,-33.4425],[-70.57791,-33.44252],[-70.57858,-33.44235],[-70.57862,-33.44204],[-70.57761,-33.44195],[-70.57759,-33.4425]]]},"properties":{"id":"13120021006009","cut":13120,"comuna":"ÑUÑOA","pob":132,"hom":58,"muj":74,"viv":55,"hog":54}},{"type":"Feature","geometry":{"type":"Polygon","coordinates":[[[-70.57708,-33.44222],[-70.57692,-33.4422],[-70.57689,-33.44245],[-70.57743,-33.44248],[-70.57752,-33.44203],[-70.57713,-33.442],[-70.57708,-33.44222]]]},"properties":{"id":"13120021005029","cut":13120,"comuna":"ÑUÑOA","pob":84,"hom":42,"muj":42,"viv":31,"hog":29}},{"type":"Feature","geometry":{"type":"Polygon","coordinates":[[[-70.58766,-33.44378],[-70.58857,-33.4434],[-70.58773,-33.44205],[-70.58684,-33.44246],[-70.58766,-33.44378]]]},"properties":{"id":"13120021003013","cut":13120,"comuna":"ÑUÑOA","pob":99,"hom":48,"muj":51,"viv":29,"hog":28}},{"type":"Feature","geometry":{"type":"Polygon","coordinates":[[[-70.57526,-33.44282],[-70.57557,-33.44241],[-70.57497,-33.44225],[-70.57488,-33.44275],[-70.57526,-33.44282]]]},"properties":{"id":"13120021005031","cut":13120,"comuna":"ÑUÑOA","pob":19,"hom":6,"muj":13,"viv":8,"hog":7}},{"type":"Feature","geometry":{"type":"Polygon","coordinates":[[[-70.57659,-33.44296],[-70.5774,-33.44275],[-70.57744,-33.44261],[-70.57574,-33.44242],[-70.57541,-33.4428],[-70.57659,-33.44296]]]},"properties":{"id":"13120021005030","cut":13120,"comuna":"ÑUÑOA","pob":302,"hom":137,"muj":165,"viv":146,"hog":134}},{"type":"Feature","geometry":{"type":"Polygon","coordinates":[[[-70.58596,-33.44285],[-70.58674,-33.44419],[-70.58757,-33.44384],[-70.58706,-33.44298],[-70.58676,-33.44315],[-70.58669,-33.44306],[-70.58705,-33.44295],[-70.58677,-33.44251],[-70.58596,-33.44285]]]},"properties":{"id":"13120021003012","cut":13120,"comuna":"ÑUÑOA","pob":81,"hom":42,"muj":39,"viv":30,"hog":26}},{"type":"Feature","geometry":{"type":"Polygon","coordinates":[[[-70.58302,-33.4447],[-70.58309,-33.44463],[-70.58287,-33.4427],[-70.58226,-33.44272],[-70.58226,-33.44462],[-70.58302,-33.4447]]]},"properties":{"id":"13120021002010","cut":13120,"comuna":"ÑUÑOA","pob":120,"hom":55,"muj":65,"viv":37,"hog":36}},{"type":"Feature","geometry":{"type":"Polygon","coordinates":[[[-70.57669,-33.44302],[-70.57487,-33.44285],[-70.5748,-33.44318],[-70.57613,-33.44334],[-70.57479,-33.4432],[-70.57474,-33.4435],[-70.57575,-33.44361],[-70.57474,-33.44353],[-70.57469,-33.44379],[-70.57559,-33.44392],[-70.57468,-33.44382],[-70.57464,-33.44425],[-70.57718,-33.44445],[-70.57729,-33.44382],[-70.57614,-33.44375],[-70.57729,-33.44379],[-70.57734,-33.44336],[-70.57653,-33.4433],[-70.57734,-33.44333],[-70.57739,-33.44283],[-70.57669,-33.44302]]]},"properties":{"id":"13120021001001","cut":13120,"comuna":"ÑUÑOA","pob":811,"hom":394,"muj":417,"viv":356,"hog":329}},{"type":"Feature","geometry":{"type":"Polygon","coordinates":[[[-70.57899,-33.4434],[-70.58132,-33.4435],[-70.58137,-33.44309],[-70.57902,-33.44297],[-70.57899,-33.4434]]]},"properties":{"id":"13120021002005","cut":13120,"comuna":"ÑUÑOA","pob":164,"hom":72,"muj":92,"viv":51,"hog":50}},{"type":"Feature","geometry":{"type":"Polygon","coordinates":[[[-70.585,-33.44327],[-70.58512,-33.44386],[-70.58542,-33.4438],[-70.58544,-33.44371],[-70.58548,-33.44392],[-70.58543,-33.44383],[-70.58513,-33.44389],[-70.58535,-33.44467],[-70.58573,-33.44462],[-70.58575,-33.44448],[-70.58614,-33.44433],[-70.58628,-33.44442],[-70.58665,-33.44426],[-70.58587,-33.44292],[-70.585,-33.44327]]]},"properties":{"id":"13120021003011","cut":13120,"comuna":"ÑUÑOA","pob":198,"hom":94,"muj":104,"viv":72,"hog":64}},{"type":"Feature","geometry":{"type":"Polygon","coordinates":[[[-70.58957,-33.4448],[-70.5903,-33.4444],[-70.58944,-33.44311],[-70.5887,-33.44345],[-70.58957,-33.4448]]]},"properties":{"id":"13120021003015","cut":13120,"comuna":"ÑUÑOA","pob":207,"hom":87,"muj":120,"viv":88,"hog":82}},{"type":"Feature","geometry":{"type":"Polygon","coordinates":[[[-70.58462,-33.44477],[-70.58527,-33.44468],[-70.58487,-33.44323],[-70.58442,-33.44332],[-70.58462,-33.44477]]]},"properties":{"id":"13120021003010","cut":13120,"comuna":"ÑUÑOA","pob":100,"hom":47,"muj":53,"viv":28,"hog":25}},{"type":"Feature","geometry":{"type":"Polygon","coordinates":[[[-70.57738,-33.44379],[-70.57888,-33.44385],[-70.5789,-33.44343],[-70.57742,-33.44336],[-70.57738,-33.44379]]]},"properties":{"id":"13120021002006","cut":13120,"comuna":"ÑUÑOA","pob":76,"hom":37,"muj":39,"viv":31,"hog":28}},{"type":"Feature","geometry":{"type":"Polygon","coordinates":[[[-70.58315,-33.44404],[-70.58436,-33.44393],[-70.5843,-33.4433],[-70.58305,-33.44339],[-70.58315,-33.44404]]]},"properties":{"id":"13120021003008","cut":13120,"comuna":"ÑUÑOA","pob":61,"hom":27,"muj":34,"viv":18,"hog":20}},{"type":"Feature","geometry":{"type":"Polygon","coordinates":[[[-70.57897,-33.44385],[-70.58126,-33.44396],[-70.58131,-33.44353],[-70.57899,-33.44343],[-70.57897,-33.44385]]]},"properties":{"id":"13120021002007","cut":13120,"comuna":"ÑUÑOA","pob":133,"hom":68,"muj":65,"viv":45,"hog":44}},{"type":"Feature","geometry":{"type":"Polygon","coordinates":[[[-70.5886,-33.44533],[-70.58948,-33.44484],[-70.58859,-33.44348],[-70.58772,-33.44387],[-70.5886,-33.44533]]]},"properties":{"id":"13120021003016","cut":13120,"comuna":"ÑUÑOA","pob":116,"hom":56,"muj":60,"viv":36,"hog":36}},{"type":"Feature","geometry":{"type":"Polygon","coordinates":[[[-70.57737,-33.44381],[-70.57735,-33.44445],[-70.57775,-33.44447],[-70.57778,-33.44423],[-70.57778,-33.44447],[-70.57883,-33.4445],[-70.57888,-33.44388],[-70.57737,-33.44381]]]},"properties":{"id":"13120021002008","cut":13120,"comuna":"ÑUÑOA","pob":226,"hom":102,"muj":124,"viv":103,"hog":91}},{"type":"Feature","geometry":{"type":"Polygon","coordinates":[[[-70.57897,-33.44388],[-70.57896,-33.4445],[-70.57946,-33.44453],[-70.57951,-33.44424],[-70.57949,-33.44453],[-70.57975,-33.44455],[-70.57978,-33.44413],[-70.57977,-33.44455],[-70.58006,-33.44456],[-70.58011,-33.44414],[-70.58009,-33.44456],[-70.58042,-33.44458],[-70.58047,-33.44421],[-70.58045,-33.44458],[-70.58118,-33.44458],[-70.58123,-33.44424],[-70.58096,-33.44423],[-70.58093,-33.44431],[-70.58093,-33.44411],[-70.58096,-33.4442],[-70.58123,-33.44422],[-70.58126,-33.44398],[-70.57897,-33.44388]]]},"properties":{"id":"13120021002009","cut":13120,"comuna":"ÑUÑOA","pob":407,"hom":199,"muj":208,"viv":192,"hog":175}},{"type":"Feature","geometry":{"type":"Polygon","coordinates":[[[-70.57249,-33.44405],[-70.57216,-33.44589],[-70.57334,-33.44604],[-70.57349,-33.44542],[-70.57337,-33.44605],[-70.57358,-33.44607],[-70.57371,-33.44533],[-70.57361,-33.44608],[-70.57424,-33.44615],[-70.57436,-33.44545],[-70.57428,-33.44616],[-70.57499,-33.44625],[-70.57508,-33.44578],[-70.57457,-33.44568],[-70.57705,-33.44586],[-70.57707,-33.44545],[-70.5745,-33.44528],[-70.57442,-33.44537],[-70.57435,-33.44517],[-70.57339,-33.44505],[-70.57437,-33.4451],[-70.57451,-33.44429],[-70.5739,-33.44423],[-70.57381,-33.44474],[-70.57369,-33.44472],[-70.57377,-33.44421],[-70.57319,-33.44415],[-70.5731,-33.44467],[-70.57297,-33.44466],[-70.57307,-33.44414],[-70.57249,-33.44405]]]},"properties":{"id":"13120021001003","cut":13120,"comuna":"ÑUÑOA","pob":917,"hom":417,"muj":500,"viv":408,"hog":387}},{"type":"Feature","geometry":{"type":"Polygon","coordinates":[[[-70.58772,-33.44578],[-70.58853,-33.44536],[-70.58761,-33.44391],[-70.5868,-33.44428],[-70.58772,-33.44578]]]},"properties":{"id":"13120021003017","cut":13120,"comuna":"ÑUÑOA","pob":100,"hom":44,"muj":56,"viv":35,"hog":33}},{"type":"Feature","geometry":{"type":"Polygon","coordinates":[[[-70.58325,-33.44471],[-70.58445,-33.44477],[-70.58439,-33.44401],[-70.58315,-33.44411],[-70.58325,-33.44471]]]},"properties":{"id":"13120021003009","cut":13120,"comuna":"ÑUÑOA","pob":65,"hom":31,"muj":34,"viv":19,"hog":19}},{"type":"Feature","geometry":{"type":"Polygon","coordinates":[[[-70.57708,-33.44495],[-70.57717,-33.44452],[-70.57459,-33.44438],[-70.5746,-33.44476],[-70.57708,-33.44495]]]},"properties":{"id":"13120021001004","cut":13120,"comuna":"ÑUÑOA","pob":221,"hom":99,"muj":122,"viv":85,"hog":81}},{"type":"Feature","geometry":{"type":"Polygon","coordinates":[[[-70.58623,-33.44456],[-70.58539,-33.44479],[-70.58591,-33.44654],[-70.58671,-33.4463],[-70.58764,-33.44584],[-70.58671,-33.44431],[-70.58623,-33.44456]]]},"properties":{"id":"13120021003018","cut":13120,"comuna":"ÑUÑOA","pob":128,"hom":63,"muj":65,"viv":36,"hog":36}},{"type":"Feature","geometry":{"type":"Polygon","coordinates":[[[-70.57728,-33.44454],[-70.57719,-33.4454],[-70.57797,-33.44544],[-70.57801,-33.44504],[-70.578,-33.44544],[-70.57878,-33.44545],[-70.57882,-33.44458],[-70.57728,-33.44454]]]},"properties":{"id":"13120021002015","cut":13120,"comuna":"ÑUÑOA","pob":146,"hom":72,"muj":74,"viv":53,"hog":51}},{"type":"Feature","geometry":{"type":"Polygon","coordinates":[[[-70.57895,-33.44458],[-70.57884,-33.44581],[-70.57972,-33.44588],[-70.57977,-33.44552],[-70.57937,-33.44547],[-70.57977,-33.44549],[-70.5798,-33.4451],[-70.57938,-33.44506],[-70.57981,-33.44507],[-70.57982,-33.44464],[-70.57895,-33.44458]]]},"properties":{"id":"13120021002014","cut":13120,"comuna":"ÑUÑOA","pob":118,"hom":56,"muj":62,"viv":40,"hog":39}},{"type":"Feature","geometry":{"type":"Polygon","coordinates":[[[-70.5799,-33.44466],[-70.57983,-33.44575],[-70.57999,-33.44606],[-70.57999,-33.44645],[-70.58093,-33.4465],[-70.58116,-33.4447],[-70.58035,-33.44464],[-70.58025,-33.44543],[-70.58032,-33.44464],[-70.5799,-33.44466]]]},"properties":{"id":"13120021002013","cut":13120,"comuna":"ÑUÑOA","pob":306,"hom":138,"muj":168,"viv":136,"hog":124}},{"type":"Feature","geometry":{"type":"Polygon","coordinates":[[[-70.59012,-33.44574],[-70.59023,-33.44574],[-70.59037,-33.44614],[-70.59025,-33.44621],[-70.59025,-33.4477],[-70.59068,-33.4477],[-70.59025,-33.44772],[-70.59026,-33.44845],[-70.59131,-33.44847],[-70.59111,-33.44575],[-70.59035,-33.4445],[-70.58959,-33.4449],[-70.59012,-33.44574]]]},"properties":{"id":"13120021003030","cut":13120,"comuna":"ÑUÑOA","pob":329,"hom":155,"muj":174,"viv":139,"hog":120}},{"type":"Feature","geometry":{"type":"Polygon","coordinates":[[[-70.58125,-33.44471],[-70.58107,-33.44651],[-70.58214,-33.44654],[-70.58212,-33.44608],[-70.58161,-33.44607],[-70.58211,-33.44606],[-70.58197,-33.44471],[-70.58125,-33.44471]]]},"properties":{"id":"13120021002012","cut":13120,"comuna":"ÑUÑOA","pob":254,"hom":116,"muj":138,"viv":104,"hog":92}},{"type":"Feature","geometry":{"type":"Polygon","coordinates":[[[-70.57452,-33.44522],[-70.57503,-33.44527],[-70.57511,-33.44488],[-70.57453,-33.44482],[-70.57452,-33.44522]]]},"properties":{"id":"13120021001006","cut":13120,"comuna":"ÑUÑOA","pob":23,"hom":10,"muj":13,"viv":8,"hog":8}},{"type":"Feature","geometry":{"type":"Polygon","coordinates":[[[-70.58208,-33.44479],[-70.58223,-33.44654],[-70.58274,-33.44658],[-70.58271,-33.44592],[-70.58276,-33.44658],[-70.58327,-33.4466],[-70.58309,-33.44478],[-70.58254,-33.44474],[-70.58256,-33.44536],[-70.58251,-33.44473],[-70.58208,-33.44479]]]},"properties":{"id":"13120021002011","cut":13120,"comuna":"ÑUÑOA","pob":153,"hom":84,"muj":69,"viv":77,"hog":48}},{"type":"Feature","geometry":{"type":"Polygon","coordinates":[[[-70.58324,-33.44477],[-70.58324,-33.44541],[-70.58369,-33.44541],[-70.58324,-33.44544],[-70.58333,-33.44602],[-70.5846,-33.44594],[-70.58449,-33.44484],[-70.58324,-33.44477]]]},"properties":{"id":"13120021003020","cut":13120,"comuna":"ÑUÑOA","pob":294,"hom":139,"muj":155,"viv":119,"hog":109}},{"type":"Feature","geometry":{"type":"Polygon","coordinates":[[[-70.58482,-33.44666],[-70.5858,-33.44654],[-70.58526,-33.44476],[-70.5846,-33.44488],[-70.58482,-33.44666]]]},"properties":{"id":"13120021003019","cut":13120,"comuna":"ÑUÑOA","pob":162,"hom":72,"muj":90,"viv":63,"hog":65}},{"type":"Feature","geometry":{"type":"Polygon","coordinates":[[[-70.57514,-33.44528],[-70.57705,-33.44539],[-70.57715,-33.44504],[-70.57518,-33.44491],[-70.57514,-33.44528]]]},"properties":{"id":"13120021001005","cut":13120,"comuna":"ÑUÑOA","pob":97,"hom":41,"muj":56,"viv":38,"hog":38}},{"type":"Feature","geometry":{"type":"Polygon","coordinates":[[[-70.58912,-33.44613],[-70.59005,-33.44577],[-70.58952,-33.44495],[-70.58864,-33.4454],[-70.58912,-33.44613]]]},"properties":{"id":"13120021003028","cut":13120,"comuna":"ÑUÑOA","pob":63,"hom":26,"muj":37,"viv":20,"hog":17}},{"type":"Feature","geometry":{"type":"Polygon","coordinates":[[[-70.59798,-33.44614],[-70.59888,-33.44624],[-70.59901,-33.44495],[-70.59816,-33.44489],[-70.59798,-33.44614]]]},"properties":{"id":"13120011005002","cut":13120,"comuna":"ÑUÑOA","pob":128,"hom":55,"muj":73,"viv":46,"hog":51}},{"type":"Feature","geometry":{"type":"Polygon","coordinates":[[[-70.59719,-33.44608],[-70.59792,-33.44614],[-70.59804,-33.44488],[-70.59728,-33.44531],[-70.59719,-33.44608]]]},"properties":{"id":"13120011005003","cut":13120,"comuna":"ÑUÑOA","pob":83,"hom":42,"muj":41,"viv":28,"hog":31}},{"type":"Feature","geometry":{"type":"Polygon","coordinates":[[[-70.60118,-33.44489],[-70.60106,-33.44544],[-70.60181,-33.44552],[-70.60106,-33.44547],[-70.60093,-33.44645],[-70.60187,-33.44656],[-70.60194,-33.44619],[-70.6019,-33.44656],[-70.60206,-33.44658],[-70.60215,-33.44619],[-70.60209,-33.44658],[-70.60264,-33.44662],[-70.60277,-33.44574],[-70.6021,-33.44567],[-70.60277,-33.44572],[-70.60285,-33.44507],[-70.60223,-33.44499],[-70.60216,-33.44539],[-70.6022,-33.44499],[-70.60175,-33.44494],[-70.60171,-33.44529],[-70.60172,-33.44494],[-70.60118,-33.44489]]]},"properties":{"id":"13120011004001","cut":13120,"comuna":"ÑUÑOA","pob":637,"hom":286,"muj":351,"viv":268,"hog":246}},{"type":"Feature","geometry":{"type":"Polygon","coordinates":[[[-70.60298,-33.44507],[-70.6029,-33.44545],[-70.60338,-33.4455],[-70.60343,-33.44543],[-70.6034,-33.44561],[-70.60338,-33.44553],[-70.6029,-33.44548],[-70.60286,-33.4458],[-70.60335,-33.44584],[-70.60285,-33.44583],[-70.60275,-33.44661],[-70.60352,-33.44672],[-70.60362,-33.44623],[-70.60355,-33.44672],[-70.60411,-33.44678],[-70.60423,-33.44596],[-70.60377,-33.44589],[-70.60424,-33.44593],[-70.60428,-33.44561],[-70.6038,-33.44554],[-70.60428,-33.44559],[-70.60432,-33.44522],[-70.60298,-33.44507]]]},"properties":{"id":"13120011001002","cut":13120,"comuna":"ÑUÑOA","pob":317,"hom":156,"muj":161,"viv":132,"hog":107}},{"type":"Feature","geometry":{"type":"Polygon","coordinates":[[[-70.57714,-33.44567],[-70.57764,-33.44567],[-70.57763,-33.44574],[-70.57714,-33.4457],[-70.57713,-33.44635],[-70.57871,-33.44639],[-70.57875,-33.44553],[-70.5772,-33.44545],[-70.57714,-33.44567]]]},"properties":{"id":"13120021002016","cut":13120,"comuna":"ÑUÑOA","pob":230,"hom":98,"muj":132,"viv":105,"hog":105}},{"type":"Feature","geometry":{"type":"Polygon","coordinates":[[[-70.6048,-33.44611],[-70.6043,-33.44604],[-70.60422,-33.44676],[-70.60579,-33.44702],[-70.60592,-33.44631],[-70.6055,-33.44617],[-70.60596,-33.44619],[-70.60607,-33.44547],[-70.60444,-33.44522],[-70.6043,-33.44601],[-70.6048,-33.44611]]]},"properties":{"id":"13120011001001","cut":13120,"comuna":"ÑUÑOA","pob":282,"hom":119,"muj":163,"viv":104,"hog":99}},{"type":"Feature","geometry":{"type":"Polygon","coordinates":[[[-70.58827,-33.44846],[-70.58907,-33.44841],[-70.58906,-33.44626],[-70.58856,-33.44544],[-70.58777,-33.44587],[-70.5882,-33.44678],[-70.58827,-33.44846]]]},"properties":{"id":"13120021003027","cut":13120,"comuna":"ÑUÑOA","pob":147,"hom":69,"muj":78,"viv":55,"hog":51}},{"type":"Feature","geometry":{"type":"Polygon","coordinates":[[[-70.59635,-33.44601],[-70.5971,-33.44606],[-70.59715,-33.44541],[-70.5963,-33.44593],[-70.59635,-33.44601]]]},"properties":{"id":"13120011005004","cut":13120,"comuna":"ÑUÑOA","pob":20,"hom":10,"muj":10,"viv":7,"hog":7}},{"type":"Feature","geometry":{"type":"Polygon","coordinates":[[[-70.57502,-33.44626],[-70.57695,-33.44634],[-70.57704,-33.44588],[-70.57512,-33.44578],[-70.57502,-33.44626]]]},"properties":{"id":"13120021001007","cut":13120,"comuna":"ÑUÑOA","pob":110,"hom":48,"muj":62,"viv":48,"hog":46}},{"type":"Feature","geometry":{"type":"Polygon","coordinates":[[[-70.60618,-33.446],[-70.60791,-33.4462],[-70.60803,-33.44567],[-70.60624,-33.44549],[-70.60618,-33.446]]]},"properties":{"id":"13120111007008","cut":13120,"comuna":"ÑUÑOA","pob":99,"hom":43,"muj":56,"viv":34,"hog":31}},{"type":"Feature","geometry":{"type":"Polygon","coordinates":[[[-70.57215,-33.44596],[-70.57195,-33.44692],[-70.57252,-33.44701],[-70.57194,-33.44695],[-70.57179,-33.448],[-70.57292,-33.44799],[-70.57313,-33.44697],[-70.57321,-33.44699],[-70.57305,-33.44798],[-70.57391,-33.44802],[-70.57423,-33.44621],[-70.57383,-33.44616],[-70.57375,-33.44663],[-70.57387,-33.44667],[-70.57375,-33.44665],[-70.57367,-33.44691],[-70.5738,-33.44615],[-70.57215,-33.44596]]]},"properties":{"id":"13120021001009","cut":13120,"comuna":"ÑUÑOA","pob":558,"hom":242,"muj":316,"viv":230,"hog":215}},{"type":"Feature","geometry":{"type":"Polygon","coordinates":[[[-70.57883,-33.44642],[-70.57989,-33.44647],[-70.57993,-33.44605],[-70.57981,-33.44594],[-70.57884,-33.44588],[-70.57883,-33.44642]]]},"properties":{"id":"13120021002017","cut":13120,"comuna":"ÑUÑOA","pob":46,"hom":22,"muj":24,"viv":17,"hog":18}},{"type":"Feature","geometry":{"type":"Polygon","coordinates":[[[-70.58593,-33.4466],[-70.5863,-33.44844],[-70.587,-33.44846],[-70.58686,-33.44744],[-70.58703,-33.44846],[-70.58813,-33.44845],[-70.58814,-33.44683],[-70.58771,-33.44592],[-70.58673,-33.44636],[-70.58593,-33.4466]]]},"properties":{"id":"13120021003026","cut":13120,"comuna":"ÑUÑOA","pob":495,"hom":223,"muj":272,"viv":182,"hog":171}},{"type":"Feature","geometry":{"type":"Polygon","coordinates":[[[-70.60834,-33.44747],[-70.60872,-33.44582],[-70.60816,-33.44568],[-70.60781,-33.44722],[-70.60834,-33.44747]]]},"properties":{"id":"13120111007007","cut":13120,"comuna":"ÑUÑOA","pob":68,"hom":33,"muj":35,"viv":27,"hog":23}},{"type":"Feature","geometry":{"type":"Polygon","coordinates":[[[-70.5834,-33.44661],[-70.58469,-33.44662],[-70.58461,-33.446],[-70.58332,-33.44609],[-70.5834,-33.44661]]]},"properties":{"id":"13120021003021","cut":13120,"comuna":"ÑUÑOA","pob":53,"hom":23,"muj":30,"viv":16,"hog":16}},{"type":"Feature","geometry":{"type":"Polygon","coordinates":[[[-70.59171,-33.44723],[-70.59131,-33.44724],[-70.59148,-33.44841],[-70.59271,-33.44774],[-70.59252,-33.4475],[-70.59243,-33.44755],[-70.59223,-33.44755],[-70.5925,-33.44748],[-70.59125,-33.44596],[-70.5913,-33.44721],[-70.59171,-33.44723]]]},"properties":{"id":"13120021003031","cut":13120,"comuna":"ÑUÑOA","pob":274,"hom":133,"muj":141,"viv":126,"hog":107}},{"type":"Feature","geometry":{"type":"Polygon","coordinates":[[[-70.57426,-33.44703],[-70.57406,-33.44803],[-70.57442,-33.44804],[-70.57455,-33.44751],[-70.57448,-33.44747],[-70.57468,-33.4475],[-70.57458,-33.44751],[-70.57445,-33.44804],[-70.57534,-33.44806],[-70.57539,-33.44756],[-70.57488,-33.44753],[-70.57488,-33.44746],[-70.57598,-33.44751],[-70.57598,-33.44757],[-70.57547,-33.44757],[-70.57548,-33.44807],[-70.57676,-33.44811],[-70.57688,-33.44709],[-70.57509,-33.44706],[-70.57509,-33.44695],[-70.57687,-33.44703],[-70.57693,-33.44639],[-70.57495,-33.4463],[-70.57479,-33.4472],[-70.57465,-33.44717],[-70.5748,-33.44635],[-70.57468,-33.44716],[-70.57478,-33.44717],[-70.57492,-33.4463],[-70.57468,-33.44627],[-70.57453,-33.44705],[-70.57465,-33.44626],[-70.57426,-33.44622],[-70.57417,-33.44694],[-70.57426,-33.44703]]]},"properties":{"id":"13120021001008","cut":13120,"comuna":"ÑUÑOA","pob":533,"hom":235,"muj":298,"viv":234,"hog":208}},{"type":"Feature","geometry":{"type":"Polygon","coordinates":[[[-70.60897,-33.44775],[-70.6094,-33.44598],[-70.60884,-33.44579],[-70.60845,-33.44749],[-70.60897,-33.44775]]]},"properties":{"id":"13120111007006","cut":13120,"comuna":"ÑUÑOA","pob":111,"hom":53,"muj":58,"viv":33,"hog":38}},{"type":"Feature","geometry":{"type":"Polygon","coordinates":[[[-70.59458,-33.44692],[-70.59501,-33.44751],[-70.59564,-33.44719],[-70.59503,-33.44753],[-70.59597,-33.44871],[-70.59694,-33.44721],[-70.59614,-33.44611],[-70.59604,-33.44607],[-70.59458,-33.44692]]]},"properties":{"id":"13120011005005","cut":13120,"comuna":"ÑUÑOA","pob":1590,"hom":722,"muj":868,"viv":750,"hog":692}},{"type":"Feature","geometry":{"type":"Polygon","coordinates":[[[-70.59695,-33.44707],[-70.5971,-33.44615],[-70.5963,-33.44608],[-70.59628,-33.44616],[-70.59695,-33.44707]]]},"properties":{"id":"13120011005006","cut":13120,"comuna":"ÑUÑOA","pob":33,"hom":18,"muj":15,"viv":8,"hog":8}},{"type":"Feature","geometry":{"type":"Polygon","coordinates":[[[-70.58917,-33.44846],[-70.59019,-33.44844],[-70.59016,-33.4462],[-70.58914,-33.44631],[-70.58917,-33.44846]]]},"properties":{"id":"13120021003029","cut":13120,"comuna":"ÑUÑOA","pob":141,"hom":61,"muj":80,"viv":97,"hog":54}},{"type":"Feature","geometry":{"type":"Polygon","coordinates":[[[-70.60974,-33.44811],[-70.6103,-33.44624],[-70.6095,-33.44598],[-70.60909,-33.44779],[-70.60974,-33.44811]]]},"properties":{"id":"13120111007005","cut":13120,"comuna":"ÑUÑOA","pob":323,"hom":136,"muj":187,"viv":138,"hog":125}},{"type":"Feature","geometry":{"type":"Polygon","coordinates":[[[-70.57685,-33.4481],[-70.57766,-33.4481],[-70.57785,-33.44647],[-70.57708,-33.44641],[-70.57685,-33.4481]]]},"properties":{"id":"13120021002023","cut":13120,"comuna":"ÑUÑOA","pob":43,"hom":19,"muj":24,"viv":21,"hog":17}},{"type":"Feature","geometry":{"type":"Polygon","coordinates":[[[-70.5972,-33.44616],[-70.59703,-33.44716],[-70.5975,-33.44778],[-70.59817,-33.44786],[-70.59829,-33.44715],[-70.5982,-33.44787],[-70.59866,-33.4479],[-70.59886,-33.44633],[-70.5984,-33.44627],[-70.59836,-33.44659],[-70.59821,-33.44695],[-70.59837,-33.44627],[-70.5972,-33.44616]]]},"properties":{"id":"13120011005007","cut":13120,"comuna":"ÑUÑOA","pob":621,"hom":274,"muj":347,"viv":331,"hog":273}},{"type":"Feature","geometry":{"type":"Polygon","coordinates":[[[-70.60769,-33.44721],[-70.60791,-33.44628],[-70.60614,-33.44607],[-70.60599,-33.44704],[-70.60769,-33.44721]]]},"properties":{"id":"13120111007009","cut":13120,"comuna":"ÑUÑOA","pob":687,"hom":322,"muj":365,"viv":320,"hog":297}},{"type":"Feature","geometry":{"type":"Polygon","coordinates":[[[-70.5778,-33.44816],[-70.57859,-33.44816],[-70.57866,-33.44647],[-70.57792,-33.44647],[-70.57773,-33.44807],[-70.5778,-33.44816]]]},"properties":{"id":"13120021002022","cut":13120,"comuna":"ÑUÑOA","pob":105,"hom":49,"muj":56,"viv":36,"hog":35}},{"type":"Feature","geometry":{"type":"Polygon","coordinates":[[[-70.57883,-33.4482],[-70.57969,-33.44821],[-70.57987,-33.44653],[-70.57879,-33.44651],[-70.57869,-33.44813],[-70.57883,-33.4482]]]},"properties":{"id":"13120021002021","cut":13120,"comuna":"ÑUÑOA","pob":148,"hom":75,"muj":73,"viv":47,"hog":43}},{"type":"Feature","geometry":{"type":"Polygon","coordinates":[[[-70.57982,-33.44823],[-70.58073,-33.44825],[-70.58091,-33.44656],[-70.57997,-33.44656],[-70.57976,-33.44815],[-70.57982,-33.44823]]]},"properties":{"id":"13120021002020","cut":13120,"comuna":"ÑUÑOA","pob":142,"hom":58,"muj":84,"viv":56,"hog":52}},{"type":"Feature","geometry":{"type":"Polygon","coordinates":[[[-70.5816,-33.44715],[-70.58094,-33.44715],[-70.58083,-33.44825],[-70.58167,-33.4483],[-70.5817,-33.44795],[-70.5817,-33.4483],[-70.58225,-33.44832],[-70.58225,-33.44785],[-70.5816,-33.44784],[-70.58224,-33.44782],[-70.5822,-33.44722],[-70.58164,-33.44723],[-70.5822,-33.44719],[-70.58216,-33.44664],[-70.58102,-33.44659],[-70.58095,-33.44712],[-70.5816,-33.44715]]]},"properties":{"id":"13120021002019","cut":13120,"comuna":"ÑUÑOA","pob":319,"hom":131,"muj":188,"viv":110,"hog":97}},{"type":"Feature","geometry":{"type":"Polygon","coordinates":[[[-70.59904,-33.44637],[-70.59885,-33.44792],[-70.60063,-33.4481],[-70.60077,-33.44712],[-70.60032,-33.44708],[-70.59964,-33.44695],[-70.59959,-33.44723],[-70.60051,-33.44735],[-70.59955,-33.44724],[-70.59964,-33.44692],[-70.60078,-33.4471],[-70.60084,-33.44652],[-70.59904,-33.44637]]]},"properties":{"id":"13120011004003","cut":13120,"comuna":"ÑUÑOA","pob":608,"hom":262,"muj":346,"viv":316,"hog":252}},{"type":"Feature","geometry":{"type":"Polygon","coordinates":[[[-70.6105,-33.44842],[-70.61061,-33.44837],[-70.61122,-33.44651],[-70.6104,-33.44624],[-70.60985,-33.44814],[-70.6105,-33.44842]]]},"properties":{"id":"13120111007004","cut":13120,"comuna":"ÑUÑOA","pob":415,"hom":184,"muj":231,"viv":209,"hog":195}},{"type":"Feature","geometry":{"type":"Polygon","coordinates":[[[-70.58224,-33.44667],[-70.58237,-33.44831],[-70.58345,-33.44836],[-70.58336,-33.44723],[-70.58296,-33.44723],[-70.58336,-33.4472],[-70.58329,-33.44668],[-70.58224,-33.44667]]]},"properties":{"id":"13120021002018","cut":13120,"comuna":"ÑUÑOA","pob":238,"hom":109,"muj":129,"viv":101,"hog":90}},{"type":"Feature","geometry":{"type":"Polygon","coordinates":[[[-70.58482,-33.44672],[-70.58503,-33.44841],[-70.58533,-33.44843],[-70.58534,-33.44814],[-70.58536,-33.44843],[-70.58617,-33.44844],[-70.58582,-33.44663],[-70.58482,-33.44672]]]},"properties":{"id":"13120021003025","cut":13120,"comuna":"ÑUÑOA","pob":278,"hom":128,"muj":150,"viv":123,"hog":115}},{"type":"Feature","geometry":{"type":"Polygon","coordinates":[[[-70.58345,-33.44735],[-70.58479,-33.4474],[-70.58471,-33.44673],[-70.58339,-33.44668],[-70.58345,-33.44735]]]},"properties":{"id":"13120021003022","cut":13120,"comuna":"ÑUÑOA","pob":84,"hom":37,"muj":47,"viv":26,"hog":26}},{"type":"Feature","geometry":{"type":"Polygon","coordinates":[[[-70.60092,-33.44657],[-70.60086,-33.44701],[-70.60096,-33.44697],[-70.60165,-33.44706],[-70.60158,-33.44744],[-70.60098,-33.44738],[-70.60157,-33.44741],[-70.60162,-33.44707],[-70.60086,-33.44704],[-70.60073,-33.44811],[-70.60243,-33.44828],[-70.60254,-33.44749],[-70.60192,-33.44742],[-70.60192,-33.4473],[-70.60194,-33.4474],[-70.60254,-33.44746],[-70.60263,-33.44671],[-70.60146,-33.44658],[-70.60141,-33.44695],[-70.60143,-33.44657],[-70.60092,-33.44657]]]},"properties":{"id":"13120011004004","cut":13120,"comuna":"ÑUÑOA","pob":1019,"hom":440,"muj":579,"viv":481,"hog":452}},{"type":"Feature","geometry":{"type":"Polygon","coordinates":[[[-70.61123,-33.44689],[-70.61268,-33.44713],[-70.61334,-33.44705],[-70.61374,-33.44712],[-70.61382,-33.44689],[-70.61138,-33.4465],[-70.61123,-33.44689]]]},"properties":{"id":"13120111007001","cut":13120,"comuna":"ÑUÑOA","pob":44,"hom":20,"muj":24,"viv":16,"hog":15}},{"type":"Feature","geometry":{"type":"Polygon","coordinates":[[[-70.60272,-33.44676],[-70.60252,-33.44829],[-70.60294,-33.44834],[-70.60304,-33.44775],[-70.60319,-33.44776],[-70.60305,-33.44778],[-70.60297,-33.44835],[-70.60388,-33.44843],[-70.6041,-33.44686],[-70.60272,-33.44676]]]},"properties":{"id":"13120011001003","cut":13120,"comuna":"ÑUÑOA","pob":280,"hom":131,"muj":149,"viv":148,"hog":119}},{"type":"Feature","geometry":{"type":"Polygon","coordinates":[[[-70.59568,-33.44889],[-70.59577,-33.44878],[-70.59441,-33.44696],[-70.59291,-33.44777],[-70.59338,-33.44852],[-70.59568,-33.44889]]]},"properties":{"id":"13120011005010","cut":13120,"comuna":"ÑUÑOA","pob":539,"hom":216,"muj":323,"viv":235,"hog":227}},{"type":"Feature","geometry":{"type":"Polygon","coordinates":[[[-70.60485,-33.4478],[-70.60483,-33.44791],[-70.60481,-33.44781],[-70.60408,-33.4477],[-70.604,-33.44843],[-70.60455,-33.44854],[-70.60469,-33.44815],[-70.60458,-33.44854],[-70.6055,-33.44867],[-70.60578,-33.44713],[-70.60422,-33.44688],[-70.60408,-33.44768],[-70.60485,-33.4478]]]},"properties":{"id":"13120011001004","cut":13120,"comuna":"ÑUÑOA","pob":596,"hom":292,"muj":304,"viv":275,"hog":251}},{"type":"Feature","geometry":{"type":"Polygon","coordinates":[[[-70.61119,-33.44699],[-70.61105,-33.44751],[-70.61362,-33.44788],[-70.61374,-33.44717],[-70.61332,-33.44711],[-70.61267,-33.44718],[-70.61119,-33.44699]]]},"properties":{"id":"13120111007002","cut":13120,"comuna":"ÑUÑOA","pob":403,"hom":174,"muj":229,"viv":206,"hog":170}},{"type":"Feature","geometry":{"type":"Polygon","coordinates":[[[-70.58352,-33.4478],[-70.58485,-33.44779],[-70.58479,-33.44747],[-70.58347,-33.44742],[-70.58352,-33.4478]]]},"properties":{"id":"13120021003023","cut":13120,"comuna":"ÑUÑOA","pob":51,"hom":26,"muj":25,"viv":16,"hog":15}},{"type":"Feature","geometry":{"type":"Polygon","coordinates":[[[-70.60594,-33.44746],[-70.60763,-33.44767],[-70.60771,-33.4473],[-70.60596,-33.44714],[-70.60594,-33.44746]]]},"properties":{"id":"13120111007010","cut":13120,"comuna":"ÑUÑOA","pob":65,"hom":27,"muj":38,"viv":19,"hog":18}},{"type":"Feature","geometry":{"type":"Polygon","coordinates":[[[-70.59682,-33.44849],[-70.59634,-33.44828],[-70.59598,-33.44892],[-70.59776,-33.44919],[-70.59745,-33.44787],[-70.59702,-33.44729],[-70.59636,-33.44826],[-70.59682,-33.44849]]]},"properties":{"id":"13120011005009","cut":13120,"comuna":"ÑUÑOA","pob":719,"hom":318,"muj":401,"viv":339,"hog":319}},{"type":"Feature","geometry":{"type":"Polygon","coordinates":[[[-70.60747,-33.4489],[-70.60822,-33.4489],[-70.60817,-33.44858],[-70.60836,-33.44763],[-70.60784,-33.44732],[-70.60747,-33.4489]]]},"properties":{"id":"13120111007013","cut":13120,"comuna":"ÑUÑOA","pob":69,"hom":29,"muj":40,"viv":25,"hog":24}},{"type":"Feature","geometry":{"type":"Polygon","coordinates":[[[-70.61945,-33.44854],[-70.6198,-33.44751],[-70.6188,-33.4473],[-70.6185,-33.44833],[-70.61945,-33.44854]]]},"properties":{"id":"13120111003001","cut":13120,"comuna":"ÑUÑOA","pob":426,"hom":214,"muj":212,"viv":209,"hog":196}},{"type":"Feature","geometry":{"type":"Polygon","coordinates":[[[-70.60586,-33.44799],[-70.60753,-33.44818],[-70.60761,-33.44773],[-70.60589,-33.44755],[-70.60586,-33.44799]]]},"properties":{"id":"13120111007011","cut":13120,"comuna":"ÑUÑOA","pob":79,"hom":37,"muj":42,"viv":42,"hog":32}},{"type":"Feature","geometry":{"type":"Polygon","coordinates":[[[-70.58354,-33.44785],[-70.58359,-33.44837],[-70.58492,-33.4484],[-70.58485,-33.44789],[-70.58354,-33.44785]]]},"properties":{"id":"13120021003024","cut":13120,"comuna":"ÑUÑOA","pob":53,"hom":27,"muj":26,"viv":16,"hog":16}},{"type":"Feature","geometry":{"type":"Polygon","coordinates":[[[-70.57144,-33.45033],[-70.57254,-33.45042],[-70.5729,-33.44807],[-70.57175,-33.44809],[-70.57136,-33.45025],[-70.57144,-33.45033]]]},"properties":{"id":"13120031001010","cut":13120,"comuna":"ÑUÑOA","pob":494,"hom":227,"muj":267,"viv":250,"hog":217}},{"type":"Feature","geometry":{"type":"Polygon","coordinates":[[[-70.61072,-33.44847],[-70.61337,-33.44888],[-70.61356,-33.44798],[-70.611,-33.44757],[-70.61072,-33.44847]]]},"properties":{"id":"13120111007003","cut":13120,"comuna":"ÑUÑOA","pob":463,"hom":205,"muj":258,"viv":210,"hog":198}},{"type":"Feature","geometry":{"type":"Polygon","coordinates":[[[-70.60834,-33.44889],[-70.60879,-33.44877],[-70.60898,-33.44792],[-70.60848,-33.44762],[-70.60823,-33.44854],[-70.60834,-33.44889]]]},"properties":{"id":"13120111007014","cut":13120,"comuna":"ÑUÑOA","pob":52,"hom":27,"muj":25,"viv":20,"hog":16}},{"type":"Feature","geometry":{"type":"Polygon","coordinates":[[[-70.57364,-33.44963],[-70.5739,-33.44812],[-70.57304,-33.44809],[-70.57277,-33.44949],[-70.57364,-33.44963]]]},"properties":{"id":"13120031001009","cut":13120,"comuna":"ÑUÑOA","pob":87,"hom":43,"muj":44,"viv":132,"hog":32}},{"type":"Feature","geometry":{"type":"Polygon","coordinates":[[[-70.59161,-33.44847],[-70.59313,-33.44849],[-70.59317,-33.44842],[-70.59277,-33.44783],[-70.59161,-33.44847]]]},"properties":{"id":"13120011005011","cut":13120,"comuna":"ÑUÑOA","pob":33,"hom":14,"muj":19,"viv":13,"hog":12}},{"type":"Feature","geometry":{"type":"Polygon","coordinates":[[[-70.57406,-33.4481],[-70.57378,-33.44963],[-70.57472,-33.44978],[-70.57477,-33.44856],[-70.5756,-33.44862],[-70.57565,-33.44817],[-70.57406,-33.4481]]]},"properties":{"id":"13120031001008","cut":13120,"comuna":"ÑUÑOA","pob":115,"hom":57,"muj":58,"viv":42,"hog":40}},{"type":"Feature","geometry":{"type":"Polygon","coordinates":[[[-70.61574,-33.44854],[-70.61589,-33.44793],[-70.61379,-33.44761],[-70.61368,-33.44821],[-70.61574,-33.44854]]]},"properties":{"id":"13120111004002","cut":13120,"comuna":"ÑUÑOA","pob":155,"hom":78,"muj":77,"viv":53,"hog":47}},{"type":"Feature","geometry":{"type":"Polygon","coordinates":[[[-70.61964,-33.44858],[-70.62054,-33.44875],[-70.62084,-33.4477],[-70.61989,-33.44752],[-70.61964,-33.44858]]]},"properties":{"id":"13120111002003","cut":13120,"comuna":"ÑUÑOA","pob":56,"hom":22,"muj":34,"viv":25,"hog":14}},{"type":"Feature","geometry":{"type":"Polygon","coordinates":[[[-70.57579,-33.44814],[-70.57559,-33.44933],[-70.57661,-33.4494],[-70.57665,-33.44903],[-70.57621,-33.44899],[-70.57617,-33.44879],[-70.57622,-33.44896],[-70.57666,-33.44901],[-70.5767,-33.44864],[-70.57603,-33.44856],[-70.5767,-33.44862],[-70.57674,-33.44819],[-70.57579,-33.44814]]]},"properties":{"id":"13120031001004","cut":13120,"comuna":"ÑUÑOA","pob":106,"hom":44,"muj":62,"viv":37,"hog":34}},{"type":"Feature","geometry":{"type":"Polygon","coordinates":[[[-70.57659,-33.4506],[-70.57746,-33.45056],[-70.57768,-33.44821],[-70.5768,-33.44821],[-70.57659,-33.4506]]]},"properties":{"id":"13120031001003","cut":13120,"comuna":"ÑUÑOA","pob":107,"hom":54,"muj":53,"viv":127,"hog":33}},{"type":"Feature","geometry":{"type":"Polygon","coordinates":[[[-70.57757,-33.45059],[-70.57844,-33.45054],[-70.57858,-33.44826],[-70.57777,-33.44823],[-70.57757,-33.45059]]]},"properties":{"id":"13120031001002","cut":13120,"comuna":"ÑUÑOA","pob":62,"hom":27,"muj":35,"viv":71,"hog":20}},{"type":"Feature","geometry":{"type":"Polygon","coordinates":[[[-70.57871,-33.44826],[-70.57851,-33.45054],[-70.5794,-33.45058],[-70.57958,-33.44935],[-70.57911,-33.44932],[-70.57958,-33.44932],[-70.57969,-33.44832],[-70.57871,-33.44826]]]},"properties":{"id":"13120031001001","cut":13120,"comuna":"ÑUÑOA","pob":470,"hom":230,"muj":240,"viv":252,"hog":208}},{"type":"Feature","geometry":{"type":"Polygon","coordinates":[[[-70.62183,-33.44902],[-70.62219,-33.44798],[-70.62094,-33.44773],[-70.62064,-33.44877],[-70.62183,-33.44902]]]},"properties":{"id":"13120111002002","cut":13120,"comuna":"ÑUÑOA","pob":17,"hom":7,"muj":10,"viv":8,"hog":5}},{"type":"Feature","geometry":{"type":"Polygon","coordinates":[[[-70.60891,-33.44876],[-70.60962,-33.44861],[-70.60974,-33.44818],[-70.60907,-33.44789],[-70.60891,-33.44876]]]},"properties":{"id":"13120111007015","cut":13120,"comuna":"ÑUÑOA","pob":93,"hom":37,"muj":56,"viv":45,"hog":36}},{"type":"Feature","geometry":{"type":"Polygon","coordinates":[[[-70.57975,-33.44833],[-70.57957,-33.44992],[-70.5799,-33.44995],[-70.57957,-33.44994],[-70.5795,-33.45055],[-70.58042,-33.45057],[-70.58064,-33.44903],[-70.58025,-33.44898],[-70.58065,-33.44901],[-70.58072,-33.44835],[-70.57975,-33.44833]]]},"properties":{"id":"13120031002005","cut":13120,"comuna":"ÑUÑOA","pob":167,"hom":78,"muj":89,"viv":48,"hog":46}},{"type":"Feature","geometry":{"type":"Polygon","coordinates":[[[-70.58115,-33.45022],[-70.5811,-33.44996],[-70.58061,-33.44995],[-70.58055,-33.45055],[-70.58091,-33.45057],[-70.58095,-33.45031],[-70.58094,-33.45057],[-70.58242,-33.45056],[-70.58225,-33.44839],[-70.5808,-33.44837],[-70.58061,-33.44992],[-70.58113,-33.44993],[-70.58115,-33.45022]]]},"properties":{"id":"13120031002004","cut":13120,"comuna":"ÑUÑOA","pob":1125,"hom":502,"muj":623,"viv":471,"hog":446}},{"type":"Feature","geometry":{"type":"Polygon","coordinates":[[[-70.60572,-33.44871],[-70.60741,-33.44885],[-70.6075,-33.44825],[-70.60581,-33.44807],[-70.60572,-33.44871]]]},"properties":{"id":"13120111007012","cut":13120,"comuna":"ÑUÑOA","pob":30,"hom":14,"muj":16,"viv":15,"hog":7}},{"type":"Feature","geometry":{"type":"Polygon","coordinates":[[[-70.61628,-33.44862],[-70.61646,-33.44805],[-70.61599,-33.44796],[-70.61587,-33.44855],[-70.61628,-33.44862]]]},"properties":{"id":"13120111004001","cut":13120,"comuna":"ÑUÑOA","pob":23,"hom":11,"muj":12,"viv":7,"hog":7}},{"type":"Feature","geometry":{"type":"Polygon","coordinates":[[[-70.58245,-33.44978],[-70.5836,-33.44982],[-70.58346,-33.44842],[-70.58237,-33.4484],[-70.58245,-33.44978]]]},"properties":{"id":"13120031002002","cut":13120,"comuna":"ÑUÑOA","pob":308,"hom":139,"muj":169,"viv":119,"hog":115}},{"type":"Feature","geometry":{"type":"Polygon","coordinates":[[[-70.60073,-33.44819],[-70.60052,-33.44963],[-70.60133,-33.44974],[-70.60125,-33.44931],[-70.60137,-33.44974],[-70.60221,-33.44986],[-70.6024,-33.44836],[-70.60073,-33.44819]]]},"properties":{"id":"13120011004005","cut":13120,"comuna":"ÑUÑOA","pob":338,"hom":131,"muj":207,"viv":167,"hog":146}},{"type":"Feature","geometry":{"type":"Polygon","coordinates":[[[-70.57497,-33.44908],[-70.57553,-33.44913],[-70.57559,-33.44865],[-70.57502,-33.4486],[-70.57497,-33.44908]]]},"properties":{"id":"13120031001007","cut":13120,"comuna":"ÑUÑOA","pob":24,"hom":13,"muj":11,"viv":8,"hog":8}},{"type":"Feature","geometry":{"type":"Polygon","coordinates":[[[-70.62283,-33.44922],[-70.62319,-33.44818],[-70.6223,-33.448],[-70.62198,-33.44904],[-70.62283,-33.44922]]]},"properties":{"id":"13120111002001","cut":13120,"comuna":"ÑUÑOA","pob":13,"hom":5,"muj":8,"viv":11,"hog":7}},{"type":"Feature","geometry":{"type":"Polygon","coordinates":[[[-70.58519,-33.44968],[-70.58648,-33.44949],[-70.58619,-33.44852],[-70.58505,-33.4485],[-70.58519,-33.44968]]]},"properties":{"id":"13120011002004","cut":13120,"comuna":"ÑUÑOA","pob":69,"hom":35,"muj":34,"viv":24,"hog":21}},{"type":"Feature","geometry":{"type":"Polygon","coordinates":[[[-70.58658,-33.44948],[-70.58806,-33.44939],[-70.58811,-33.44854],[-70.5863,-33.44852],[-70.58658,-33.44948]]]},"properties":{"id":"13120011002003","cut":13120,"comuna":"ÑUÑOA","pob":109,"hom":53,"muj":56,"viv":44,"hog":36}},{"type":"Feature","geometry":{"type":"Polygon","coordinates":[[[-70.58855,-33.44984],[-70.58936,-33.44947],[-70.58904,-33.44852],[-70.58824,-33.44855],[-70.58825,-33.44938],[-70.58855,-33.44984]]]},"properties":{"id":"13120011002002","cut":13120,"comuna":"ÑUÑOA","pob":63,"hom":26,"muj":37,"viv":21,"hog":19}},{"type":"Feature","geometry":{"type":"Polygon","coordinates":[[[-70.59115,-33.44859],[-70.58914,-33.44855],[-70.58917,-33.44885],[-70.58945,-33.44942],[-70.59115,-33.44859]]]},"properties":{"id":"13120011002001","cut":13120,"comuna":"ÑUÑOA","pob":42,"hom":25,"muj":17,"viv":14,"hog":13}},{"type":"Feature","geometry":{"type":"Polygon","coordinates":[[[-70.61692,-33.44943],[-70.61753,-33.44947],[-70.61775,-33.44827],[-70.61713,-33.44819],[-70.61692,-33.44943]]]},"properties":{"id":"13120111003004","cut":13120,"comuna":"ÑUÑOA","pob":54,"hom":26,"muj":28,"viv":18,"hog":18}},{"type":"Feature","geometry":{"type":"Polygon","coordinates":[[[-70.6025,-33.44841],[-70.60231,-33.44989],[-70.60277,-33.44997],[-70.60288,-33.44943],[-70.60281,-33.44998],[-70.60367,-33.45009],[-70.60372,-33.44985],[-70.603,-33.44976],[-70.60372,-33.44982],[-70.60388,-33.44851],[-70.60316,-33.44843],[-70.60311,-33.44872],[-70.60313,-33.44843],[-70.6025,-33.44841]]]},"properties":{"id":"13120011001007","cut":13120,"comuna":"ÑUÑOA","pob":490,"hom":203,"muj":287,"viv":247,"hog":225}},{"type":"Feature","geometry":{"type":"Polygon","coordinates":[[[-70.59148,-33.44854],[-70.59148,-33.44938],[-70.59209,-33.44935],[-70.59148,-33.4494],[-70.59151,-33.44968],[-70.59233,-33.44964],[-70.59151,-33.4497],[-70.59168,-33.45186],[-70.59209,-33.45185],[-70.59168,-33.45188],[-70.59169,-33.45199],[-70.5925,-33.452],[-70.59169,-33.45202],[-70.59171,-33.4522],[-70.59231,-33.45218],[-70.59171,-33.45223],[-70.59175,-33.45272],[-70.59239,-33.45269],[-70.59175,-33.45275],[-70.5919,-33.45471],[-70.59233,-33.45469],[-70.5919,-33.45474],[-70.59194,-33.45522],[-70.59311,-33.45521],[-70.59313,-33.45383],[-70.59247,-33.45384],[-70.59243,-33.45402],[-70.59242,-33.45378],[-70.59313,-33.45374],[-70.59307,-33.45171],[-70.59229,-33.45168],[-70.59307,-33.45169],[-70.59306,-33.45136],[-70.59227,-33.45134],[-70.59305,-33.45134],[-70.59305,-33.45114],[-70.59253,-33.45113],[-70.59305,-33.45111],[-70.59304,-33.45083],[-70.59239,-33.45083],[-70.59304,-33.45081],[-70.59301,-33.45019],[-70.59246,-33.45019],[-70.59258,-33.45014],[-70.59262,-33.44995],[-70.59265,-33.45014],[-70.59301,-33.45013],[-70.59296,-33.44857],[-70.59255,-33.44854],[-70.59259,-33.44903],[-70.59252,-33.44854],[-70.59148,-33.44854]]]},"properties":{"id":"13120011006001","cut":13120,"comuna":"ÑUÑOA","pob":2648,"hom":1187,"muj":1461,"viv":1210,"hog":1111}},{"type":"Feature","geometry":{"type":"Polygon","coordinates":[[[-70.6135,-33.4489],[-70.61562,-33.44925],[-70.61578,-33.44862],[-70.61367,-33.44828],[-70.6135,-33.4489]]]},"properties":{"id":"13120111004003","cut":13120,"comuna":"ÑUÑOA","pob":410,"hom":191,"muj":219,"viv":174,"hog":153}},{"type":"Feature","geometry":{"type":"Polygon","coordinates":[[[-70.59317,-33.45185],[-70.59398,-33.4518],[-70.59389,-33.44869],[-70.59318,-33.44855],[-70.59304,-33.44865],[-70.59317,-33.45185]]]},"properties":{"id":"13120011009003","cut":13120,"comuna":"ÑUÑOA","pob":621,"hom":262,"muj":359,"viv":300,"hog":268}},{"type":"Feature","geometry":{"type":"Polygon","coordinates":[[[-70.62332,-33.44933],[-70.62367,-33.4483],[-70.62328,-33.44819],[-70.62296,-33.44923],[-70.62332,-33.44933]]]},"properties":{"id":"13120111001008","cut":13120,"comuna":"ÑUÑOA","pob":21,"hom":9,"muj":12,"viv":12,"hog":7}},{"type":"Feature","geometry":{"type":"Polygon","coordinates":[[[-70.59082,-33.45036],[-70.59148,-33.45029],[-70.59131,-33.44864],[-70.59034,-33.44912],[-70.59082,-33.45036]]]},"properties":{"id":"13120011006002","cut":13120,"comuna":"ÑUÑOA","pob":124,"hom":60,"muj":64,"viv":91,"hog":52}},{"type":"Feature","geometry":{"type":"Polygon","coordinates":[[[-70.61764,-33.44953],[-70.61824,-33.44957],[-70.61839,-33.44839],[-70.61785,-33.44832],[-70.61764,-33.44953]]]},"properties":{"id":"13120111003003","cut":13120,"comuna":"ÑUÑOA","pob":65,"hom":28,"muj":37,"viv":21,"hog":20}},{"type":"Feature","geometry":{"type":"Polygon","coordinates":[[[-70.60536,-33.44941],[-70.60549,-33.44875],[-70.60398,-33.44854],[-70.60389,-33.44918],[-70.60536,-33.44941]]]},"properties":{"id":"13120011001005","cut":13120,"comuna":"ÑUÑOA","pob":269,"hom":118,"muj":151,"viv":151,"hog":132}},{"type":"Feature","geometry":{"type":"Polygon","coordinates":[[[-70.62379,-33.45056],[-70.62444,-33.44845],[-70.62376,-33.44829],[-70.62315,-33.4504],[-70.62379,-33.45056]]]},"properties":{"id":"13120111001007","cut":13120,"comuna":"ÑUÑOA","pob":49,"hom":23,"muj":26,"viv":23,"hog":19}},{"type":"Feature","geometry":{"type":"Polygon","coordinates":[[[-70.59396,-33.44872],[-70.59396,-33.44917],[-70.59456,-33.44919],[-70.59396,-33.4492],[-70.59397,-33.44951],[-70.59456,-33.44952],[-70.59397,-33.44954],[-70.59404,-33.45172],[-70.595,-33.45165],[-70.59499,-33.45119],[-70.59505,-33.45164],[-70.59525,-33.45162],[-70.59524,-33.45135],[-70.59531,-33.45162],[-70.596,-33.45155],[-70.59599,-33.45095],[-70.59511,-33.45104],[-70.59599,-33.45092],[-70.59594,-33.45052],[-70.59511,-33.45055],[-70.59512,-33.45073],[-70.59503,-33.45073],[-70.595,-33.44953],[-70.59509,-33.44886],[-70.59396,-33.44872]]]},"properties":{"id":"13120011009002","cut":13120,"comuna":"ÑUÑOA","pob":1229,"hom":560,"muj":669,"viv":592,"hog":524}},{"type":"Feature","geometry":{"type":"Polygon","coordinates":[[[-70.6097,-33.44871],[-70.6096,-33.44902],[-70.60952,-33.449],[-70.60956,-33.4487],[-70.60804,-33.44902],[-70.60746,-33.449],[-70.60716,-33.45057],[-70.60975,-33.4509],[-70.61052,-33.4486],[-70.61037,-33.44852],[-70.6097,-33.44871]]]},"properties":{"id":"13120111006001","cut":13120,"comuna":"ÑUÑOA","pob":270,"hom":126,"muj":144,"viv":79,"hog":66}},{"type":"Feature","geometry":{"type":"Polygon","coordinates":[[[-70.6191,-33.44977],[-70.61948,-33.44862],[-70.6185,-33.44842],[-70.61832,-33.4496],[-70.6191,-33.44977]]]},"properties":{"id":"13120111003002","cut":13120,"comuna":"ÑUÑOA","pob":297,"hom":130,"muj":167,"viv":130,"hog":123}},{"type":"Feature","geometry":{"type":"Polygon","coordinates":[[[-70.61038,-33.44944],[-70.61229,-33.44978],[-70.61237,-33.4495],[-70.61229,-33.44944],[-70.61249,-33.44946],[-70.61239,-33.4498],[-70.61312,-33.44991],[-70.61335,-33.44901],[-70.61072,-33.44855],[-70.61038,-33.44944]]]},"properties":{"id":"13120111005001","cut":13120,"comuna":"ÑUÑOA","pob":774,"hom":358,"muj":416,"viv":429,"hog":331}},{"type":"Feature","geometry":{"type":"Polygon","coordinates":[[[-70.62454,-33.44844],[-70.62389,-33.45055],[-70.62468,-33.45075],[-70.62483,-33.45028],[-70.62438,-33.45018],[-70.62484,-33.45026],[-70.62522,-33.44896],[-70.62501,-33.44891],[-70.62522,-33.44893],[-70.6253,-33.44863],[-70.62454,-33.44844]]]},"properties":{"id":"13120111001006","cut":13120,"comuna":"ÑUÑOA","pob":116,"hom":47,"muj":69,"viv":64,"hog":55}},{"type":"Feature","geometry":{"type":"Polygon","coordinates":[[[-70.57476,-33.44978],[-70.57544,-33.44983],[-70.57553,-33.44916],[-70.57484,-33.4491],[-70.57476,-33.44978]]]},"properties":{"id":"13120031001006","cut":13120,"comuna":"ÑUÑOA","pob":65,"hom":27,"muj":38,"viv":22,"hog":24}},{"type":"Feature","geometry":{"type":"Polygon","coordinates":[[[-70.59507,-33.4496],[-70.59512,-33.45049],[-70.59594,-33.45046],[-70.59587,-33.44899],[-70.59517,-33.44889],[-70.59507,-33.4496]]]},"properties":{"id":"13120011009001","cut":13120,"comuna":"ÑUÑOA","pob":424,"hom":204,"muj":220,"viv":174,"hog":157}},{"type":"Feature","geometry":{"type":"Polygon","coordinates":[[[-70.61577,-33.44927],[-70.61617,-33.44931],[-70.61627,-33.44869],[-70.61585,-33.44863],[-70.61577,-33.44927]]]},"properties":{"id":"13120111004004","cut":13120,"comuna":"ÑUÑOA","pob":23,"hom":13,"muj":10,"viv":8,"hog":8}},{"type":"Feature","geometry":{"type":"Polygon","coordinates":[[[-70.60567,-33.44883],[-70.60553,-33.44971],[-70.60719,-33.44989],[-70.60726,-33.44957],[-70.60687,-33.44949],[-70.60727,-33.44954],[-70.60737,-33.44898],[-70.60567,-33.44883]]]},"properties":{"id":"13120111006002","cut":13120,"comuna":"ÑUÑOA","pob":439,"hom":205,"muj":234,"viv":228,"hog":207}},{"type":"Feature","geometry":{"type":"Polygon","coordinates":[[[-70.61926,-33.4498],[-70.6202,-33.44998],[-70.62052,-33.44882],[-70.61957,-33.44864],[-70.61926,-33.4498]]]},"properties":{"id":"13120111002004","cut":13120,"comuna":"ÑUÑOA","pob":138,"hom":63,"muj":75,"viv":60,"hog":52}},{"type":"Feature","geometry":{"type":"Polygon","coordinates":[[[-70.62543,-33.44862],[-70.62512,-33.44967],[-70.62634,-33.45],[-70.62671,-33.44898],[-70.62627,-33.44884],[-70.62614,-33.44926],[-70.62604,-33.44924],[-70.62617,-33.44881],[-70.62543,-33.44862]]]},"properties":{"id":"13120111001005","cut":13120,"comuna":"ÑUÑOA","pob":212,"hom":102,"muj":110,"viv":107,"hog":98}},{"type":"Feature","geometry":{"type":"Polygon","coordinates":[[[-70.59603,-33.44901],[-70.59603,-33.44998],[-70.59668,-33.44996],[-70.59603,-33.45001],[-70.59609,-33.45079],[-70.59701,-33.4507],[-70.59695,-33.45021],[-70.59704,-33.45069],[-70.59794,-33.45058],[-70.59773,-33.44929],[-70.5974,-33.44922],[-70.59747,-33.44983],[-70.59737,-33.44921],[-70.59712,-33.44918],[-70.59716,-33.44985],[-70.59704,-33.44921],[-70.59708,-33.44987],[-70.59701,-33.44919],[-70.59708,-33.44917],[-70.59603,-33.44901]]]},"properties":{"id":"13120011007004","cut":13120,"comuna":"ÑUÑOA","pob":818,"hom":373,"muj":445,"viv":350,"hog":326}},{"type":"Feature","geometry":{"type":"Polygon","coordinates":[[[-70.59005,-33.45042],[-70.59074,-33.45034],[-70.59063,-33.44983],[-70.59026,-33.44913],[-70.5895,-33.4495],[-70.59005,-33.45042]]]},"properties":{"id":"13120011006003","cut":13120,"comuna":"ÑUÑOA","pob":49,"hom":25,"muj":24,"viv":20,"hog":18}},{"type":"Feature","geometry":{"type":"Polygon","coordinates":[[[-70.57553,-33.4498],[-70.57652,-33.44993],[-70.57661,-33.44942],[-70.57559,-33.44935],[-70.57553,-33.4498]]]},"properties":{"id":"13120031001005","cut":13120,"comuna":"ÑUÑOA","pob":50,"hom":26,"muj":24,"viv":18,"hog":17}},{"type":"Feature","geometry":{"type":"Polygon","coordinates":[[[-70.62148,-33.45026],[-70.62185,-33.4491],[-70.62062,-33.44885],[-70.62028,-33.45001],[-70.62148,-33.45026]]]},"properties":{"id":"13120111002005","cut":13120,"comuna":"ÑUÑOA","pob":436,"hom":210,"muj":226,"viv":290,"hog":210}},{"type":"Feature","geometry":{"type":"Polygon","coordinates":[[[-70.61302,-33.45105],[-70.61431,-33.45121],[-70.61468,-33.4492],[-70.61351,-33.449],[-70.61302,-33.45105]]]},"properties":{"id":"13120111004007","cut":13120,"comuna":"ÑUÑOA","pob":870,"hom":386,"muj":484,"viv":402,"hog":366}},{"type":"Feature","geometry":{"type":"Polygon","coordinates":[[[-70.57272,-33.44998],[-70.57357,-33.45004],[-70.57363,-33.44968],[-70.57277,-33.4496],[-70.57272,-33.44998]]]},"properties":{"id":"13120031001012","cut":13120,"comuna":"ÑUÑOA","pob":51,"hom":22,"muj":29,"viv":13,"hog":13}},{"type":"Feature","geometry":{"type":"Polygon","coordinates":[[[-70.59815,-33.45056],[-70.59923,-33.45042],[-70.59909,-33.44948],[-70.59807,-33.44932],[-70.59795,-33.44937],[-70.59815,-33.45056]]]},"properties":{"id":"13120011007003","cut":13120,"comuna":"ÑUÑOA","pob":222,"hom":91,"muj":131,"viv":81,"hog":81}},{"type":"Feature","geometry":{"type":"Polygon","coordinates":[[[-70.6038,-33.45013],[-70.60522,-33.45033],[-70.60538,-33.44952],[-70.6039,-33.44926],[-70.6038,-33.45013]]]},"properties":{"id":"13120011001006","cut":13120,"comuna":"ÑUÑOA","pob":55,"hom":21,"muj":34,"viv":31,"hog":18}},{"type":"Feature","geometry":{"type":"Polygon","coordinates":[[[-70.62758,-33.45027],[-70.62767,-33.45022],[-70.62793,-33.44919],[-70.62682,-33.44897],[-70.62646,-33.45003],[-70.62758,-33.45027]]]},"properties":{"id":"13120111001004","cut":13120,"comuna":"ÑUÑOA","pob":109,"hom":36,"muj":73,"viv":62,"hog":52}},{"type":"Feature","geometry":{"type":"Polygon","coordinates":[[[-70.58692,-33.45061],[-70.58826,-33.44999],[-70.58795,-33.44948],[-70.58661,-33.44956],[-70.58692,-33.45061]]]},"properties":{"id":"13120011002007","cut":13120,"comuna":"ÑUÑOA","pob":37,"hom":17,"muj":20,"viv":49,"hog":11}},{"type":"Feature","geometry":{"type":"Polygon","coordinates":[[[-70.58608,-33.45102],[-70.58684,-33.45067],[-70.58649,-33.44955],[-70.58567,-33.44965],[-70.58608,-33.45102]]]},"properties":{"id":"13120011002006","cut":13120,"comuna":"ÑUÑOA","pob":56,"hom":22,"muj":34,"viv":22,"hog":19}},{"type":"Feature","geometry":{"type":"Polygon","coordinates":[[[-70.57344,-33.45052],[-70.57422,-33.45056],[-70.57424,-33.44982],[-70.57375,-33.44972],[-70.57344,-33.45052]]]},"properties":{"id":"13120031001013","cut":13120,"comuna":"ÑUÑOA","pob":45,"hom":18,"muj":27,"viv":18,"hog":17}},{"type":"Feature","geometry":{"type":"Polygon","coordinates":[[[-70.61477,-33.44921],[-70.61452,-33.45054],[-70.615,-33.45061],[-70.61451,-33.45057],[-70.61439,-33.45125],[-70.61486,-33.45132],[-70.61439,-33.45128],[-70.61434,-33.45156],[-70.61498,-33.45166],[-70.61434,-33.45159],[-70.61421,-33.45231],[-70.61517,-33.45241],[-70.61518,-33.45247],[-70.61421,-33.45239],[-70.6141,-33.45304],[-70.61592,-33.45294],[-70.61597,-33.45218],[-70.615,-33.45214],[-70.61597,-33.45209],[-70.61591,-33.45133],[-70.61505,-33.45142],[-70.61519,-33.45131],[-70.61509,-33.45123],[-70.6154,-33.4512],[-70.61562,-33.44935],[-70.61529,-33.44928],[-70.61519,-33.44974],[-70.61519,-33.44927],[-70.61477,-33.44921]]]},"properties":{"id":"13120111004006","cut":13120,"comuna":"ÑUÑOA","pob":1120,"hom":512,"muj":608,"viv":508,"hog":469}},{"type":"Feature","geometry":{"type":"Polygon","coordinates":[[[-70.62245,-33.45046],[-70.62286,-33.4493],[-70.62199,-33.44912],[-70.62162,-33.45027],[-70.62245,-33.45046]]]},"properties":{"id":"13120111002006","cut":13120,"comuna":"ÑUÑOA","pob":281,"hom":131,"muj":150,"viv":229,"hog":139}},{"type":"Feature","geometry":{"type":"Polygon","coordinates":[[[-70.58921,-33.45126],[-70.59029,-33.45124],[-70.58999,-33.45047],[-70.5894,-33.44955],[-70.58861,-33.44995],[-70.58894,-33.45043],[-70.58921,-33.45126]]]},"properties":{"id":"13120011002008","cut":13120,"comuna":"ÑUÑOA","pob":95,"hom":39,"muj":56,"viv":64,"hog":42}},{"type":"Feature","geometry":{"type":"Polygon","coordinates":[[[-70.57431,-33.44984],[-70.57432,-33.45059],[-70.57488,-33.4506],[-70.57483,-33.45024],[-70.57491,-33.4506],[-70.57534,-33.45059],[-70.57543,-33.44991],[-70.57431,-33.44984]]]},"properties":{"id":"13120031001014","cut":13120,"comuna":"ÑUÑOA","pob":81,"hom":42,"muj":39,"viv":30,"hog":32}},{"type":"Feature","geometry":{"type":"Polygon","coordinates":[[[-70.59917,-33.44949],[-70.59932,-33.45045],[-70.59982,-33.45042],[-70.59932,-33.45048],[-70.59951,-33.45162],[-70.60027,-33.45157],[-70.60044,-33.4497],[-70.59917,-33.44949]]]},"properties":{"id":"13120011007002","cut":13120,"comuna":"ÑUÑOA","pob":680,"hom":306,"muj":374,"viv":343,"hog":316}},{"type":"Feature","geometry":{"type":"Polygon","coordinates":[[[-70.58539,-33.45133],[-70.586,-33.45106],[-70.58558,-33.44967],[-70.58519,-33.44977],[-70.58539,-33.45133]]]},"properties":{"id":"13120011002005","cut":13120,"comuna":"ÑUÑOA","pob":44,"hom":17,"muj":27,"viv":13,"hog":13}},{"type":"Feature","geometry":{"type":"Polygon","coordinates":[[[-70.61552,-33.45124],[-70.61593,-33.4512],[-70.61607,-33.44939],[-70.61568,-33.44937],[-70.61552,-33.45124]]]},"properties":{"id":"13120111004005","cut":13120,"comuna":"ÑUÑOA","pob":108,"hom":59,"muj":49,"viv":35,"hog":34}},{"type":"Feature","geometry":{"type":"Polygon","coordinates":[[[-70.62856,-33.45046],[-70.62889,-33.44938],[-70.62805,-33.4492],[-70.62775,-33.45028],[-70.62856,-33.45046]]]},"properties":{"id":"13120111001003","cut":13120,"comuna":"ÑUÑOA","pob":15,"hom":7,"muj":8,"viv":12,"hog":8}},{"type":"Feature","geometry":{"type":"Polygon","coordinates":[[[-70.5755,-33.45059],[-70.57644,-33.45058],[-70.57652,-33.45001],[-70.57555,-33.44991],[-70.5755,-33.45059]]]},"properties":{"id":"13120031001015","cut":13120,"comuna":"ÑUÑOA","pob":61,"hom":31,"muj":30,"viv":15,"hog":15}},{"type":"Feature","geometry":{"type":"Polygon","coordinates":[[[-70.62269,-33.45032],[-70.6231,-33.45038],[-70.62333,-33.44938],[-70.62293,-33.44933],[-70.62269,-33.45032]]]},"properties":{"id":"13120111001009","cut":13120,"comuna":"ÑUÑOA","pob":49,"hom":26,"muj":23,"viv":11,"hog":13}},{"type":"Feature","geometry":{"type":"Polygon","coordinates":[[[-70.61603,-33.45124],[-70.61657,-33.45123],[-70.61678,-33.44948],[-70.61621,-33.44945],[-70.61603,-33.45124]]]},"properties":{"id":"13120111003006","cut":13120,"comuna":"ÑUÑOA","pob":82,"hom":43,"muj":39,"viv":38,"hog":38}},{"type":"Feature","geometry":{"type":"Polygon","coordinates":[[[-70.61009,-33.45034],[-70.61296,-33.45077],[-70.61311,-33.44998],[-70.61034,-33.44955],[-70.61009,-33.45034]]]},"properties":{"id":"13120111005002","cut":13120,"comuna":"ÑUÑOA","pob":635,"hom":270,"muj":365,"viv":469,"hog":283}},{"type":"Feature","geometry":{"type":"Polygon","coordinates":[[[-70.58253,-33.45058],[-70.58369,-33.45058],[-70.58364,-33.44993],[-70.58248,-33.44991],[-70.58253,-33.45058]]]},"properties":{"id":"13120031002003","cut":13120,"comuna":"ÑUÑOA","pob":57,"hom":22,"muj":35,"viv":21,"hog":20}},{"type":"Feature","geometry":{"type":"Polygon","coordinates":[[[-70.57329,-33.45054],[-70.57351,-33.45013],[-70.57267,-33.45005],[-70.57263,-33.45045],[-70.57329,-33.45054]]]},"properties":{"id":"13120031001011","cut":13120,"comuna":"ÑUÑOA","pob":35,"hom":16,"muj":19,"viv":12,"hog":12}},{"type":"Feature","geometry":{"type":"Polygon","coordinates":[[[-70.60052,-33.44975],[-70.60038,-33.45152],[-70.60097,-33.45157],[-70.60115,-33.45041],[-70.60104,-33.45157],[-70.60138,-33.45161],[-70.60164,-33.44986],[-70.60052,-33.44975]]]},"properties":{"id":"13120011007001","cut":13120,"comuna":"ÑUÑOA","pob":131,"hom":64,"muj":67,"viv":39,"hog":38}},{"type":"Feature","geometry":{"type":"Polygon","coordinates":[[[-70.61675,-33.45125],[-70.61729,-33.45124],[-70.61748,-33.44957],[-70.61689,-33.44952],[-70.61667,-33.45115],[-70.61675,-33.45125]]]},"properties":{"id":"13120111003007","cut":13120,"comuna":"ÑUÑOA","pob":85,"hom":38,"muj":47,"viv":31,"hog":26}},{"type":"Feature","geometry":{"type":"Polygon","coordinates":[[[-70.62923,-33.4506],[-70.62959,-33.44951],[-70.62898,-33.44938],[-70.62867,-33.45046],[-70.62923,-33.4506]]]},"properties":{"id":"13120111001002","cut":13120,"comuna":"ÑUÑOA","pob":30,"hom":13,"muj":17,"viv":15,"hog":12}},{"type":"Feature","geometry":{"type":"Polygon","coordinates":[[[-70.61792,-33.4513],[-70.61823,-33.4497],[-70.61762,-33.44961],[-70.61736,-33.45124],[-70.61792,-33.4513]]]},"properties":{"id":"13120111003008","cut":13120,"comuna":"ÑUÑOA","pob":75,"hom":35,"muj":40,"viv":28,"hog":26}},{"type":"Feature","geometry":{"type":"Polygon","coordinates":[[[-70.60227,-33.45128],[-70.60233,-33.45049],[-70.60224,-33.4501],[-70.60215,-33.44994],[-70.60175,-33.44988],[-70.60155,-33.4512],[-70.60227,-33.45128]]]},"properties":{"id":"13120011003003","cut":13120,"comuna":"ÑUÑOA","pob":215,"hom":88,"muj":127,"viv":108,"hog":88}},{"type":"Feature","geometry":{"type":"Polygon","coordinates":[[[-70.58797,-33.45124],[-70.58906,-33.45123],[-70.58886,-33.45069],[-70.58833,-33.45007],[-70.58757,-33.45043],[-70.58797,-33.45124]]]},"properties":{"id":"13120011002009","cut":13120,"comuna":"ÑUÑOA","pob":36,"hom":10,"muj":26,"viv":18,"hog":9}},{"type":"Feature","geometry":{"type":"Polygon","coordinates":[[[-70.61871,-33.451],[-70.61912,-33.44987],[-70.61833,-33.44969],[-70.61812,-33.45086],[-70.61871,-33.451]]]},"properties":{"id":"13120111003009","cut":13120,"comuna":"ÑUÑOA","pob":143,"hom":65,"muj":78,"viv":78,"hog":63}},{"type":"Feature","geometry":{"type":"Polygon","coordinates":[[[-70.63036,-33.45023],[-70.62976,-33.45013],[-70.62963,-33.45067],[-70.63105,-33.45094],[-70.63139,-33.44985],[-70.62993,-33.44957],[-70.62977,-33.45011],[-70.63036,-33.45023]]]},"properties":{"id":"13120111001001","cut":13120,"comuna":"ÑUÑOA","pob":144,"hom":73,"muj":71,"viv":73,"hog":74}},{"type":"Feature","geometry":{"type":"Polygon","coordinates":[[[-70.6024,-33.45126],[-70.60352,-33.45137],[-70.60364,-33.45017],[-70.60233,-33.44999],[-70.60236,-33.45112],[-70.6024,-33.45126]]]},"properties":{"id":"13120011003002","cut":13120,"comuna":"ÑUÑOA","pob":474,"hom":211,"muj":263,"viv":199,"hog":186}},{"type":"Feature","geometry":{"type":"Polygon","coordinates":[[[-70.57133,-33.45045],[-70.57113,-33.45167],[-70.57192,-33.45178],[-70.57199,-33.45127],[-70.57209,-33.45129],[-70.57201,-33.45178],[-70.57264,-33.4518],[-70.5725,-33.45052],[-70.57144,-33.45038],[-70.57133,-33.45045]]]},"properties":{"id":"13120031001019","cut":13120,"comuna":"ÑUÑOA","pob":77,"hom":37,"muj":40,"viv":27,"hog":24}},{"type":"Feature","geometry":{"type":"Polygon","coordinates":[[[-70.62509,-33.44976],[-70.62425,-33.45262],[-70.62428,-33.45267],[-70.62526,-33.45226],[-70.6257,-33.45219],[-70.62633,-33.45011],[-70.62509,-33.44976]]]},"properties":{"id":"13120111001015","cut":13120,"comuna":"ÑUÑOA","pob":471,"hom":228,"muj":243,"viv":289,"hog":229}},{"type":"Feature","geometry":{"type":"Polygon","coordinates":[[[-70.61998,-33.45055],[-70.62016,-33.45006],[-70.6192,-33.44987],[-70.61908,-33.45036],[-70.61998,-33.45055]]]},"properties":{"id":"13120111002009","cut":13120,"comuna":"ÑUÑOA","pob":30,"hom":14,"muj":16,"viv":17,"hog":12}},{"type":"Feature","geometry":{"type":"Polygon","coordinates":[[[-70.57287,-33.45179],[-70.57344,-33.45174],[-70.57332,-33.45061],[-70.57262,-33.45053],[-70.57273,-33.45169],[-70.57287,-33.45179]]]},"properties":{"id":"13120031001018","cut":13120,"comuna":"ÑUÑOA","pob":173,"hom":79,"muj":94,"viv":76,"hog":73}},{"type":"Feature","geometry":{"type":"Polygon","coordinates":[[[-70.60408,-33.45062],[-70.6037,-33.4506],[-70.6036,-33.45138],[-70.605,-33.4516],[-70.6052,-33.4504],[-70.6043,-33.45026],[-70.60419,-33.45077],[-70.60427,-33.45026],[-70.60377,-33.4502],[-70.6037,-33.45057],[-70.60408,-33.45062]]]},"properties":{"id":"13120011003001","cut":13120,"comuna":"ÑUÑOA","pob":337,"hom":151,"muj":186,"viv":132,"hog":122}},{"type":"Feature","geometry":{"type":"Polygon","coordinates":[[[-70.5904,-33.45128],[-70.59155,-33.45129],[-70.59148,-33.45037],[-70.59011,-33.45048],[-70.5904,-33.45128]]]},"properties":{"id":"13120011006004","cut":13120,"comuna":"ÑUÑOA","pob":149,"hom":71,"muj":78,"viv":62,"hog":56}},{"type":"Feature","geometry":{"type":"Polygon","coordinates":[[[-70.57338,-33.45066],[-70.57355,-33.4518],[-70.57416,-33.45175],[-70.5741,-33.45111],[-70.57418,-33.45111],[-70.57425,-33.45173],[-70.5747,-33.45172],[-70.57464,-33.45102],[-70.57475,-33.45104],[-70.57481,-33.45172],[-70.57633,-33.45158],[-70.57639,-33.45118],[-70.57527,-33.45114],[-70.57524,-33.45065],[-70.57338,-33.45066]]]},"properties":{"id":"13120031001017","cut":13120,"comuna":"ÑUÑOA","pob":246,"hom":113,"muj":133,"viv":78,"hog":78}},{"type":"Feature","geometry":{"type":"Polygon","coordinates":[[[-70.57632,-33.45115],[-70.57643,-33.45066],[-70.57527,-33.45065],[-70.57529,-33.45112],[-70.57632,-33.45115]]]},"properties":{"id":"13120031001016","cut":13120,"comuna":"ÑUÑOA","pob":40,"hom":18,"muj":22,"viv":20,"hog":17}},{"type":"Feature","geometry":{"type":"Polygon","coordinates":[[[-70.58764,-33.45123],[-70.58776,-33.45114],[-70.58743,-33.45051],[-70.58657,-33.45097],[-70.58673,-33.45121],[-70.58764,-33.45123]]]},"properties":{"id":"13120011002010","cut":13120,"comuna":"ÑUÑOA","pob":39,"hom":18,"muj":21,"viv":14,"hog":13}},{"type":"Feature","geometry":{"type":"Polygon","coordinates":[[[-70.62117,-33.45072],[-70.62012,-33.45054],[-70.61992,-33.45122],[-70.62118,-33.45144],[-70.6213,-33.45103],[-70.62054,-33.45087],[-70.62131,-33.451],[-70.62148,-33.45034],[-70.62027,-33.45008],[-70.62012,-33.45051],[-70.62117,-33.45072]]]},"properties":{"id":"13120111002008","cut":13120,"comuna":"ÑUÑOA","pob":103,"hom":47,"muj":56,"viv":51,"hog":37}},{"type":"Feature","geometry":{"type":"Polygon","coordinates":[[[-70.57657,-33.45066],[-70.57643,-33.4515],[-70.5775,-33.45152],[-70.57752,-33.45132],[-70.57696,-33.45124],[-70.57712,-33.45123],[-70.57755,-33.45129],[-70.57753,-33.45153],[-70.57763,-33.45162],[-70.57751,-33.45155],[-70.57643,-33.45153],[-70.57639,-33.45179],[-70.57728,-33.45188],[-70.57639,-33.45182],[-70.57634,-33.45221],[-70.577,-33.45227],[-70.57634,-33.45223],[-70.57632,-33.45247],[-70.57702,-33.45254],[-70.57631,-33.4525],[-70.57624,-33.4531],[-70.57732,-33.45307],[-70.57732,-33.45282],[-70.57735,-33.45307],[-70.57772,-33.45304],[-70.57783,-33.45233],[-70.57736,-33.45228],[-70.57783,-33.4523],[-70.57788,-33.45211],[-70.5776,-33.45204],[-70.57764,-33.45164],[-70.57763,-33.45203],[-70.57801,-33.45207],[-70.57805,-33.45162],[-70.57805,-33.45207],[-70.57835,-33.45206],[-70.57841,-33.45148],[-70.57804,-33.45143],[-70.57842,-33.45145],[-70.57842,-33.45119],[-70.57807,-33.45117],[-70.57842,-33.45116],[-70.57842,-33.45068],[-70.57657,-33.45066]]]},"properties":{"id":"13120031003002","cut":13120,"comuna":"ÑUÑOA","pob":508,"hom":227,"muj":281,"viv":218,"hog":190}},{"type":"Feature","geometry":{"type":"Polygon","coordinates":[[[-70.57977,-33.45063],[-70.57972,-33.45116],[-70.57974,-33.45064],[-70.57851,-33.45066],[-70.5785,-33.451],[-70.57888,-33.45103],[-70.5785,-33.45103],[-70.57851,-33.45131],[-70.57886,-33.45134],[-70.57851,-33.45133],[-70.5785,-33.4515],[-70.58031,-33.45166],[-70.58044,-33.45065],[-70.57977,-33.45063]]]},"properties":{"id":"13120031003001","cut":13120,"comuna":"ÑUÑOA","pob":261,"hom":111,"muj":150,"viv":107,"hog":105}},{"type":"Feature","geometry":{"type":"Polygon","coordinates":[[[-70.58058,-33.45064],[-70.58045,-33.45127],[-70.58119,-33.45128],[-70.58116,-33.4516],[-70.58172,-33.45161],[-70.58173,-33.45066],[-70.58058,-33.45064]]]},"properties":{"id":"13120031002006","cut":13120,"comuna":"ÑUÑOA","pob":68,"hom":30,"muj":38,"viv":28,"hog":20}},{"type":"Feature","geometry":{"type":"Polygon","coordinates":[[[-70.58188,-33.45164],[-70.5825,-33.45163],[-70.58241,-33.45064],[-70.58183,-33.45065],[-70.58188,-33.45164]]]},"properties":{"id":"13120031002007","cut":13120,"comuna":"ÑUÑOA","pob":46,"hom":21,"muj":25,"viv":17,"hog":16}},{"type":"Feature","geometry":{"type":"Polygon","coordinates":[[[-70.58255,-33.45111],[-70.58375,-33.45117],[-70.58371,-33.45067],[-70.58254,-33.45065],[-70.58255,-33.45111]]]},"properties":{"id":"13120031002008","cut":13120,"comuna":"ÑUÑOA","pob":83,"hom":31,"muj":52,"viv":23,"hog":22}},{"type":"Feature","geometry":{"type":"Polygon","coordinates":[[[-70.58386,-33.45118],[-70.58528,-33.45115],[-70.5852,-33.45067],[-70.58379,-33.45068],[-70.58386,-33.45118]]]},"properties":{"id":"13120031002010","cut":13120,"comuna":"ÑUÑOA","pob":58,"hom":26,"muj":32,"viv":22,"hog":19}},{"type":"Feature","geometry":{"type":"Polygon","coordinates":[[[-70.62746,-33.45083],[-70.6276,-33.45036],[-70.62644,-33.45015],[-70.62631,-33.45059],[-70.62746,-33.45083]]]},"properties":{"id":"13120111001018","cut":13120,"comuna":"ÑUÑOA","pob":33,"hom":14,"muj":19,"viv":16,"hog":14}},{"type":"Feature","geometry":{"type":"Polygon","coordinates":[[[-70.59817,-33.45063],[-70.59834,-33.4518],[-70.59942,-33.45167],[-70.59934,-33.45109],[-70.59892,-33.45111],[-70.59934,-33.45106],[-70.59932,-33.45092],[-70.59897,-33.45096],[-70.59931,-33.45089],[-70.59923,-33.45051],[-70.59817,-33.45063]]]},"properties":{"id":"13120011007005","cut":13120,"comuna":"ÑUÑOA","pob":164,"hom":74,"muj":90,"viv":74,"hog":70}},{"type":"Feature","geometry":{"type":"Polygon","coordinates":[[[-70.60593,-33.45089],[-70.60531,-33.45086],[-70.60528,-33.45103],[-70.60592,-33.45107],[-70.6059,-33.45132],[-70.60589,-33.45109],[-70.60528,-33.45105],[-70.60522,-33.45147],[-70.60712,-33.45158],[-70.607,-33.45063],[-70.6054,-33.45044],[-70.60531,-33.45084],[-70.60593,-33.45089]]]},"properties":{"id":"13120111006004","cut":13120,"comuna":"ÑUÑOA","pob":306,"hom":123,"muj":183,"viv":165,"hog":147}},{"type":"Feature","geometry":{"type":"Polygon","coordinates":[[[-70.60988,-33.45091],[-70.6128,-33.45138],[-70.61294,-33.4509],[-70.61005,-33.45043],[-70.60988,-33.45091]]]},"properties":{"id":"13120111005003","cut":13120,"comuna":"ÑUÑOA","pob":85,"hom":39,"muj":46,"viv":38,"hog":32}},{"type":"Feature","geometry":{"type":"Polygon","coordinates":[[[-70.59698,-33.45075],[-70.59707,-33.45122],[-70.59695,-33.45076],[-70.59675,-33.45078],[-70.59682,-33.45125],[-70.59672,-33.45078],[-70.59608,-33.45088],[-70.59617,-33.45272],[-70.59662,-33.45263],[-70.59691,-33.45262],[-70.59617,-33.45274],[-70.59624,-33.45358],[-70.5968,-33.45352],[-70.59678,-33.45319],[-70.59692,-33.45351],[-70.59744,-33.45345],[-70.59718,-33.45204],[-70.59698,-33.45198],[-70.59716,-33.45196],[-70.59707,-33.45145],[-70.59719,-33.45195],[-70.59816,-33.45181],[-70.59806,-33.45112],[-70.5975,-33.45118],[-70.59806,-33.45109],[-70.59797,-33.45065],[-70.59698,-33.45075]]]},"properties":{"id":"13120011008001","cut":13120,"comuna":"ÑUÑOA","pob":1197,"hom":540,"muj":657,"viv":532,"hog":477}},{"type":"Feature","geometry":{"type":"Polygon","coordinates":[[[-70.62212,-33.45169],[-70.62248,-33.45054],[-70.62161,-33.45036],[-70.62126,-33.45149],[-70.62212,-33.45169]]]},"properties":{"id":"13120111002007","cut":13120,"comuna":"ÑUÑOA","pob":254,"hom":115,"muj":139,"viv":146,"hog":132}},{"type":"Feature","geometry":{"type":"Polygon","coordinates":[[[-70.62266,-33.4518],[-70.62307,-33.45049],[-70.62266,-33.45038],[-70.62224,-33.45169],[-70.62266,-33.4518]]]},"properties":{"id":"13120111001010","cut":13120,"comuna":"ÑUÑOA","pob":14,"hom":7,"muj":7,"viv":17,"hog":8}},{"type":"Feature","geometry":{"type":"Polygon","coordinates":[[[-70.61886,-33.45102],[-70.61985,-33.45117],[-70.61999,-33.45062],[-70.61903,-33.45045],[-70.61886,-33.45102]]]},"properties":{"id":"13120111002010","cut":13120,"comuna":"ÑUÑOA","pob":41,"hom":14,"muj":27,"viv":38,"hog":16}},{"type":"Feature","geometry":{"type":"Polygon","coordinates":[[[-70.62721,-33.45227],[-70.62875,-33.45237],[-70.62924,-33.45068],[-70.62773,-33.45039],[-70.62721,-33.45227]]]},"properties":{"id":"13120111001019","cut":13120,"comuna":"ÑUÑOA","pob":92,"hom":47,"muj":45,"viv":44,"hog":44}},{"type":"Feature","geometry":{"type":"Polygon","coordinates":[[[-70.60718,-33.45128],[-70.60881,-33.45147],[-70.60894,-33.45156],[-70.60896,-33.4518],[-70.6094,-33.45187],[-70.6097,-33.45104],[-70.60716,-33.45065],[-70.60718,-33.45128]]]},"properties":{"id":"13120111006005","cut":13120,"comuna":"ÑUÑOA","pob":147,"hom":72,"muj":75,"viv":66,"hog":60}},{"type":"Feature","geometry":{"type":"Polygon","coordinates":[[[-70.62337,-33.45194],[-70.62378,-33.45064],[-70.62316,-33.45049],[-70.62278,-33.4518],[-70.62337,-33.45194]]]},"properties":{"id":"13120111001011","cut":13120,"comuna":"ÑUÑOA","pob":69,"hom":28,"muj":41,"viv":22,"hog":22}},{"type":"Feature","geometry":{"type":"Polygon","coordinates":[[[-70.62324,-33.45314],[-70.62412,-33.45272],[-70.62466,-33.45081],[-70.62386,-33.45066],[-70.62315,-33.45304],[-70.62324,-33.45314]]]},"properties":{"id":"13120111001014","cut":13120,"comuna":"ÑUÑOA","pob":567,"hom":263,"muj":304,"viv":309,"hog":285}},{"type":"Feature","geometry":{"type":"Polygon","coordinates":[[[-70.58257,-33.45122],[-70.5826,-33.45166],[-70.58382,-33.45169],[-70.58376,-33.45123],[-70.58257,-33.45122]]]},"properties":{"id":"13120031002009","cut":13120,"comuna":"ÑUÑOA","pob":67,"hom":32,"muj":35,"viv":22,"hog":21}},{"type":"Feature","geometry":{"type":"Polygon","coordinates":[[[-70.62729,-33.45135],[-70.62746,-33.45088],[-70.62627,-33.45066],[-70.62615,-33.45111],[-70.62729,-33.45135]]]},"properties":{"id":"13120111001017","cut":13120,"comuna":"ÑUÑOA","pob":25,"hom":8,"muj":17,"viv":17,"hog":11}},{"type":"Feature","geometry":{"type":"Polygon","coordinates":[[[-70.5839,-33.45171],[-70.58474,-33.45173],[-70.58526,-33.45144],[-70.5853,-33.45129],[-70.58386,-33.45124],[-70.5839,-33.45171]]]},"properties":{"id":"13120031002011","cut":13120,"comuna":"ÑUÑOA","pob":63,"hom":28,"muj":35,"viv":21,"hog":21}},{"type":"Feature","geometry":{"type":"Polygon","coordinates":[[[-70.58116,-33.45131],[-70.58045,-33.4513],[-70.58028,-33.45268],[-70.58072,-33.45273],[-70.58028,-33.45271],[-70.58024,-33.45305],[-70.58093,-33.45312],[-70.58106,-33.4526],[-70.58168,-33.45264],[-70.58173,-33.45174],[-70.58111,-33.45168],[-70.58116,-33.45131]]]},"properties":{"id":"13120031002016","cut":13120,"comuna":"ÑUÑOA","pob":187,"hom":79,"muj":108,"viv":103,"hog":72}},{"type":"Feature","geometry":{"type":"Polygon","coordinates":[[[-70.58553,-33.45235],[-70.58631,-33.45221],[-70.58602,-33.45125],[-70.58541,-33.45146],[-70.58553,-33.45235]]]},"properties":{"id":"13120011002011","cut":13120,"comuna":"ÑUÑOA","pob":35,"hom":14,"muj":21,"viv":16,"hog":12}},{"type":"Feature","geometry":{"type":"Polygon","coordinates":[[[-70.60985,-33.45101],[-70.60959,-33.45192],[-70.61029,-33.45204],[-70.6104,-33.45141],[-70.61032,-33.45205],[-70.61109,-33.45215],[-70.61124,-33.45166],[-70.61272,-33.45187],[-70.61277,-33.45144],[-70.60985,-33.45101]]]},"properties":{"id":"13120111005004","cut":13120,"comuna":"ÑUÑOA","pob":512,"hom":231,"muj":281,"viv":233,"hog":202}},{"type":"Feature","geometry":{"type":"Polygon","coordinates":[[[-70.58616,-33.45135],[-70.58666,-33.45279],[-70.58693,-33.45279],[-70.58694,-33.45286],[-70.5867,-33.45293],[-70.58742,-33.45546],[-70.58831,-33.45547],[-70.58818,-33.45411],[-70.58752,-33.45415],[-70.5875,-33.45424],[-70.58749,-33.45414],[-70.58748,-33.45403],[-70.58752,-33.45412],[-70.58817,-33.45408],[-70.58813,-33.4538],[-70.58746,-33.45382],[-70.58812,-33.45377],[-70.5881,-33.45363],[-70.58727,-33.45368],[-70.5881,-33.45361],[-70.58797,-33.45274],[-70.58697,-33.45276],[-70.58796,-33.45272],[-70.58793,-33.4525],[-70.58702,-33.45256],[-70.58793,-33.45248],[-70.5879,-33.45221],[-70.58729,-33.45222],[-70.58789,-33.45219],[-70.58787,-33.45198],[-70.58711,-33.45196],[-70.58707,-33.45236],[-70.58708,-33.45196],[-70.58681,-33.45196],[-70.58686,-33.45226],[-70.58678,-33.45195],[-70.58787,-33.45195],[-70.58778,-33.45135],[-70.58616,-33.45135]]]},"properties":{"id":"13120011002015","cut":13120,"comuna":"ÑUÑOA","pob":1251,"hom":581,"muj":670,"viv":569,"hog":501}},{"type":"Feature","geometry":{"type":"Polygon","coordinates":[[[-70.63084,-33.45151],[-70.63101,-33.45103],[-70.62959,-33.45077],[-70.62948,-33.45123],[-70.63084,-33.45151]]]},"properties":{"id":"13120111001020","cut":13120,"comuna":"ÑUÑOA","pob":556,"hom":273,"muj":283,"viv":614,"hog":318}},{"type":"Feature","geometry":{"type":"Polygon","coordinates":[[[-70.58794,-33.45131],[-70.588,-33.45199],[-70.58836,-33.452],[-70.58837,-33.45174],[-70.58839,-33.45202],[-70.588,-33.45202],[-70.58803,-33.45218],[-70.58861,-33.45218],[-70.58803,-33.45221],[-70.58811,-33.45273],[-70.58923,-33.45268],[-70.58909,-33.45134],[-70.58794,-33.45131]]]},"properties":{"id":"13120011002016","cut":13120,"comuna":"ÑUÑOA","pob":272,"hom":122,"muj":150,"viv":122,"hog":106}},{"type":"Feature","geometry":{"type":"Polygon","coordinates":[[[-70.58921,-33.45137],[-70.58945,-33.45311],[-70.59045,-33.45304],[-70.58945,-33.45313],[-70.58966,-33.45462],[-70.59034,-33.45458],[-70.58966,-33.45464],[-70.58976,-33.45538],[-70.59183,-33.45526],[-70.59173,-33.45331],[-70.5906,-33.45337],[-70.59056,-33.45315],[-70.59062,-33.45335],[-70.59172,-33.45329],[-70.59166,-33.45256],[-70.59082,-33.45264],[-70.59081,-33.45257],[-70.59166,-33.4525],[-70.59157,-33.45137],[-70.5904,-33.45134],[-70.59031,-33.45171],[-70.59026,-33.45134],[-70.58921,-33.45137]]]},"properties":{"id":"13120011006005","cut":13120,"comuna":"ÑUÑOA","pob":1408,"hom":660,"muj":748,"viv":677,"hog":543}},{"type":"Feature","geometry":{"type":"Polygon","coordinates":[[[-70.61835,-33.45222],[-70.61874,-33.4511],[-70.61814,-33.45096],[-70.61793,-33.45211],[-70.61835,-33.45222]]]},"properties":{"id":"13120111003010","cut":13120,"comuna":"ÑUÑOA","pob":61,"hom":33,"muj":28,"viv":24,"hog":22}},{"type":"Feature","geometry":{"type":"Polygon","coordinates":[[[-70.60138,-33.45253],[-70.60222,-33.45255],[-70.60238,-33.45139],[-70.60154,-33.45127],[-70.60138,-33.45253]]]},"properties":{"id":"13120011003004","cut":13120,"comuna":"ÑUÑOA","pob":616,"hom":283,"muj":333,"viv":265,"hog":252}},{"type":"Feature","geometry":{"type":"Polygon","coordinates":[[[-70.57849,-33.4521],[-70.5794,-33.45216],[-70.57885,-33.45216],[-70.57881,-33.45295],[-70.58015,-33.45304],[-70.58021,-33.45264],[-70.57966,-33.45257],[-70.58021,-33.45261],[-70.58026,-33.45226],[-70.57964,-33.45218],[-70.58026,-33.45223],[-70.5803,-33.45174],[-70.5785,-33.45158],[-70.57849,-33.4521]]]},"properties":{"id":"13120031003004","cut":13120,"comuna":"ÑUÑOA","pob":295,"hom":136,"muj":159,"viv":116,"hog":115}},{"type":"Feature","geometry":{"type":"Polygon","coordinates":[[[-70.61299,-33.45119],[-70.61289,-33.45165],[-70.61355,-33.45178],[-70.61368,-33.45166],[-70.61365,-33.45181],[-70.61288,-33.45169],[-70.61256,-33.45314],[-70.61264,-33.45321],[-70.614,-33.45303],[-70.61428,-33.45135],[-70.61299,-33.45119]]]},"properties":{"id":"13120111004008","cut":13120,"comuna":"ÑUÑOA","pob":836,"hom":377,"muj":459,"viv":411,"hog":370}},{"type":"Feature","geometry":{"type":"Polygon","coordinates":[[[-70.61856,-33.45227],[-70.61947,-33.45242],[-70.61979,-33.45129],[-70.61883,-33.45111],[-70.6185,-33.45218],[-70.61856,-33.45227]]]},"properties":{"id":"13120111002011","cut":13120,"comuna":"ÑUÑOA","pob":362,"hom":159,"muj":203,"viv":157,"hog":139}},{"type":"Feature","geometry":{"type":"Polygon","coordinates":[[[-70.58478,-33.45286],[-70.58551,-33.45293],[-70.58531,-33.45155],[-70.58472,-33.45187],[-70.58478,-33.45286]]]},"properties":{"id":"13120031002023","cut":13120,"comuna":"ÑUÑOA","pob":56,"hom":25,"muj":31,"viv":21,"hog":19}},{"type":"Feature","geometry":{"type":"Polygon","coordinates":[[[-70.57435,-33.45182],[-70.57447,-33.45276],[-70.57432,-33.45182],[-70.57412,-33.45183],[-70.5742,-33.45263],[-70.57408,-33.45184],[-70.57354,-33.45189],[-70.57378,-33.45325],[-70.57457,-33.45325],[-70.57486,-33.45334],[-70.57507,-33.45324],[-70.57616,-33.45318],[-70.57626,-33.45231],[-70.5755,-33.45235],[-70.57626,-33.45228],[-70.57631,-33.4517],[-70.57435,-33.45182]]]},"properties":{"id":"13120031001022","cut":13120,"comuna":"ÑUÑOA","pob":240,"hom":103,"muj":137,"viv":94,"hog":84}},{"type":"Feature","geometry":{"type":"Polygon","coordinates":[[[-70.57114,-33.45176],[-70.57101,-33.45241],[-70.57172,-33.45253],[-70.57161,-33.45342],[-70.57222,-33.45339],[-70.57231,-33.45246],[-70.57225,-33.45339],[-70.57367,-33.45324],[-70.57344,-33.45187],[-70.5719,-33.45185],[-70.57181,-33.45219],[-70.57178,-33.45185],[-70.57114,-33.45176]]]},"properties":{"id":"13120031001021","cut":13120,"comuna":"ÑUÑOA","pob":485,"hom":214,"muj":271,"viv":213,"hog":203}},{"type":"Feature","geometry":{"type":"Polygon","coordinates":[[[-70.60249,-33.45138],[-70.60233,-33.45258],[-70.60301,-33.45262],[-70.60304,-33.45242],[-70.60309,-33.45262],[-70.60336,-33.45262],[-70.60345,-33.45203],[-70.60299,-33.45197],[-70.60345,-33.45201],[-70.60348,-33.45146],[-70.60249,-33.45138]]]},"properties":{"id":"13120011003005","cut":13120,"comuna":"ÑUÑOA","pob":423,"hom":178,"muj":245,"viv":167,"hog":156}},{"type":"Feature","geometry":{"type":"Polygon","coordinates":[[[-70.6072,-33.45142],[-70.60724,-33.45206],[-70.60837,-33.45209],[-70.60836,-33.45193],[-70.608,-33.45192],[-70.60793,-33.45205],[-70.60794,-33.45187],[-70.60842,-33.45183],[-70.60842,-33.45209],[-70.60873,-33.45212],[-70.60888,-33.4516],[-70.6082,-33.45142],[-70.60735,-33.45137],[-70.6072,-33.45142]]]},"properties":{"id":"13120111006006","cut":13120,"comuna":"ÑUÑOA","pob":523,"hom":233,"muj":290,"viv":196,"hog":183}},{"type":"Feature","geometry":{"type":"Polygon","coordinates":[[[-70.58177,-33.45265],[-70.58258,-33.4527],[-70.58252,-33.45175],[-70.58183,-33.45171],[-70.58177,-33.45265]]]},"properties":{"id":"13120031002015","cut":13120,"comuna":"ÑUÑOA","pob":49,"hom":24,"muj":25,"viv":16,"hog":15}},{"type":"Feature","geometry":{"type":"Polygon","coordinates":[[[-70.60474,-33.45287],[-70.60498,-33.45167],[-70.60361,-33.45147],[-70.60345,-33.45266],[-70.60474,-33.45287]]]},"properties":{"id":"13120011003006","cut":13120,"comuna":"ÑUÑOA","pob":67,"hom":25,"muj":42,"viv":21,"hog":20}},{"type":"Feature","geometry":{"type":"Polygon","coordinates":[[[-70.5827,-33.45292],[-70.58328,-33.4526],[-70.58321,-33.45176],[-70.58261,-33.45176],[-70.5827,-33.45292]]]},"properties":{"id":"13120031002014","cut":13120,"comuna":"ÑUÑOA","pob":34,"hom":17,"muj":17,"viv":16,"hog":13}},{"type":"Feature","geometry":{"type":"Polygon","coordinates":[[[-70.61602,-33.45134],[-70.61599,-33.45293],[-70.61656,-33.4529],[-70.61656,-33.45132],[-70.61602,-33.45134]]]},"properties":{"id":"13120111003013","cut":13120,"comuna":"ÑUÑOA","pob":459,"hom":217,"muj":242,"viv":206,"hog":184}},{"type":"Feature","geometry":{"type":"Polygon","coordinates":[[[-70.61667,-33.45197],[-70.61687,-33.45204],[-70.61667,-33.45208],[-70.61665,-33.45291],[-70.61771,-33.45295],[-70.61796,-33.45138],[-70.61667,-33.45132],[-70.61667,-33.45197]]]},"properties":{"id":"13120111003012","cut":13120,"comuna":"ÑUÑOA","pob":707,"hom":334,"muj":373,"viv":321,"hog":296}},{"type":"Feature","geometry":{"type":"Polygon","coordinates":[[[-70.62579,-33.45219],[-70.62707,-33.45229],[-70.62732,-33.45145],[-70.6261,-33.4512],[-70.62579,-33.45219]]]},"properties":{"id":"13120111001016","cut":13120,"comuna":"ÑUÑOA","pob":0,"hom":0,"muj":0,"viv":3,"hog":0}},{"type":"Feature","geometry":{"type":"Polygon","coordinates":[[[-70.59602,-33.45163],[-70.59407,-33.45181],[-70.5941,-33.45287],[-70.59518,-33.45288],[-70.59518,-33.45221],[-70.59521,-33.45288],[-70.59608,-33.45286],[-70.59602,-33.45163]]]},"properties":{"id":"13120011009006","cut":13120,"comuna":"ÑUÑOA","pob":756,"hom":350,"muj":406,"viv":435,"hog":378}},{"type":"Feature","geometry":{"type":"Polygon","coordinates":[[[-70.62018,-33.45196],[-70.61971,-33.45189],[-70.61956,-33.45247],[-70.62075,-33.4527],[-70.62089,-33.45228],[-70.62033,-33.45215],[-70.6209,-33.45225],[-70.62109,-33.45156],[-70.6199,-33.45132],[-70.61972,-33.45187],[-70.62018,-33.45196]]]},"properties":{"id":"13120111002012","cut":13120,"comuna":"ÑUÑOA","pob":573,"hom":252,"muj":321,"viv":281,"hog":233}},{"type":"Feature","geometry":{"type":"Polygon","coordinates":[[[-70.6052,-33.45156],[-70.60516,-33.45195],[-70.60607,-33.45198],[-70.60604,-33.45207],[-70.60513,-33.45201],[-70.60504,-33.45269],[-70.6053,-33.45272],[-70.60534,-33.45243],[-70.60533,-33.45272],[-70.60709,-33.45284],[-70.60711,-33.45165],[-70.6052,-33.45156]]]},"properties":{"id":"13120111006008","cut":13120,"comuna":"ÑUÑOA","pob":167,"hom":65,"muj":102,"viv":68,"hog":52}},{"type":"Feature","geometry":{"type":"Polygon","coordinates":[[[-70.60035,-33.45166],[-70.6003,-33.45223],[-70.60131,-33.45232],[-70.60137,-33.45168],[-70.60035,-33.45166]]]},"properties":{"id":"13120011007007","cut":13120,"comuna":"ÑUÑOA","pob":380,"hom":172,"muj":208,"viv":167,"hog":147}},{"type":"Feature","geometry":{"type":"Polygon","coordinates":[[[-70.59838,-33.45187],[-70.59843,-33.45233],[-70.59932,-33.45222],[-70.60014,-33.45255],[-70.60026,-33.45166],[-70.59838,-33.45187]]]},"properties":{"id":"13120011007006","cut":13120,"comuna":"ÑUÑOA","pob":142,"hom":66,"muj":76,"viv":64,"hog":70}},{"type":"Feature","geometry":{"type":"Polygon","coordinates":[[[-70.62926,-33.45224],[-70.63072,-33.45188],[-70.63087,-33.45159],[-70.62946,-33.45129],[-70.6292,-33.45218],[-70.62926,-33.45224]]]},"properties":{"id":"13120111001021","cut":13120,"comuna":"ÑUÑOA","pob":874,"hom":429,"muj":445,"viv":514,"hog":465}},{"type":"Feature","geometry":{"type":"Polygon","coordinates":[[[-70.58401,-33.45283],[-70.5847,-33.45289],[-70.58462,-33.45193],[-70.58396,-33.4523],[-70.58401,-33.45283]]]},"properties":{"id":"13120031002022","cut":13120,"comuna":"ÑUÑOA","pob":37,"hom":14,"muj":23,"viv":14,"hog":13}},{"type":"Feature","geometry":{"type":"Polygon","coordinates":[[[-70.57784,-33.45295],[-70.57792,-33.45302],[-70.57866,-33.45295],[-70.57876,-33.4522],[-70.57795,-33.45215],[-70.57784,-33.45295]]]},"properties":{"id":"13120031003003","cut":13120,"comuna":"ÑUÑOA","pob":0,"hom":0,"muj":0,"viv":1,"hog":0}},{"type":"Feature","geometry":{"type":"Polygon","coordinates":[[[-70.6209,-33.4527],[-70.6218,-33.4529],[-70.62212,-33.45175],[-70.62122,-33.4516],[-70.6209,-33.4527]]]},"properties":{"id":"13120111002013","cut":13120,"comuna":"ÑUÑOA","pob":547,"hom":232,"muj":315,"viv":332,"hog":254}},{"type":"Feature","geometry":{"type":"Polygon","coordinates":[[[-70.59729,-33.452],[-70.59751,-33.45344],[-70.59839,-33.45336],[-70.59827,-33.45246],[-70.59797,-33.45252],[-70.59771,-33.45253],[-70.59827,-33.45243],[-70.59818,-33.4519],[-70.59729,-33.452]]]},"properties":{"id":"13120011008005","cut":13120,"comuna":"ÑUÑOA","pob":772,"hom":360,"muj":412,"viv":457,"hog":406}},{"type":"Feature","geometry":{"type":"Polygon","coordinates":[[[-70.61123,-33.45219],[-70.61256,-33.45239],[-70.6127,-33.45199],[-70.61131,-33.45173],[-70.61123,-33.45219]]]},"properties":{"id":"13120111005005","cut":13120,"comuna":"ÑUÑOA","pob":126,"hom":52,"muj":74,"viv":59,"hog":56}},{"type":"Feature","geometry":{"type":"Polygon","coordinates":[[[-70.59323,-33.45375],[-70.59404,-33.45372],[-70.59397,-33.45207],[-70.59315,-33.45211],[-70.59323,-33.45375]]]},"properties":{"id":"13120011009004","cut":13120,"comuna":"ÑUÑOA","pob":477,"hom":205,"muj":272,"viv":254,"hog":230}},{"type":"Feature","geometry":{"type":"Polygon","coordinates":[[[-70.60871,-33.45218],[-70.60722,-33.45213],[-70.60717,-33.45283],[-70.60846,-33.45279],[-70.60907,-33.45288],[-70.60937,-33.45201],[-70.60894,-33.45194],[-70.60871,-33.45218]]]},"properties":{"id":"13120111006007","cut":13120,"comuna":"ÑUÑOA","pob":80,"hom":44,"muj":36,"viv":29,"hog":21}},{"type":"Feature","geometry":{"type":"Polygon","coordinates":[[[-70.62241,-33.4527],[-70.62197,-33.4526],[-70.62188,-33.45292],[-70.62303,-33.45314],[-70.62336,-33.45201],[-70.62221,-33.45178],[-70.62198,-33.45257],[-70.62241,-33.4527]]]},"properties":{"id":"13120111001012","cut":13120,"comuna":"ÑUÑOA","pob":446,"hom":194,"muj":252,"viv":267,"hog":237}},{"type":"Feature","geometry":{"type":"Polygon","coordinates":[[[-70.58563,-33.45296],[-70.58655,-33.45284],[-70.58641,-33.45229],[-70.58555,-33.45242],[-70.58563,-33.45296]]]},"properties":{"id":"13120011002012","cut":13120,"comuna":"ÑUÑOA","pob":37,"hom":19,"muj":18,"viv":13,"hog":12}},{"type":"Feature","geometry":{"type":"Polygon","coordinates":[[[-70.60923,-33.45291],[-70.60972,-33.45288],[-70.60998,-33.45206],[-70.60952,-33.45201],[-70.60923,-33.45291]]]},"properties":{"id":"13120111005009","cut":13120,"comuna":"ÑUÑOA","pob":47,"hom":26,"muj":21,"viv":18,"hog":21}},{"type":"Feature","geometry":{"type":"Polygon","coordinates":[[[-70.60981,-33.45288],[-70.61026,-33.45286],[-70.61048,-33.45214],[-70.61007,-33.45209],[-70.60981,-33.45288]]]},"properties":{"id":"13120111005008","cut":13120,"comuna":"ÑUÑOA","pob":48,"hom":24,"muj":24,"viv":18,"hog":18}},{"type":"Feature","geometry":{"type":"Polygon","coordinates":[[[-70.59845,-33.45239],[-70.59857,-33.45335],[-70.59955,-33.45327],[-70.59858,-33.45338],[-70.5987,-33.45421],[-70.59856,-33.4547],[-70.59988,-33.45457],[-70.60014,-33.45263],[-70.59932,-33.45228],[-70.59845,-33.45239]]]},"properties":{"id":"13120011007009","cut":13120,"comuna":"ÑUÑOA","pob":765,"hom":321,"muj":444,"viv":382,"hog":360}},{"type":"Feature","geometry":{"type":"Polygon","coordinates":[[[-70.61035,-33.45287],[-70.61106,-33.45284],[-70.61102,-33.45222],[-70.61058,-33.45217],[-70.61035,-33.45287]]]},"properties":{"id":"13120111005007","cut":13120,"comuna":"ÑUÑOA","pob":40,"hom":18,"muj":22,"viv":18,"hog":16}},{"type":"Feature","geometry":{"type":"Polygon","coordinates":[[[-70.61115,-33.45285],[-70.61248,-33.45281],[-70.61257,-33.45247],[-70.61114,-33.45225],[-70.61115,-33.45285]]]},"properties":{"id":"13120111005006","cut":13120,"comuna":"ÑUÑOA","pob":53,"hom":22,"muj":31,"viv":18,"hog":18}},{"type":"Feature","geometry":{"type":"Polygon","coordinates":[[[-70.58105,-33.45308],[-70.58215,-33.45321],[-70.58258,-33.45301],[-70.5826,-33.45282],[-70.58113,-33.45266],[-70.58105,-33.45308]]]},"properties":{"id":"13120031002017","cut":13120,"comuna":"ÑUÑOA","pob":54,"hom":22,"muj":32,"viv":19,"hog":18}},{"type":"Feature","geometry":{"type":"Polygon","coordinates":[[[-70.60008,-33.45455],[-70.60113,-33.45444],[-70.60127,-33.45251],[-70.60057,-33.45243],[-70.60026,-33.45249],[-70.60008,-33.45455]]]},"properties":{"id":"13120011007008","cut":13120,"comuna":"ÑUÑOA","pob":0,"hom":0,"muj":0,"viv":1,"hog":0}},{"type":"Feature","geometry":{"type":"Polygon","coordinates":[[[-70.61786,-33.45299],[-70.61817,-33.45301],[-70.61835,-33.45229],[-70.61791,-33.45222],[-70.61786,-33.45299]]]},"properties":{"id":"13120111003011","cut":13120,"comuna":"ÑUÑOA","pob":36,"hom":18,"muj":18,"viv":23,"hog":15}},{"type":"Feature","geometry":{"type":"Polygon","coordinates":[[[-70.63011,-33.45401],[-70.63066,-33.45232],[-70.63056,-33.45215],[-70.62969,-33.45235],[-70.62928,-33.45381],[-70.63011,-33.45401]]]},"properties":{"id":"13120101001001","cut":13120,"comuna":"ÑUÑOA","pob":45,"hom":21,"muj":24,"viv":23,"hog":19}},{"type":"Feature","geometry":{"type":"Polygon","coordinates":[[[-70.58814,-33.45281],[-70.58818,-33.45333],[-70.58873,-33.4533],[-70.58819,-33.45335],[-70.58828,-33.45381],[-70.58941,-33.45374],[-70.58925,-33.45276],[-70.58814,-33.45281]]]},"properties":{"id":"13120011002017","cut":13120,"comuna":"ÑUÑOA","pob":277,"hom":110,"muj":167,"viv":143,"hog":122}},{"type":"Feature","geometry":{"type":"Polygon","coordinates":[[[-70.60136,-33.45264],[-70.60122,-33.45441],[-70.60153,-33.45442],[-70.6016,-33.45388],[-70.60157,-33.45441],[-70.60213,-33.45435],[-70.60225,-33.4535],[-70.6022,-33.45267],[-70.60136,-33.45264]]]},"properties":{"id":"13120011003009","cut":13120,"comuna":"ÑUÑOA","pob":871,"hom":402,"muj":469,"viv":517,"hog":367}},{"type":"Feature","geometry":{"type":"Polygon","coordinates":[[[-70.58269,-33.45311],[-70.58275,-33.45379],[-70.58404,-33.45395],[-70.58399,-33.45328],[-70.5835,-33.45331],[-70.58349,-33.45349],[-70.58348,-33.45329],[-70.58399,-33.45325],[-70.58394,-33.45291],[-70.58304,-33.45285],[-70.58269,-33.45311]]]},"properties":{"id":"13120031002020","cut":13120,"comuna":"ÑUÑOA","pob":68,"hom":28,"muj":40,"viv":26,"hog":25}},{"type":"Feature","geometry":{"type":"Polygon","coordinates":[[[-70.60231,-33.45269],[-70.60225,-33.45318],[-70.60232,-33.45342],[-70.60335,-33.45325],[-70.60334,-33.45271],[-70.60231,-33.45269]]]},"properties":{"id":"13120011003008","cut":13120,"comuna":"ÑUÑOA","pob":501,"hom":217,"muj":284,"viv":245,"hog":213}},{"type":"Feature","geometry":{"type":"Polygon","coordinates":[[[-70.62555,-33.45242],[-70.62534,-33.45331],[-70.62576,-33.45334],[-70.62583,-33.45303],[-70.62579,-33.45337],[-70.62533,-33.45334],[-70.62524,-33.45371],[-70.62576,-33.45381],[-70.62523,-33.45374],[-70.62518,-33.45394],[-70.62562,-33.45403],[-70.62518,-33.45397],[-70.62507,-33.45444],[-70.62578,-33.45453],[-70.62608,-33.45364],[-70.62666,-33.45363],[-70.62698,-33.45246],[-70.62582,-33.45236],[-70.62555,-33.45242]]]},"properties":{"id":"13120101001006","cut":13120,"comuna":"ÑUÑOA","pob":513,"hom":240,"muj":273,"viv":250,"hog":237}},{"type":"Feature","geometry":{"type":"Polygon","coordinates":[[[-70.58558,-33.45414],[-70.58566,-33.45406],[-70.58552,-33.45305],[-70.58404,-33.45293],[-70.58414,-33.45396],[-70.58558,-33.45414]]]},"properties":{"id":"13120031002024","cut":13120,"comuna":"ÑUÑOA","pob":319,"hom":143,"muj":176,"viv":135,"hog":120}},{"type":"Feature","geometry":{"type":"Polygon","coordinates":[[[-70.62462,-33.45272],[-70.62468,-33.4533],[-70.62459,-33.45273],[-70.6223,-33.45381],[-70.62267,-33.45384],[-70.62496,-33.45444],[-70.62534,-33.45297],[-70.62495,-33.4529],[-70.62534,-33.45294],[-70.62546,-33.45242],[-70.62462,-33.45272]]]},"properties":{"id":"13120101002001","cut":13120,"comuna":"ÑUÑOA","pob":713,"hom":336,"muj":377,"viv":305,"hog":300}},{"type":"Feature","geometry":{"type":"Polygon","coordinates":[[[-70.58565,-33.45304],[-70.58569,-33.45358],[-70.58614,-33.45354],[-70.58616,-33.45341],[-70.5862,-33.45369],[-70.58615,-33.45357],[-70.58569,-33.45361],[-70.58577,-33.45413],[-70.58688,-33.45393],[-70.5866,-33.45291],[-70.58565,-33.45304]]]},"properties":{"id":"13120011002013","cut":13120,"comuna":"ÑUÑOA","pob":98,"hom":45,"muj":53,"viv":32,"hog":29}},{"type":"Feature","geometry":{"type":"Polygon","coordinates":[[[-70.57885,-33.45392],[-70.57828,-33.4539],[-70.57825,-33.4543],[-70.57992,-33.45443],[-70.58013,-33.45314],[-70.57838,-33.45304],[-70.57828,-33.45387],[-70.57885,-33.45392]]]},"properties":{"id":"13120031003005","cut":13120,"comuna":"ÑUÑOA","pob":484,"hom":213,"muj":271,"viv":209,"hog":190}},{"type":"Feature","geometry":{"type":"Polygon","coordinates":[[[-70.62883,-33.45373],[-70.62921,-33.4538],[-70.62959,-33.45237],[-70.62912,-33.45252],[-70.62883,-33.45373]]]},"properties":{"id":"13120101001002","cut":13120,"comuna":"ÑUÑOA","pob":33,"hom":10,"muj":23,"viv":11,"hog":11}},{"type":"Feature","geometry":{"type":"Polygon","coordinates":[[[-70.57774,-33.4531],[-70.57769,-33.45364],[-70.5777,-33.4531],[-70.5774,-33.45312],[-70.5774,-33.45354],[-70.57736,-33.45313],[-70.57623,-33.45322],[-70.57612,-33.45413],[-70.57814,-33.4543],[-70.57827,-33.45308],[-70.57774,-33.4531]]]},"properties":{"id":"13120031003006","cut":13120,"comuna":"ÑUÑOA","pob":1209,"hom":551,"muj":658,"viv":688,"hog":608}},{"type":"Feature","geometry":{"type":"Polygon","coordinates":[[[-70.60346,-33.45422],[-70.60477,-33.45407],[-70.60476,-33.45296],[-70.60343,-33.45277],[-70.60346,-33.45422]]]},"properties":{"id":"13120011003007","cut":13120,"comuna":"ÑUÑOA","pob":383,"hom":161,"muj":222,"viv":204,"hog":180}},{"type":"Feature","geometry":{"type":"Polygon","coordinates":[[[-70.62681,-33.45334],[-70.62754,-33.45353],[-70.62762,-33.45335],[-70.62758,-33.45353],[-70.62787,-33.45356],[-70.62814,-33.45255],[-70.62708,-33.45246],[-70.62681,-33.45334]]]},"properties":{"id":"13120101001005","cut":13120,"comuna":"ÑUÑOA","pob":129,"hom":49,"muj":80,"viv":48,"hog":49}},{"type":"Feature","geometry":{"type":"Polygon","coordinates":[[[-70.59413,-33.45295],[-70.59416,-33.45517],[-70.59487,-33.45512],[-70.59474,-33.45364],[-70.59574,-33.45361],[-70.59498,-33.45369],[-70.59498,-33.45393],[-70.59481,-33.45396],[-70.59494,-33.45515],[-70.59632,-33.45501],[-70.59609,-33.45292],[-70.59413,-33.45295]]]},"properties":{"id":"13120011008002","cut":13120,"comuna":"ÑUÑOA","pob":788,"hom":362,"muj":426,"viv":412,"hog":375}},{"type":"Feature","geometry":{"type":"Polygon","coordinates":[[[-70.58016,-33.45437],[-70.58193,-33.45339],[-70.58194,-33.45331],[-70.58024,-33.45315],[-70.58016,-33.45437]]]},"properties":{"id":"13120031002018","cut":13120,"comuna":"ÑUÑOA","pob":53,"hom":24,"muj":29,"viv":21,"hog":17}},{"type":"Feature","geometry":{"type":"Polygon","coordinates":[[[-70.57592,-33.45405],[-70.57606,-33.45387],[-70.57615,-33.45321],[-70.57511,-33.45327],[-70.57489,-33.45335],[-70.57592,-33.45405]]]},"properties":{"id":"13120031001023","cut":13120,"comuna":"ÑUÑOA","pob":48,"hom":35,"muj":13,"viv":1,"hog":0}},{"type":"Feature","geometry":{"type":"Polygon","coordinates":[[[-70.58248,-33.45316],[-70.58042,-33.4544],[-70.58041,-33.45445],[-70.58175,-33.45462],[-70.58174,-33.45419],[-70.58166,-33.45417],[-70.5819,-33.45416],[-70.58177,-33.45419],[-70.58178,-33.45462],[-70.5827,-33.4547],[-70.58262,-33.45318],[-70.58248,-33.45316]]]},"properties":{"id":"13120031002019","cut":13120,"comuna":"ÑUÑOA","pob":505,"hom":236,"muj":269,"viv":232,"hog":208}},{"type":"Feature","geometry":{"type":"Polygon","coordinates":[[[-70.60721,-33.45291],[-70.60734,-33.45383],[-70.60772,-33.45378],[-70.60766,-33.45329],[-70.60775,-33.45378],[-70.60879,-33.45365],[-70.60905,-33.45299],[-70.60849,-33.45285],[-70.60721,-33.45291]]]},"properties":{"id":"13120111006010","cut":13120,"comuna":"ÑUÑOA","pob":26,"hom":12,"muj":14,"viv":16,"hog":13}},{"type":"Feature","geometry":{"type":"Polygon","coordinates":[[[-70.61121,-33.45336],[-70.6124,-33.45322],[-70.61249,-33.45288],[-70.61116,-33.4529],[-70.61121,-33.45336]]]},"properties":{"id":"13120111005011","cut":13120,"comuna":"ÑUÑOA","pob":32,"hom":13,"muj":19,"viv":11,"hog":11}},{"type":"Feature","geometry":{"type":"Polygon","coordinates":[[[-70.60902,-33.45361],[-70.61105,-33.45338],[-70.61105,-33.45292],[-70.6092,-33.45297],[-70.60902,-33.45361]]]},"properties":{"id":"13120111005010","cut":13120,"comuna":"ÑUÑOA","pob":417,"hom":190,"muj":227,"viv":216,"hog":202}},{"type":"Feature","geometry":{"type":"Polygon","coordinates":[[[-70.62155,-33.45353],[-70.62176,-33.45298],[-70.62088,-33.45281],[-70.62072,-33.45339],[-70.62155,-33.45353]]]},"properties":{"id":"13120111002014","cut":13120,"comuna":"ÑUÑOA","pob":15,"hom":6,"muj":9,"viv":7,"hog":5}},{"type":"Feature","geometry":{"type":"Polygon","coordinates":[[[-70.57248,-33.45369],[-70.57282,-33.45505],[-70.5741,-33.45495],[-70.57402,-33.4545],[-70.57413,-33.45495],[-70.5743,-33.45496],[-70.57422,-33.45424],[-70.57433,-33.45497],[-70.57463,-33.45507],[-70.57492,-33.45467],[-70.57466,-33.45459],[-70.57458,-33.45416],[-70.57469,-33.45458],[-70.57494,-33.45465],[-70.57548,-33.45402],[-70.57496,-33.4536],[-70.57444,-33.45342],[-70.57255,-33.45353],[-70.57248,-33.45369]]]},"properties":{"id":"13120041001004","cut":13120,"comuna":"ÑUÑOA","pob":516,"hom":244,"muj":272,"viv":330,"hog":252}},{"type":"Feature","geometry":{"type":"Polygon","coordinates":[[[-70.57098,-33.45366],[-70.57138,-33.45523],[-70.57223,-33.45514],[-70.57224,-33.45504],[-70.57225,-33.45516],[-70.57138,-33.45526],[-70.57145,-33.45553],[-70.57204,-33.45546],[-70.57146,-33.45555],[-70.5718,-33.45687],[-70.57345,-33.45671],[-70.57394,-33.45605],[-70.57265,-33.45603],[-70.57396,-33.45603],[-70.57424,-33.4556],[-70.57259,-33.45561],[-70.5731,-33.45557],[-70.5731,-33.4555],[-70.57427,-33.45555],[-70.57457,-33.45515],[-70.57434,-33.45503],[-70.57385,-33.45498],[-70.57253,-33.45514],[-70.57271,-33.45502],[-70.57235,-33.45353],[-70.57098,-33.45366]]]},"properties":{"id":"13120041001005","cut":13120,"comuna":"ÑUÑOA","pob":726,"hom":331,"muj":395,"viv":344,"hog":305}},{"type":"Feature","geometry":{"type":"Polygon","coordinates":[[[-70.6217,-33.45353],[-70.62231,-33.45355],[-70.62298,-33.45322],[-70.62186,-33.453],[-70.6217,-33.45353]]]},"properties":{"id":"13120111001013","cut":13120,"comuna":"ÑUÑOA","pob":318,"hom":143,"muj":175,"viv":162,"hog":144}},{"type":"Feature","geometry":{"type":"Polygon","coordinates":[[[-70.61596,-33.45314],[-70.61604,-33.45395],[-70.61734,-33.45389],[-70.61749,-33.45377],[-70.61781,-33.4538],[-70.61771,-33.45313],[-70.61667,-33.45308],[-70.61596,-33.45314]]]},"properties":{"id":"13120101004001","cut":13120,"comuna":"ÑUÑOA","pob":537,"hom":246,"muj":291,"viv":312,"hog":287}},{"type":"Feature","geometry":{"type":"Polygon","coordinates":[[[-70.61388,-33.45467],[-70.61595,-33.4545],[-70.61585,-33.45311],[-70.61369,-33.45326],[-70.61388,-33.45467]]]},"properties":{"id":"13120101004003","cut":13120,"comuna":"ÑUÑOA","pob":837,"hom":366,"muj":471,"viv":382,"hog":349}},{"type":"Feature","geometry":{"type":"Polygon","coordinates":[[[-70.60333,-33.45333],[-70.60232,-33.45351],[-70.60225,-33.45434],[-70.60333,-33.45419],[-70.60333,-33.45333]]]},"properties":{"id":"13120011003010","cut":13120,"comuna":"ÑUÑOA","pob":187,"hom":75,"muj":112,"viv":91,"hog":94}},{"type":"Feature","geometry":{"type":"Polygon","coordinates":[[[-70.61781,-33.4532],[-70.61792,-33.45438],[-70.61895,-33.45437],[-70.61895,-33.45403],[-70.61842,-33.45402],[-70.61895,-33.45401],[-70.61891,-33.45332],[-70.61781,-33.4532]]]},"properties":{"id":"13120101002008","cut":13120,"comuna":"ÑUÑOA","pob":279,"hom":121,"muj":158,"viv":123,"hog":110}},{"type":"Feature","geometry":{"type":"Polygon","coordinates":[[[-70.59803,-33.45378],[-70.59795,-33.45347],[-70.59736,-33.45356],[-70.59753,-33.45486],[-70.59793,-33.45482],[-70.59855,-33.45414],[-70.59842,-33.45343],[-70.59798,-33.45347],[-70.59803,-33.45378]]]},"properties":{"id":"13120011008004","cut":13120,"comuna":"ÑUÑOA","pob":396,"hom":188,"muj":208,"viv":220,"hog":184}},{"type":"Feature","geometry":{"type":"Polygon","coordinates":[[[-70.61246,-33.45425],[-70.61236,-33.45341],[-70.61123,-33.45353],[-70.61142,-33.45494],[-70.61226,-33.45485],[-70.6122,-33.4544],[-70.61229,-33.45484],[-70.61373,-33.45467],[-70.61359,-33.45328],[-70.61239,-33.4534],[-70.61246,-33.45425]]]},"properties":{"id":"13120101004004","cut":13120,"comuna":"ÑUÑOA","pob":1528,"hom":701,"muj":827,"viv":705,"hog":653}},{"type":"Feature","geometry":{"type":"Polygon","coordinates":[[[-70.59627,-33.45364],[-70.59629,-33.454],[-70.59677,-33.45397],[-70.59629,-33.45403],[-70.59644,-33.455],[-70.59742,-33.45487],[-70.59729,-33.45356],[-70.59627,-33.45364]]]},"properties":{"id":"13120011008003","cut":13120,"comuna":"ÑUÑOA","pob":185,"hom":75,"muj":110,"viv":98,"hog":93}},{"type":"Feature","geometry":{"type":"Polygon","coordinates":[[[-70.61905,-33.45438],[-70.62055,-33.45413],[-70.62053,-33.45357],[-70.619,-33.45334],[-70.61905,-33.45438]]]},"properties":{"id":"13120101002007","cut":13120,"comuna":"ÑUÑOA","pob":29,"hom":16,"muj":13,"viv":12,"hog":9}},{"type":"Feature","geometry":{"type":"Polygon","coordinates":[[[-70.60984,-33.45447],[-70.60967,-33.4537],[-70.60909,-33.45382],[-70.60905,-33.45432],[-70.60921,-33.45516],[-70.61127,-33.45496],[-70.61111,-33.45357],[-70.60973,-33.4537],[-70.60988,-33.45425],[-70.60984,-33.45447]]]},"properties":{"id":"13120101006001","cut":13120,"comuna":"ÑUÑOA","pob":1264,"hom":592,"muj":672,"viv":760,"hog":625}},{"type":"Feature","geometry":{"type":"Polygon","coordinates":[[[-70.58852,-33.45545],[-70.58963,-33.45534],[-70.58941,-33.45383],[-70.58827,-33.45391],[-70.58852,-33.45545]]]},"properties":{"id":"13120011002018","cut":13120,"comuna":"ÑUÑOA","pob":458,"hom":200,"muj":258,"viv":245,"hog":206}},{"type":"Feature","geometry":{"type":"Polygon","coordinates":[[[-70.57556,-33.45538],[-70.57492,-33.45536],[-70.57462,-33.45522],[-70.57412,-33.45593],[-70.57572,-33.45608],[-70.57411,-33.45596],[-70.57368,-33.45654],[-70.57574,-33.45615],[-70.57387,-33.45659],[-70.57367,-33.45657],[-70.57292,-33.45765],[-70.57537,-33.45754],[-70.57681,-33.45659],[-70.57648,-33.45589],[-70.57638,-33.45438],[-70.57556,-33.45409],[-70.57464,-33.4552],[-70.57492,-33.45534],[-70.57556,-33.45538]]]},"properties":{"id":"13120041001003","cut":13120,"comuna":"ÑUÑOA","pob":3318,"hom":1572,"muj":1746,"viv":1490,"hog":1399}},{"type":"Feature","geometry":{"type":"Polygon","coordinates":[[[-70.62682,-33.45344],[-70.62649,-33.45461],[-70.62752,-33.45472],[-70.62784,-33.45374],[-70.6275,-33.45377],[-70.6274,-33.45401],[-70.62707,-33.45392],[-70.62738,-33.45398],[-70.62747,-33.45375],[-70.62784,-33.45367],[-70.62682,-33.45344]]]},"properties":{"id":"13120101001013","cut":13120,"comuna":"ÑUÑOA","pob":251,"hom":111,"muj":140,"viv":99,"hog":94}},{"type":"Feature","geometry":{"type":"Polygon","coordinates":[[[-70.58414,-33.45408],[-70.58426,-33.45499],[-70.5858,-33.45531],[-70.58574,-33.45466],[-70.58516,-33.45458],[-70.58511,-33.45467],[-70.58515,-33.45443],[-70.58516,-33.45455],[-70.58574,-33.45464],[-70.58566,-33.45421],[-70.58414,-33.45408]]]},"properties":{"id":"13120031002025","cut":13120,"comuna":"ÑUÑOA","pob":66,"hom":31,"muj":35,"viv":25,"hog":23}},{"type":"Feature","geometry":{"type":"Polygon","coordinates":[[[-70.62067,-33.45409],[-70.62172,-33.45392],[-70.62176,-33.45375],[-70.62066,-33.45357],[-70.62067,-33.45409]]]},"properties":{"id":"13120101002006","cut":13120,"comuna":"ÑUÑOA","pob":0,"hom":0,"muj":0,"viv":1,"hog":0}},{"type":"Feature","geometry":{"type":"Polygon","coordinates":[[[-70.58577,-33.45426],[-70.58595,-33.45536],[-70.58659,-33.4554],[-70.58648,-33.45452],[-70.58669,-33.45542],[-70.58733,-33.45545],[-70.58691,-33.45402],[-70.58577,-33.45426]]]},"properties":{"id":"13120011002014","cut":13120,"comuna":"ÑUÑOA","pob":847,"hom":406,"muj":441,"viv":519,"hog":416}},{"type":"Feature","geometry":{"type":"Polygon","coordinates":[[[-70.60766,-33.45395],[-70.60789,-33.45531],[-70.60906,-33.45519],[-70.60883,-33.45382],[-70.60766,-33.45395]]]},"properties":{"id":"13120101006002","cut":13120,"comuna":"ÑUÑOA","pob":230,"hom":106,"muj":124,"viv":117,"hog":102}},{"type":"Feature","geometry":{"type":"Polygon","coordinates":[[[-70.62612,-33.4537],[-70.62587,-33.45452],[-70.62638,-33.4546],[-70.62657,-33.45398],[-70.62629,-33.45395],[-70.62658,-33.45396],[-70.62664,-33.45371],[-70.62612,-33.4537]]]},"properties":{"id":"13120101001007","cut":13120,"comuna":"ÑUÑOA","pob":85,"hom":44,"muj":41,"viv":53,"hog":48}},{"type":"Feature","geometry":{"type":"Polygon","coordinates":[[[-70.60527,-33.45558],[-70.60785,-33.45532],[-70.60763,-33.45395],[-70.60506,-33.45423],[-70.60527,-33.45558]]]},"properties":{"id":"13120101006003","cut":13120,"comuna":"ÑUÑOA","pob":487,"hom":217,"muj":270,"viv":218,"hog":202}},{"type":"Feature","geometry":{"type":"Polygon","coordinates":[[[-70.61732,-33.45395],[-70.61604,-33.45402],[-70.61607,-33.45447],[-70.61784,-33.45438],[-70.61782,-33.45387],[-70.61752,-33.45383],[-70.61732,-33.45395]]]},"properties":{"id":"13120101004002","cut":13120,"comuna":"ÑUÑOA","pob":487,"hom":229,"muj":258,"viv":196,"hog":192}},{"type":"Feature","geometry":{"type":"Polygon","coordinates":[[[-70.5765,-33.45437],[-70.5765,-33.45545],[-70.57671,-33.45622],[-70.57795,-33.45453],[-70.57787,-33.45445],[-70.5765,-33.45437]]]},"properties":{"id":"13120041001002","cut":13120,"comuna":"ÑUÑOA","pob":732,"hom":347,"muj":385,"viv":416,"hog":364}},{"type":"Feature","geometry":{"type":"Polygon","coordinates":[[[-70.62183,-33.45401],[-70.62193,-33.45536],[-70.62243,-33.45531],[-70.62239,-33.4549],[-70.62246,-33.45531],[-70.62341,-33.4552],[-70.6234,-33.45469],[-70.62255,-33.45471],[-70.62383,-33.45458],[-70.62386,-33.4544],[-70.62249,-33.45403],[-70.62217,-33.45384],[-70.62183,-33.45401]]]},"properties":{"id":"13120101002003","cut":13120,"comuna":"ÑUÑOA","pob":830,"hom":364,"muj":466,"viv":345,"hog":330}},{"type":"Feature","geometry":{"type":"Polygon","coordinates":[[[-70.62852,-33.45508],[-70.62974,-33.45531],[-70.63013,-33.45408],[-70.62879,-33.45381],[-70.62852,-33.45508]]]},"properties":{"id":"13120101001015","cut":13120,"comuna":"ÑUÑOA","pob":1083,"hom":540,"muj":543,"viv":535,"hog":502}},{"type":"Feature","geometry":{"type":"Polygon","coordinates":[[[-70.57692,-33.4565],[-70.57935,-33.45492],[-70.57971,-33.45459],[-70.57813,-33.45448],[-70.57678,-33.45629],[-70.57692,-33.4565]]]},"properties":{"id":"13120041001001","cut":13120,"comuna":"ÑUÑOA","pob":163,"hom":69,"muj":94,"viv":86,"hog":73}},{"type":"Feature","geometry":{"type":"Polygon","coordinates":[[[-70.60414,-33.4549],[-70.60397,-33.45433],[-70.60255,-33.45448],[-70.60274,-33.45585],[-70.60507,-33.4556],[-70.60482,-33.45427],[-70.60408,-33.45432],[-70.60414,-33.4549]]]},"properties":{"id":"13120071001001","cut":13120,"comuna":"ÑUÑOA","pob":661,"hom":296,"muj":365,"viv":296,"hog":283}},{"type":"Feature","geometry":{"type":"Polygon","coordinates":[[[-70.62175,-33.45404],[-70.62068,-33.45456],[-70.62075,-33.45547],[-70.62183,-33.45537],[-70.6218,-33.45467],[-70.62136,-33.45468],[-70.6218,-33.45465],[-70.62175,-33.45404]]]},"properties":{"id":"13120101002004","cut":13120,"comuna":"ÑUÑOA","pob":434,"hom":201,"muj":233,"viv":187,"hog":187}},{"type":"Feature","geometry":{"type":"Polygon","coordinates":[[[-70.57999,-33.45493],[-70.5801,-33.45611],[-70.58058,-33.45606],[-70.58063,-33.4562],[-70.58089,-33.45616],[-70.58095,-33.45643],[-70.58054,-33.45648],[-70.58045,-33.45616],[-70.58012,-33.45621],[-70.58023,-33.45702],[-70.58068,-33.45697],[-70.58072,-33.4571],[-70.581,-33.45707],[-70.58107,-33.45732],[-70.58066,-33.45739],[-70.58056,-33.45705],[-70.58024,-33.4571],[-70.58036,-33.45792],[-70.58078,-33.45789],[-70.58085,-33.45801],[-70.58111,-33.45799],[-70.58117,-33.45823],[-70.58076,-33.45829],[-70.58068,-33.45798],[-70.5804,-33.458],[-70.58051,-33.45886],[-70.58194,-33.45863],[-70.58187,-33.45825],[-70.58175,-33.45816],[-70.58185,-33.45805],[-70.58177,-33.45742],[-70.58166,-33.45733],[-70.58177,-33.45689],[-70.58172,-33.45648],[-70.58158,-33.45637],[-70.58175,-33.45609],[-70.58172,-33.45549],[-70.58178,-33.45506],[-70.58178,-33.45609],[-70.58174,-33.45625],[-70.58186,-33.45636],[-70.58175,-33.45648],[-70.5818,-33.45689],[-70.58177,-33.45723],[-70.58188,-33.45732],[-70.58179,-33.45742],[-70.58187,-33.45805],[-70.58199,-33.45814],[-70.5819,-33.45825],[-70.58197,-33.45863],[-70.58298,-33.45844],[-70.58253,-33.45848],[-70.58249,-33.45832],[-70.58284,-33.45826],[-70.58287,-33.45837],[-70.58305,-33.45835],[-70.5831,-33.45843],[-70.58402,-33.45826],[-70.58384,-33.45754],[-70.58272,-33.45773],[-70.58268,-33.45761],[-70.58246,-33.45763],[-70.58242,-33.45738],[-70.58276,-33.45734],[-70.58286,-33.45765],[-70.5838,-33.45746],[-70.58359,-33.45667],[-70.58263,-33.45682],[-70.58258,-33.45669],[-70.58238,-33.45671],[-70.58233,-33.45648],[-70.58265,-33.45642],[-70.58276,-33.45674],[-70.58359,-33.45659],[-70.58329,-33.45558],[-70.58299,-33.45518],[-70.58265,-33.45525],[-70.58276,-33.45572],[-70.5823,-33.4558],[-70.58223,-33.45554],[-70.58259,-33.45546],[-70.58254,-33.45512],[-70.58289,-33.4551],[-70.58279,-33.45489],[-70.58023,-33.45464],[-70.58006,-33.45473],[-70.57999,-33.45493]]]},"properties":{"id":"13120041004001","cut":13120,"comuna":"ÑUÑOA","pob":2516,"hom":1123,"muj":1393,"viv":1069,"hog":960}},{"type":"Feature","geometry":{"type":"Polygon","coordinates":[[[-70.57886,-33.4569],[-70.58008,-33.45679],[-70.57987,-33.45472],[-70.57882,-33.45538],[-70.57886,-33.4569]]]},"properties":{"id":"13120041004002","cut":13120,"comuna":"ÑUÑOA","pob":192,"hom":76,"muj":116,"viv":72,"hog":71}},{"type":"Feature","geometry":{"type":"Polygon","coordinates":[[[-70.6192,-33.4552],[-70.62058,-33.45451],[-70.62058,-33.45421],[-70.61908,-33.45446],[-70.6192,-33.4552]]]},"properties":{"id":"13120101002010","cut":13120,"comuna":"ÑUÑOA","pob":138,"hom":58,"muj":80,"viv":73,"hog":66}},{"type":"Feature","geometry":{"type":"Polygon","coordinates":[[[-70.59972,-33.45518],[-70.59976,-33.45628],[-70.60266,-33.45584],[-70.60256,-33.45519],[-70.60189,-33.45526],[-70.60255,-33.45517],[-70.60242,-33.45449],[-70.59982,-33.45477],[-70.59972,-33.45518]]]},"properties":{"id":"13120071002001","cut":13120,"comuna":"ÑUÑOA","pob":898,"hom":412,"muj":486,"viv":517,"hog":450}},{"type":"Feature","geometry":{"type":"Polygon","coordinates":[[[-70.62354,-33.45519],[-70.62482,-33.45506],[-70.62495,-33.45454],[-70.62399,-33.45433],[-70.6239,-33.45461],[-70.62348,-33.4547],[-70.62354,-33.45519]]]},"properties":{"id":"13120101002002","cut":13120,"comuna":"ÑUÑOA","pob":36,"hom":16,"muj":20,"viv":9,"hog":9}},{"type":"Feature","geometry":{"type":"Polygon","coordinates":[[[-70.61798,-33.45564],[-70.61806,-33.45559],[-70.61788,-33.45445],[-70.61737,-33.45447],[-70.61748,-33.45537],[-70.61798,-33.45564]]]},"properties":{"id":"13120101003001","cut":13120,"comuna":"ÑUÑOA","pob":71,"hom":31,"muj":40,"viv":21,"hog":23}},{"type":"Feature","geometry":{"type":"Polygon","coordinates":[[[-70.61796,-33.45446],[-70.61819,-33.45575],[-70.61915,-33.45565],[-70.61909,-33.45536],[-70.61842,-33.45568],[-70.61838,-33.45563],[-70.61911,-33.45525],[-70.61897,-33.45445],[-70.61796,-33.45446]]]},"properties":{"id":"13120101002009","cut":13120,"comuna":"ÑUÑOA","pob":79,"hom":39,"muj":40,"viv":36,"hog":32}},{"type":"Feature","geometry":{"type":"Polygon","coordinates":[[[-70.583,-33.45504],[-70.58331,-33.45537],[-70.58334,-33.45506],[-70.58373,-33.45677],[-70.58484,-33.45661],[-70.58471,-33.45606],[-70.58434,-33.4561],[-70.58471,-33.45604],[-70.58451,-33.45523],[-70.58327,-33.45494],[-70.58307,-33.45493],[-70.583,-33.45504]]]},"properties":{"id":"13120051002004","cut":13120,"comuna":"ÑUÑOA","pob":547,"hom":271,"muj":276,"viv":608,"hog":287}},{"type":"Feature","geometry":{"type":"Polygon","coordinates":[[[-70.61672,-33.45499],[-70.61669,-33.45452],[-70.61605,-33.45457],[-70.61605,-33.45465],[-70.61672,-33.45499]]]},"properties":{"id":"13120101003003","cut":13120,"comuna":"ÑUÑOA","pob":16,"hom":11,"muj":5,"viv":7,"hog":6}},{"type":"Feature","geometry":{"type":"Polygon","coordinates":[[[-70.61408,-33.45618],[-70.616,-33.45598],[-70.61581,-33.45459],[-70.61384,-33.45475],[-70.61408,-33.45618]]]},"properties":{"id":"13120101003007","cut":13120,"comuna":"ÑUÑOA","pob":1442,"hom":657,"muj":785,"viv":626,"hog":585}},{"type":"Feature","geometry":{"type":"Polygon","coordinates":[[[-70.59799,-33.45658],[-70.59965,-33.45629],[-70.59969,-33.45479],[-70.5983,-33.455],[-70.59795,-33.45559],[-70.59799,-33.45658]]]},"properties":{"id":"13120071002002","cut":13120,"comuna":"ÑUÑOA","pob":869,"hom":427,"muj":442,"viv":516,"hog":469}},{"type":"Feature","geometry":{"type":"Polygon","coordinates":[[[-70.62508,-33.45453],[-70.62496,-33.45504],[-70.62558,-33.45499],[-70.62625,-33.45507],[-70.62637,-33.45469],[-70.62508,-33.45453]]]},"properties":{"id":"13120101001008","cut":13120,"comuna":"ÑUÑOA","pob":295,"hom":140,"muj":155,"viv":128,"hog":128}},{"type":"Feature","geometry":{"type":"Polygon","coordinates":[[[-70.61928,-33.45564],[-70.62065,-33.45549],[-70.6206,-33.45461],[-70.61921,-33.45528],[-70.61928,-33.45564]]]},"properties":{"id":"13120101002011","cut":13120,"comuna":"ÑUÑOA","pob":33,"hom":14,"muj":19,"viv":17,"hog":16}},{"type":"Feature","geometry":{"type":"Polygon","coordinates":[[[-70.61601,-33.45513],[-70.61661,-33.45508],[-70.61665,-33.45504],[-70.61597,-33.45471],[-70.61601,-33.45513]]]},"properties":{"id":"13120101003004","cut":13120,"comuna":"ÑUÑOA","pob":20,"hom":9,"muj":11,"viv":7,"hog":7}},{"type":"Feature","geometry":{"type":"Polygon","coordinates":[[[-70.61376,-33.45479],[-70.61346,-33.45478],[-70.61352,-33.45534],[-70.61343,-33.45478],[-70.61261,-33.45488],[-70.61286,-33.45632],[-70.61397,-33.45618],[-70.61376,-33.45479]]]},"properties":{"id":"13120101005001","cut":13120,"comuna":"ÑUÑOA","pob":736,"hom":336,"muj":400,"viv":347,"hog":302}},{"type":"Feature","geometry":{"type":"Polygon","coordinates":[[[-70.5958,-33.45527],[-70.59592,-33.45671],[-70.59633,-33.4567],[-70.59627,-33.45581],[-70.59633,-33.45617],[-70.59682,-33.45616],[-70.59678,-33.45576],[-70.59711,-33.45571],[-70.59715,-33.4558],[-70.59682,-33.45577],[-70.59685,-33.45629],[-70.59682,-33.45618],[-70.59633,-33.4562],[-70.59636,-33.4567],[-70.59656,-33.45669],[-70.59655,-33.45635],[-70.59659,-33.45669],[-70.59774,-33.45662],[-70.59774,-33.45632],[-70.59736,-33.4563],[-70.59774,-33.45629],[-70.59773,-33.45605],[-70.59731,-33.45606],[-70.5973,-33.45586],[-70.59718,-33.45586],[-70.59733,-33.45584],[-70.59733,-33.45603],[-70.59773,-33.45603],[-70.59766,-33.45507],[-70.5958,-33.45527]]]},"properties":{"id":"13120051004001","cut":13120,"comuna":"ÑUÑOA","pob":567,"hom":251,"muj":316,"viv":269,"hog":256}},{"type":"Feature","geometry":{"type":"Polygon","coordinates":[[[-70.62649,-33.4551],[-70.62741,-33.45505],[-70.6275,-33.45481],[-70.62649,-33.45468],[-70.62639,-33.45503],[-70.62649,-33.4551]]]},"properties":{"id":"13120101001012","cut":13120,"comuna":"ÑUÑOA","pob":77,"hom":37,"muj":40,"viv":33,"hog":29}},{"type":"Feature","geometry":{"type":"Polygon","coordinates":[[[-70.61143,-33.45501],[-70.61159,-33.45643],[-70.61196,-33.45641],[-70.61188,-33.45597],[-70.6123,-33.45592],[-70.61236,-33.45627],[-70.61227,-33.45595],[-70.61192,-33.45599],[-70.61199,-33.45641],[-70.61273,-33.45632],[-70.61267,-33.45575],[-70.61237,-33.45575],[-70.61266,-33.45572],[-70.61263,-33.45546],[-70.61202,-33.45546],[-70.61262,-33.45539],[-70.61253,-33.4549],[-70.61143,-33.45501]]]},"properties":{"id":"13120101005002","cut":13120,"comuna":"ÑUÑOA","pob":599,"hom":284,"muj":315,"viv":288,"hog":235}},{"type":"Feature","geometry":{"type":"Polygon","coordinates":[[[-70.58494,-33.4566],[-70.58603,-33.45637],[-70.58583,-33.45552],[-70.58465,-33.45526],[-70.58494,-33.4566]]]},"properties":{"id":"13120051002003","cut":13120,"comuna":"ÑUÑOA","pob":648,"hom":288,"muj":360,"viv":295,"hog":267}},{"type":"Feature","geometry":{"type":"Polygon","coordinates":[[[-70.60921,-33.45528],[-70.60929,-33.45579],[-70.60986,-33.45573],[-70.60929,-33.45582],[-70.60946,-33.45667],[-70.61149,-33.45644],[-70.61139,-33.45552],[-70.61074,-33.45558],[-70.61138,-33.4555],[-70.61135,-33.45525],[-70.61093,-33.45528],[-70.61135,-33.45523],[-70.61131,-33.45503],[-70.60921,-33.45528]]]},"properties":{"id":"13120101005003","cut":13120,"comuna":"ÑUÑOA","pob":1047,"hom":459,"muj":588,"viv":527,"hog":456}},{"type":"Feature","geometry":{"type":"Polygon","coordinates":[[[-70.57787,-33.4569],[-70.57875,-33.45688],[-70.57871,-33.45545],[-70.577,-33.45657],[-70.57722,-33.45676],[-70.57787,-33.4569]]]},"properties":{"id":"13120041002001","cut":13120,"comuna":"ÑUÑOA","pob":359,"hom":161,"muj":198,"viv":189,"hog":137}},{"type":"Feature","geometry":{"type":"Polygon","coordinates":[[[-70.59429,-33.45678],[-70.59585,-33.4567],[-70.59573,-33.45525],[-70.59417,-33.45537],[-70.59429,-33.45678]]]},"properties":{"id":"13120051004002","cut":13120,"comuna":"ÑUÑOA","pob":629,"hom":288,"muj":341,"viv":398,"hog":292}},{"type":"Feature","geometry":{"type":"Polygon","coordinates":[[[-70.59217,-33.45687],[-70.59328,-33.4568],[-70.59316,-33.45538],[-70.59198,-33.45545],[-70.59217,-33.45687]]]},"properties":{"id":"13120051001001","cut":13120,"comuna":"ÑUÑOA","pob":332,"hom":142,"muj":190,"viv":163,"hog":147}},{"type":"Feature","geometry":{"type":"Polygon","coordinates":[[[-70.59107,-33.45695],[-70.59205,-33.45686],[-70.59187,-33.45543],[-70.59088,-33.4555],[-70.59107,-33.45695]]]},"properties":{"id":"13120051001002","cut":13120,"comuna":"ÑUÑOA","pob":183,"hom":94,"muj":89,"viv":265,"hog":67}},{"type":"Feature","geometry":{"type":"Polygon","coordinates":[[[-70.61608,-33.45553],[-70.61702,-33.45544],[-70.61705,-33.4554],[-70.61678,-33.45512],[-70.61604,-33.45519],[-70.61608,-33.45553]]]},"properties":{"id":"13120101003005","cut":13120,"comuna":"ÑUÑOA","pob":43,"hom":18,"muj":25,"viv":14,"hog":16}},{"type":"Feature","geometry":{"type":"Polygon","coordinates":[[[-70.586,-33.45554],[-70.58609,-33.45622],[-70.58661,-33.45614],[-70.58662,-33.45597],[-70.5867,-33.45634],[-70.58661,-33.45616],[-70.58609,-33.45625],[-70.58619,-33.45665],[-70.5869,-33.45653],[-70.58619,-33.45667],[-70.58627,-33.457],[-70.58696,-33.45689],[-70.58628,-33.45703],[-70.58637,-33.45742],[-70.5869,-33.45734],[-70.58638,-33.45745],[-70.5865,-33.45788],[-70.58693,-33.45778],[-70.58788,-33.45719],[-70.58859,-33.45708],[-70.58854,-33.45672],[-70.58826,-33.45675],[-70.58854,-33.45669],[-70.5885,-33.45637],[-70.58805,-33.45638],[-70.58849,-33.45634],[-70.58845,-33.45602],[-70.58806,-33.45603],[-70.58844,-33.456],[-70.58837,-33.45563],[-70.586,-33.45554]]]},"properties":{"id":"13120051002002","cut":13120,"comuna":"ÑUÑOA","pob":244,"hom":119,"muj":125,"viv":86,"hog":80}},{"type":"Feature","geometry":{"type":"Polygon","coordinates":[[[-70.59003,-33.45701],[-70.59095,-33.45694],[-70.59077,-33.45549],[-70.58977,-33.45556],[-70.59003,-33.45701]]]},"properties":{"id":"13120051001003","cut":13120,"comuna":"ÑUÑOA","pob":273,"hom":120,"muj":153,"viv":242,"hog":111}},{"type":"Feature","geometry":{"type":"Polygon","coordinates":[[[-70.60746,-33.4569],[-70.60927,-33.45668],[-70.60907,-33.45526],[-70.60723,-33.45546],[-70.60746,-33.4569]]]},"properties":{"id":"13120101006005","cut":13120,"comuna":"ÑUÑOA","pob":21,"hom":9,"muj":12,"viv":12,"hog":10}},{"type":"Feature","geometry":{"type":"Polygon","coordinates":[[[-70.5887,-33.45708],[-70.58987,-33.45701],[-70.58964,-33.45556],[-70.58849,-33.45563],[-70.5887,-33.45708]]]},"properties":{"id":"13120051002001","cut":13120,"comuna":"ÑUÑOA","pob":403,"hom":170,"muj":233,"viv":231,"hog":185}},{"type":"Feature","geometry":{"type":"Polygon","coordinates":[[[-70.62554,-33.456],[-70.62471,-33.45594],[-70.62468,-33.45606],[-70.62559,-33.4562],[-70.62468,-33.45609],[-70.6245,-33.45701],[-70.62486,-33.45704],[-70.62634,-33.45549],[-70.62641,-33.45528],[-70.6257,-33.45511],[-70.6249,-33.45517],[-70.62471,-33.45591],[-70.62554,-33.456]]]},"properties":{"id":"13120101001009","cut":13120,"comuna":"ÑUÑOA","pob":135,"hom":49,"muj":86,"viv":68,"hog":65}},{"type":"Feature","geometry":{"type":"Polygon","coordinates":[[[-70.62374,-33.4559],[-70.62463,-33.45581],[-70.62477,-33.45519],[-70.6237,-33.45529],[-70.62374,-33.4559]]]},"properties":{"id":"13120101002015","cut":13120,"comuna":"ÑUÑOA","pob":48,"hom":26,"muj":22,"viv":17,"hog":17}},{"type":"Feature","geometry":{"type":"Polygon","coordinates":[[[-70.60528,-33.45566],[-70.60554,-33.4571],[-70.60587,-33.45707],[-70.60587,-33.45682],[-70.60591,-33.45707],[-70.60731,-33.4569],[-70.60712,-33.45549],[-70.60528,-33.45566]]]},"properties":{"id":"13120101006004","cut":13120,"comuna":"ÑUÑOA","pob":870,"hom":385,"muj":485,"viv":362,"hog":347}},{"type":"Feature","geometry":{"type":"Polygon","coordinates":[[[-70.62202,-33.45665],[-70.62247,-33.4566],[-70.62246,-33.45603],[-70.62364,-33.45591],[-70.62361,-33.45531],[-70.62193,-33.45548],[-70.62202,-33.45665]]]},"properties":{"id":"13120101002014","cut":13120,"comuna":"ÑUÑOA","pob":404,"hom":204,"muj":200,"viv":185,"hog":167}},{"type":"Feature","geometry":{"type":"Polygon","coordinates":[[[-70.61615,-33.45597],[-70.61789,-33.45578],[-70.61792,-33.45571],[-70.61741,-33.45545],[-70.61608,-33.45559],[-70.61615,-33.45597]]]},"properties":{"id":"13120101003006","cut":13120,"comuna":"ÑUÑOA","pob":56,"hom":25,"muj":31,"viv":20,"hog":21}},{"type":"Feature","geometry":{"type":"Polygon","coordinates":[[[-70.62753,-33.45551],[-70.62588,-33.4611],[-70.62571,-33.46135],[-70.62513,-33.46178],[-70.62467,-33.46331],[-70.62526,-33.46343],[-70.6252,-33.46366],[-70.62531,-33.46368],[-70.62542,-33.46403],[-70.62538,-33.46418],[-70.62526,-33.46372],[-70.62513,-33.46369],[-70.6252,-33.46346],[-70.62465,-33.46336],[-70.62445,-33.46407],[-70.6254,-33.46427],[-70.62538,-33.46434],[-70.62443,-33.46416],[-70.62424,-33.46479],[-70.62521,-33.46499],[-70.62537,-33.46466],[-70.62526,-33.46506],[-70.62423,-33.46484],[-70.62369,-33.46674],[-70.62627,-33.46727],[-70.62637,-33.4672],[-70.62702,-33.46493],[-70.62691,-33.46481],[-70.62707,-33.46476],[-70.62714,-33.46451],[-70.62706,-33.46431],[-70.62722,-33.46422],[-70.62767,-33.46265],[-70.62716,-33.46245],[-70.62771,-33.4625],[-70.62872,-33.45903],[-70.62757,-33.45877],[-70.62872,-33.45901],[-70.62896,-33.4582],[-70.62829,-33.45805],[-70.62897,-33.45817],[-70.62911,-33.45768],[-70.62787,-33.45743],[-70.62911,-33.45766],[-70.62931,-33.45689],[-70.62873,-33.45668],[-70.62936,-33.45676],[-70.62966,-33.45568],[-70.62959,-33.45559],[-70.62847,-33.45537],[-70.62829,-33.45571],[-70.62758,-33.45558],[-70.62759,-33.45551],[-70.6282,-33.4556],[-70.62827,-33.45538],[-70.62819,-33.45533],[-70.62769,-33.45539],[-70.62753,-33.45551]]]},"properties":{"id":"13120091001001","cut":13120,"comuna":"ÑUÑOA","pob":3301,"hom":1618,"muj":1683,"viv":1697,"hog":1521}},{"type":"Feature","geometry":{"type":"Polygon","coordinates":[[[-70.60279,-33.45593],[-70.60299,-33.45737],[-70.60532,-33.4571],[-70.60524,-33.45654],[-70.60487,-33.45658],[-70.60524,-33.45651],[-70.60504,-33.45568],[-70.60279,-33.45593]]]},"properties":{"id":"13120071001002","cut":13120,"comuna":"ÑUÑOA","pob":713,"hom":308,"muj":405,"viv":378,"hog":336}},{"type":"Feature","geometry":{"type":"Polygon","coordinates":[[[-70.62075,-33.45562],[-70.62078,-33.4561],[-70.62116,-33.45609],[-70.62078,-33.45613],[-70.62083,-33.45676],[-70.6219,-33.45666],[-70.62189,-33.45616],[-70.62136,-33.45619],[-70.62189,-33.45613],[-70.62184,-33.45551],[-70.62075,-33.45562]]]},"properties":{"id":"13120101002012","cut":13120,"comuna":"ÑUÑOA","pob":227,"hom":103,"muj":124,"viv":90,"hog":80}},{"type":"Feature","geometry":{"type":"Polygon","coordinates":[[[-70.6193,-33.45575],[-70.61946,-33.45689],[-70.62013,-33.45683],[-70.62009,-33.45637],[-70.62015,-33.45683],[-70.62074,-33.45675],[-70.62065,-33.45561],[-70.6193,-33.45575]]]},"properties":{"id":"13120101003012","cut":13120,"comuna":"ÑUÑOA","pob":470,"hom":222,"muj":248,"viv":188,"hog":180}},{"type":"Feature","geometry":{"type":"Polygon","coordinates":[[[-70.60141,-33.45611],[-70.60114,-33.45692],[-70.60137,-33.45612],[-70.59977,-33.45634],[-70.5999,-33.45768],[-70.60067,-33.45762],[-70.60063,-33.45724],[-70.60071,-33.45762],[-70.60288,-33.45736],[-70.60274,-33.45642],[-70.60204,-33.45649],[-70.60202,-33.45661],[-70.60173,-33.45663],[-70.60172,-33.45687],[-70.6017,-33.45662],[-70.60176,-33.45649],[-70.60274,-33.45639],[-70.60264,-33.45594],[-70.60141,-33.45611]]]},"properties":{"id":"13120071002004","cut":13120,"comuna":"ÑUÑOA","pob":949,"hom":414,"muj":535,"viv":388,"hog":362}},{"type":"Feature","geometry":{"type":"Polygon","coordinates":[[[-70.61882,-33.4569],[-70.61863,-33.45582],[-70.61818,-33.45588],[-70.61836,-33.45699],[-70.61935,-33.45691],[-70.61918,-33.45576],[-70.61867,-33.45581],[-70.61882,-33.4569]]]},"properties":{"id":"13120101003011","cut":13120,"comuna":"ÑUÑOA","pob":407,"hom":188,"muj":219,"viv":182,"hog":171}},{"type":"Feature","geometry":{"type":"Polygon","coordinates":[[[-70.61805,-33.45588],[-70.61772,-33.45608],[-70.61769,-33.45637],[-70.61735,-33.45709],[-70.61826,-33.45699],[-70.61805,-33.45588]]]},"properties":{"id":"13120101003010","cut":13120,"comuna":"ÑUÑOA","pob":95,"hom":43,"muj":52,"viv":44,"hog":39}},{"type":"Feature","geometry":{"type":"Polygon","coordinates":[[[-70.61665,-33.4566],[-70.61653,-33.45604],[-70.61617,-33.45609],[-70.61631,-33.45719],[-70.61718,-33.4571],[-70.61735,-33.45682],[-70.61699,-33.45669],[-70.61736,-33.45679],[-70.61776,-33.45591],[-70.61656,-33.45603],[-70.61665,-33.4566]]]},"properties":{"id":"13120101003009","cut":13120,"comuna":"ÑUÑOA","pob":96,"hom":47,"muj":49,"viv":38,"hog":33}},{"type":"Feature","geometry":{"type":"Polygon","coordinates":[[[-70.62377,-33.45649],[-70.6245,-33.45642],[-70.62463,-33.45589],[-70.62373,-33.45596],[-70.62377,-33.45649]]]},"properties":{"id":"13120101002016","cut":13120,"comuna":"ÑUÑOA","pob":18,"hom":10,"muj":8,"viv":9,"hog":6}},{"type":"Feature","geometry":{"type":"Polygon","coordinates":[[[-70.62257,-33.4566],[-70.62366,-33.4565],[-70.62365,-33.45598],[-70.62266,-33.45606],[-70.62251,-33.45623],[-70.62257,-33.4566]]]},"properties":{"id":"13120101002017","cut":13120,"comuna":"ÑUÑOA","pob":29,"hom":18,"muj":11,"viv":12,"hog":11}},{"type":"Feature","geometry":{"type":"Polygon","coordinates":[[[-70.58529,-33.45807],[-70.58638,-33.45789],[-70.58604,-33.45649],[-70.58494,-33.45668],[-70.58529,-33.45807]]]},"properties":{"id":"13120051002006","cut":13120,"comuna":"ÑUÑOA","pob":94,"hom":38,"muj":56,"viv":35,"hog":33}},{"type":"Feature","geometry":{"type":"Polygon","coordinates":[[[-70.61526,-33.45658],[-70.61518,-33.45619],[-70.6141,-33.4563],[-70.61423,-33.45737],[-70.6162,-33.45719],[-70.61603,-33.45612],[-70.61522,-33.45618],[-70.61526,-33.45658]]]},"properties":{"id":"13120101003008","cut":13120,"comuna":"ÑUÑOA","pob":476,"hom":215,"muj":261,"viv":180,"hog":168}},{"type":"Feature","geometry":{"type":"Polygon","coordinates":[[[-70.62669,-33.45729],[-70.62685,-33.45725],[-70.62712,-33.45625],[-70.62626,-33.456],[-70.62523,-33.4571],[-70.62669,-33.45729]]]},"properties":{"id":"13120101001010","cut":13120,"comuna":"ÑUÑOA","pob":26,"hom":18,"muj":8,"viv":12,"hog":12}},{"type":"Feature","geometry":{"type":"Polygon","coordinates":[[[-70.57635,-33.4575],[-70.57613,-33.45714],[-70.57555,-33.45756],[-70.57561,-33.45772],[-70.57652,-33.4577],[-70.57562,-33.45774],[-70.57575,-33.45808],[-70.57652,-33.45804],[-70.57576,-33.45811],[-70.57617,-33.45911],[-70.57697,-33.45906],[-70.57618,-33.45913],[-70.57628,-33.45933],[-70.57704,-33.45933],[-70.57629,-33.45935],[-70.57654,-33.45975],[-70.57741,-33.45968],[-70.57917,-33.4591],[-70.57873,-33.45698],[-70.57786,-33.45696],[-70.57685,-33.45666],[-70.57615,-33.45713],[-70.57635,-33.4575]]]},"properties":{"id":"13120041002002","cut":13120,"comuna":"ÑUÑOA","pob":1174,"hom":530,"muj":644,"viv":497,"hog":458}},{"type":"Feature","geometry":{"type":"Polygon","coordinates":[[[-70.59803,-33.45664],[-70.59807,-33.45789],[-70.59888,-33.45781],[-70.59886,-33.45736],[-70.59891,-33.45781],[-70.59979,-33.4577],[-70.59966,-33.4564],[-70.59803,-33.45664]]]},"properties":{"id":"13120071002003","cut":13120,"comuna":"ÑUÑOA","pob":374,"hom":171,"muj":203,"viv":147,"hog":140}},{"type":"Feature","geometry":{"type":"Polygon","coordinates":[[[-70.572,-33.45769],[-70.57281,-33.45764],[-70.57337,-33.45679],[-70.57178,-33.45696],[-70.572,-33.45769]]]},"properties":{"id":"13120041001006","cut":13120,"comuna":"ÑUÑOA","pob":250,"hom":131,"muj":119,"viv":116,"hog":114}},{"type":"Feature","geometry":{"type":"Polygon","coordinates":[[[-70.58376,-33.45685],[-70.58391,-33.45738],[-70.58445,-33.4573],[-70.58392,-33.45741],[-70.58412,-33.45826],[-70.58519,-33.45809],[-70.58487,-33.45669],[-70.58376,-33.45685]]]},"properties":{"id":"13120051002005","cut":13120,"comuna":"ÑUÑOA","pob":97,"hom":43,"muj":54,"viv":28,"hog":30}},{"type":"Feature","geometry":{"type":"Polygon","coordinates":[[[-70.61253,-33.45703],[-70.61242,-33.45649],[-70.61162,-33.45659],[-70.61176,-33.45761],[-70.61413,-33.45739],[-70.61399,-33.45635],[-70.61246,-33.45649],[-70.61253,-33.45703]]]},"properties":{"id":"13120101005005","cut":13120,"comuna":"ÑUÑOA","pob":429,"hom":188,"muj":241,"viv":182,"hog":170}},{"type":"Feature","geometry":{"type":"Polygon","coordinates":[[[-70.57885,-33.45702],[-70.57892,-33.45738],[-70.58015,-33.45726],[-70.58006,-33.45688],[-70.57885,-33.45702]]]},"properties":{"id":"13120041004003","cut":13120,"comuna":"ÑUÑOA","pob":48,"hom":21,"muj":27,"viv":18,"hog":19}},{"type":"Feature","geometry":{"type":"Polygon","coordinates":[[[-70.59594,-33.45677],[-70.59605,-33.45912],[-70.59671,-33.45912],[-70.5967,-33.45857],[-70.59674,-33.45912],[-70.59695,-33.45911],[-70.59692,-33.45858],[-70.59698,-33.45911],[-70.59787,-33.45907],[-70.59785,-33.45819],[-70.59708,-33.45822],[-70.59708,-33.45841],[-70.59705,-33.45822],[-70.59672,-33.45822],[-70.59785,-33.45816],[-70.5978,-33.45724],[-70.59714,-33.45727],[-70.5978,-33.45721],[-70.59776,-33.45669],[-70.59594,-33.45677]]]},"properties":{"id":"13120051004005","cut":13120,"comuna":"ÑUÑOA","pob":575,"hom":240,"muj":335,"viv":229,"hog":212}},{"type":"Feature","geometry":{"type":"Polygon","coordinates":[[[-70.59389,-33.45686],[-70.59389,-33.45774],[-70.59515,-33.45771],[-70.59389,-33.45781],[-70.59396,-33.45921],[-70.59596,-33.45914],[-70.59592,-33.45796],[-70.59541,-33.45795],[-70.59592,-33.45793],[-70.59585,-33.45678],[-70.59389,-33.45686]]]},"properties":{"id":"13120051004004","cut":13120,"comuna":"ÑUÑOA","pob":726,"hom":315,"muj":411,"viv":327,"hog":288}},{"type":"Feature","geometry":{"type":"Polygon","coordinates":[[[-70.61153,-33.45661],[-70.60959,-33.45679],[-70.60973,-33.4578],[-70.61029,-33.45776],[-70.61026,-33.45725],[-70.61032,-33.45776],[-70.61098,-33.4577],[-70.61093,-33.45727],[-70.61101,-33.45769],[-70.61164,-33.45763],[-70.61153,-33.45661]]]},"properties":{"id":"13120101005004","cut":13120,"comuna":"ÑUÑOA","pob":436,"hom":207,"muj":229,"viv":160,"hog":146}},{"type":"Feature","geometry":{"type":"Polygon","coordinates":[[[-70.59214,-33.45698],[-70.59241,-33.45928],[-70.59385,-33.45924],[-70.59384,-33.45854],[-70.59313,-33.45855],[-70.59383,-33.45852],[-70.5938,-33.45783],[-70.59282,-33.45772],[-70.59377,-33.45774],[-70.59373,-33.45691],[-70.59214,-33.45698]]]},"properties":{"id":"13120051001006","cut":13120,"comuna":"ÑUÑOA","pob":572,"hom":266,"muj":306,"viv":264,"hog":247}},{"type":"Feature","geometry":{"type":"Polygon","coordinates":[[[-70.62207,-33.45724],[-70.62435,-33.45702],[-70.62449,-33.45653],[-70.62203,-33.45672],[-70.62207,-33.45724]]]},"properties":{"id":"13120101002018","cut":13120,"comuna":"ÑUÑOA","pob":116,"hom":54,"muj":62,"viv":46,"hog":40}},{"type":"Feature","geometry":{"type":"Polygon","coordinates":[[[-70.59133,-33.45933],[-70.59233,-33.45927],[-70.59204,-33.45695],[-70.59105,-33.45704],[-70.59133,-33.45933]]]},"properties":{"id":"13120051001005","cut":13120,"comuna":"ÑUÑOA","pob":501,"hom":220,"muj":281,"viv":215,"hog":202}},{"type":"Feature","geometry":{"type":"Polygon","coordinates":[[[-70.5903,-33.45938],[-70.59123,-33.45932],[-70.59093,-33.45702],[-70.58998,-33.45712],[-70.5903,-33.45938]]]},"properties":{"id":"13120051001004","cut":13120,"comuna":"ÑUÑOA","pob":98,"hom":40,"muj":58,"viv":35,"hog":30}},{"type":"Feature","geometry":{"type":"Polygon","coordinates":[[[-70.6087,-33.45791],[-70.60936,-33.45783],[-70.60916,-33.45684],[-70.60852,-33.4569],[-70.6087,-33.45791]]]},"properties":{"id":"13120101006006","cut":13120,"comuna":"ÑUÑOA","pob":39,"hom":20,"muj":19,"viv":16,"hog":14}},{"type":"Feature","geometry":{"type":"Polygon","coordinates":[[[-70.58869,-33.4572],[-70.58877,-33.45776],[-70.58936,-33.45771],[-70.58877,-33.45779],[-70.58885,-33.4584],[-70.5889,-33.45832],[-70.58903,-33.45837],[-70.58886,-33.45845],[-70.58892,-33.45895],[-70.5894,-33.45886],[-70.58939,-33.45894],[-70.58892,-33.45898],[-70.58898,-33.45942],[-70.59016,-33.45938],[-70.5901,-33.45866],[-70.58967,-33.45868],[-70.5901,-33.45863],[-70.58989,-33.45712],[-70.58869,-33.4572]]]},"properties":{"id":"13120051002012","cut":13120,"comuna":"ÑUÑOA","pob":445,"hom":206,"muj":239,"viv":191,"hog":174}},{"type":"Feature","geometry":{"type":"Polygon","coordinates":[[[-70.62088,-33.45737],[-70.62194,-33.45726],[-70.62193,-33.45675],[-70.62084,-33.45683],[-70.62088,-33.45737]]]},"properties":{"id":"13120101002013","cut":13120,"comuna":"ÑUÑOA","pob":31,"hom":13,"muj":18,"viv":14,"hog":13}},{"type":"Feature","geometry":{"type":"Polygon","coordinates":[[[-70.60761,-33.45801],[-70.6086,-33.45792],[-70.60844,-33.45692],[-70.60746,-33.45702],[-70.60761,-33.45801]]]},"properties":{"id":"13120101006007","cut":13120,"comuna":"ÑUÑOA","pob":245,"hom":102,"muj":143,"viv":104,"hog":97}},{"type":"Feature","geometry":{"type":"Polygon","coordinates":[[[-70.58718,-33.45772],[-70.58726,-33.45807],[-70.58751,-33.45803],[-70.58727,-33.4581],[-70.58737,-33.4585],[-70.58761,-33.45846],[-70.58738,-33.45852],[-70.58762,-33.45948],[-70.58889,-33.45944],[-70.58886,-33.45907],[-70.58825,-33.4591],[-70.58886,-33.45905],[-70.58881,-33.45871],[-70.58812,-33.45875],[-70.58881,-33.45868],[-70.58876,-33.45832],[-70.58803,-33.45839],[-70.58876,-33.4583],[-70.5887,-33.4579],[-70.58794,-33.45795],[-70.5887,-33.45787],[-70.5886,-33.45718],[-70.58793,-33.45724],[-70.58718,-33.45772]]]},"properties":{"id":"13120051002011","cut":13120,"comuna":"ÑUÑOA","pob":137,"hom":60,"muj":77,"viv":48,"hog":47}},{"type":"Feature","geometry":{"type":"Polygon","coordinates":[[[-70.57892,-33.45741],[-70.57898,-33.45776],[-70.5802,-33.45762],[-70.58015,-33.45728],[-70.57892,-33.45741]]]},"properties":{"id":"13120041004004","cut":13120,"comuna":"ÑUÑOA","pob":39,"hom":17,"muj":22,"viv":16,"hog":15}},{"type":"Feature","geometry":{"type":"Polygon","coordinates":[[[-70.61956,-33.4575],[-70.62076,-33.45738],[-70.62074,-33.45686],[-70.61949,-33.45696],[-70.61956,-33.4575]]]},"properties":{"id":"13120101003013","cut":13120,"comuna":"ÑUÑOA","pob":69,"hom":37,"muj":32,"viv":23,"hog":28}},{"type":"Feature","geometry":{"type":"Polygon","coordinates":[[[-70.6057,-33.45821],[-70.6069,-33.45808],[-70.60673,-33.45708],[-70.60552,-33.45723],[-70.6057,-33.45821]]]},"properties":{"id":"13120101006009","cut":13120,"comuna":"ÑUÑOA","pob":307,"hom":134,"muj":173,"viv":190,"hog":151}},{"type":"Feature","geometry":{"type":"Polygon","coordinates":[[[-70.61905,-33.45699],[-70.61913,-33.4575],[-70.61904,-33.457],[-70.61891,-33.45701],[-70.61898,-33.4575],[-70.61889,-33.45701],[-70.61837,-33.45707],[-70.61845,-33.4576],[-70.61945,-33.45749],[-70.61938,-33.45699],[-70.61905,-33.45699]]]},"properties":{"id":"13120101003014","cut":13120,"comuna":"ÑUÑOA","pob":58,"hom":22,"muj":36,"viv":29,"hog":26}},{"type":"Feature","geometry":{"type":"Polygon","coordinates":[[[-70.574,-33.45818],[-70.5738,-33.45768],[-70.57204,-33.45779],[-70.57229,-33.45851],[-70.57256,-33.45884],[-70.57401,-33.45833],[-70.57522,-33.45761],[-70.57383,-33.45768],[-70.574,-33.45818]]]},"properties":{"id":"13120041002003","cut":13120,"comuna":"ÑUÑOA","pob":226,"hom":107,"muj":119,"viv":177,"hog":87}},{"type":"Feature","geometry":{"type":"Polygon","coordinates":[[[-70.57474,-33.45807],[-70.57495,-33.4587],[-70.57472,-33.45809],[-70.57434,-33.45831],[-70.57449,-33.45865],[-70.57432,-33.45832],[-70.57408,-33.45846],[-70.57418,-33.45875],[-70.57405,-33.45847],[-70.5733,-33.45875],[-70.5736,-33.45999],[-70.57414,-33.45995],[-70.5739,-33.45903],[-70.57417,-33.45995],[-70.57434,-33.45991],[-70.57424,-33.45945],[-70.57444,-33.4594],[-70.57431,-33.45902],[-70.57414,-33.45899],[-70.57443,-33.45899],[-70.57435,-33.45902],[-70.57447,-33.45942],[-70.57431,-33.45947],[-70.57444,-33.45992],[-70.57539,-33.45986],[-70.57506,-33.45892],[-70.57497,-33.45892],[-70.57514,-33.45887],[-70.57542,-33.45986],[-70.57565,-33.45985],[-70.57554,-33.45945],[-70.57568,-33.45984],[-70.57595,-33.45982],[-70.57562,-33.45892],[-70.57555,-33.45884],[-70.57538,-33.45889],[-70.57552,-33.45882],[-70.57565,-33.45891],[-70.57598,-33.45982],[-70.57647,-33.45979],[-70.57582,-33.45845],[-70.57532,-33.45849],[-70.57532,-33.4586],[-70.57524,-33.45834],[-70.57531,-33.45847],[-70.57581,-33.45842],[-70.57552,-33.45763],[-70.57542,-33.45761],[-70.57474,-33.45807]]]},"properties":{"id":"13120041002004","cut":13120,"comuna":"ÑUÑOA","pob":393,"hom":176,"muj":217,"viv":153,"hog":145}},{"type":"Feature","geometry":{"type":"Polygon","coordinates":[[[-70.61703,-33.45775],[-70.61834,-33.45761],[-70.61828,-33.45708],[-70.61728,-33.45717],[-70.61698,-33.45768],[-70.61703,-33.45775]]]},"properties":{"id":"13120101003015","cut":13120,"comuna":"ÑUÑOA","pob":43,"hom":18,"muj":25,"viv":14,"hog":12}},{"type":"Feature","geometry":{"type":"Polygon","coordinates":[[[-70.60316,-33.45847],[-70.60547,-33.45822],[-70.60535,-33.45726],[-70.60304,-33.45749],[-70.60316,-33.45847]]]},"properties":{"id":"13120071001003","cut":13120,"comuna":"ÑUÑOA","pob":462,"hom":214,"muj":248,"viv":192,"hog":183}},{"type":"Feature","geometry":{"type":"Polygon","coordinates":[[[-70.57898,-33.45779],[-70.57903,-33.45815],[-70.58026,-33.458],[-70.58021,-33.45765],[-70.57898,-33.45779]]]},"properties":{"id":"13120041004005","cut":13120,"comuna":"ÑUÑOA","pob":44,"hom":24,"muj":20,"viv":18,"hog":18}},{"type":"Feature","geometry":{"type":"Polygon","coordinates":[[[-70.62215,-33.45893],[-70.62265,-33.45893],[-70.62296,-33.45906],[-70.62458,-33.45726],[-70.62427,-33.45711],[-70.62206,-33.45734],[-70.62215,-33.45893]]]},"properties":{"id":"13120101008003","cut":13120,"comuna":"ÑUÑOA","pob":90,"hom":35,"muj":55,"viv":25,"hog":21}},{"type":"Feature","geometry":{"type":"Polygon","coordinates":[[[-70.61437,-33.458],[-70.61629,-33.45781],[-70.61624,-33.4573],[-70.61429,-33.45745],[-70.61437,-33.458]]]},"properties":{"id":"13120101003017","cut":13120,"comuna":"ÑUÑOA","pob":77,"hom":38,"muj":39,"viv":28,"hog":26}},{"type":"Feature","geometry":{"type":"Polygon","coordinates":[[[-70.62564,-33.45806],[-70.6259,-33.45727],[-70.62517,-33.45718],[-70.62455,-33.45786],[-70.62564,-33.45806]]]},"properties":{"id":"13120101008002","cut":13120,"comuna":"ÑUÑOA","pob":361,"hom":182,"muj":179,"viv":179,"hog":157}},{"type":"Feature","geometry":{"type":"Polygon","coordinates":[[[-70.60005,-33.45899],[-70.60141,-33.45865],[-70.60301,-33.45849],[-70.60291,-33.45754],[-70.59993,-33.45782],[-70.60005,-33.45899]]]},"properties":{"id":"13120071002005","cut":13120,"comuna":"ÑUÑOA","pob":394,"hom":180,"muj":214,"viv":164,"hog":157}},{"type":"Feature","geometry":{"type":"Polygon","coordinates":[[[-70.58651,-33.45799],[-70.58657,-33.45824],[-70.58686,-33.45819],[-70.58657,-33.45826],[-70.58667,-33.45859],[-70.58734,-33.4585],[-70.58715,-33.45773],[-70.58651,-33.45799]]]},"properties":{"id":"13120051002010","cut":13120,"comuna":"ÑUÑOA","pob":49,"hom":28,"muj":21,"viv":16,"hog":15}},{"type":"Feature","geometry":{"type":"Polygon","coordinates":[[[-70.62643,-33.45818],[-70.6267,-33.45739],[-70.62603,-33.45727],[-70.62578,-33.45807],[-70.62643,-33.45818]]]},"properties":{"id":"13120101008001","cut":13120,"comuna":"ÑUÑOA","pob":20,"hom":11,"muj":9,"viv":5,"hog":5}},{"type":"Feature","geometry":{"type":"Polygon","coordinates":[[[-70.62101,-33.45906],[-70.62207,-33.45894],[-70.62194,-33.45734],[-70.62087,-33.45746],[-70.62101,-33.45906]]]},"properties":{"id":"13120101008004","cut":13120,"comuna":"ÑUÑOA","pob":261,"hom":121,"muj":140,"viv":99,"hog":92}},{"type":"Feature","geometry":{"type":"Polygon","coordinates":[[[-70.61189,-33.45826],[-70.61421,-33.45802],[-70.61418,-33.45751],[-70.61179,-33.45768],[-70.61189,-33.45826]]]},"properties":{"id":"13120101005006","cut":13120,"comuna":"ÑUÑOA","pob":78,"hom":28,"muj":50,"viv":26,"hog":22}},{"type":"Feature","geometry":{"type":"Polygon","coordinates":[[[-70.61954,-33.45763],[-70.61968,-33.45855],[-70.62017,-33.45852],[-70.61968,-33.45858],[-70.61978,-33.45917],[-70.62087,-33.45907],[-70.62081,-33.45782],[-70.62033,-33.45784],[-70.62081,-33.4578],[-70.62078,-33.45747],[-70.61954,-33.45763]]]},"properties":{"id":"13120101008005","cut":13120,"comuna":"ÑUÑOA","pob":250,"hom":111,"muj":139,"viv":85,"hog":84}},{"type":"Feature","geometry":{"type":"Polygon","coordinates":[[[-70.57904,-33.45818],[-70.57912,-33.45853],[-70.58032,-33.45838],[-70.58026,-33.45802],[-70.57904,-33.45818]]]},"properties":{"id":"13120041004006","cut":13120,"comuna":"ÑUÑOA","pob":47,"hom":20,"muj":27,"viv":17,"hog":17}},{"type":"Feature","geometry":{"type":"Polygon","coordinates":[[[-70.58569,-33.45971],[-70.58678,-33.45951],[-70.58638,-33.45797],[-70.58529,-33.45816],[-70.58569,-33.45971]]]},"properties":{"id":"13120051002008","cut":13120,"comuna":"ÑUÑOA","pob":108,"hom":52,"muj":56,"viv":32,"hog":29}},{"type":"Feature","geometry":{"type":"Polygon","coordinates":[[[-70.59813,-33.45907],[-70.59995,-33.45899],[-70.59982,-33.45785],[-70.59806,-33.45802],[-70.59813,-33.45907]]]},"properties":{"id":"13120071002006","cut":13120,"comuna":"ÑUÑOA","pob":471,"hom":206,"muj":265,"viv":216,"hog":199}},{"type":"Feature","geometry":{"type":"Polygon","coordinates":[[[-70.61903,-33.45809],[-70.61895,-33.45764],[-70.61846,-33.4577],[-70.61871,-33.45929],[-70.61969,-33.45916],[-70.61943,-33.4576],[-70.61898,-33.45764],[-70.61903,-33.45809]]]},"properties":{"id":"13120101007001","cut":13120,"comuna":"ÑUÑOA","pob":141,"hom":61,"muj":80,"viv":63,"hog":57}},{"type":"Feature","geometry":{"type":"Polygon","coordinates":[[[-70.60986,-33.45844],[-70.61172,-33.45826],[-70.61167,-33.45772],[-70.60971,-33.45788],[-70.60986,-33.45844]]]},"properties":{"id":"13120101005007","cut":13120,"comuna":"ÑUÑOA","pob":105,"hom":50,"muj":55,"viv":32,"hog":33}},{"type":"Feature","geometry":{"type":"Polygon","coordinates":[[[-70.618,-33.45936],[-70.6186,-33.45927],[-70.61833,-33.4577],[-70.61774,-33.45779],[-70.618,-33.45936]]]},"properties":{"id":"13120101007002","cut":13120,"comuna":"ÑUÑOA","pob":64,"hom":22,"muj":42,"viv":32,"hog":25}},{"type":"Feature","geometry":{"type":"Polygon","coordinates":[[[-70.58416,-33.45833],[-70.58452,-33.45991],[-70.58558,-33.45972],[-70.58537,-33.45876],[-70.585,-33.45882],[-70.58536,-33.45874],[-70.58522,-33.45817],[-70.58416,-33.45833]]]},"properties":{"id":"13120051002007","cut":13120,"comuna":"ÑUÑOA","pob":120,"hom":54,"muj":66,"viv":35,"hog":36}},{"type":"Feature","geometry":{"type":"Polygon","coordinates":[[[-70.61676,-33.45857],[-70.61776,-33.45846],[-70.61766,-33.45777],[-70.61688,-33.45786],[-70.61656,-33.45849],[-70.61676,-33.45857]]]},"properties":{"id":"13120101007003","cut":13120,"comuna":"ÑUÑOA","pob":62,"hom":32,"muj":30,"viv":20,"hog":21}},{"type":"Feature","geometry":{"type":"Polygon","coordinates":[[[-70.6077,-33.45865],[-70.60941,-33.45849],[-70.60938,-33.45794],[-70.60763,-33.45809],[-70.6077,-33.45865]]]},"properties":{"id":"13120101006011","cut":13120,"comuna":"ÑUÑOA","pob":96,"hom":42,"muj":54,"viv":30,"hog":28}},{"type":"Feature","geometry":{"type":"Polygon","coordinates":[[[-70.61564,-33.4596],[-70.6159,-33.45952],[-70.61674,-33.45784],[-70.61537,-33.458],[-70.61564,-33.4596]]]},"properties":{"id":"13120101007005","cut":13120,"comuna":"ÑUÑOA","pob":153,"hom":66,"muj":87,"viv":47,"hog":45}},{"type":"Feature","geometry":{"type":"Polygon","coordinates":[[[-70.57931,-33.45908],[-70.58036,-33.4589],[-70.58032,-33.45841],[-70.57913,-33.45856],[-70.57931,-33.45908]]]},"properties":{"id":"13120041004007","cut":13120,"comuna":"ÑUÑOA","pob":64,"hom":26,"muj":38,"viv":21,"hog":22}},{"type":"Feature","geometry":{"type":"Polygon","coordinates":[[[-70.58287,-33.45931],[-70.58266,-33.45934],[-70.58253,-33.45869],[-70.58297,-33.45855],[-70.58053,-33.45897],[-70.58074,-33.46071],[-70.58275,-33.4603],[-70.58237,-33.45876],[-70.58278,-33.46029],[-70.58393,-33.46002],[-70.58331,-33.46012],[-70.58314,-33.4601],[-70.58312,-33.45999],[-70.58393,-33.45984],[-70.58401,-33.46003],[-70.58442,-33.45991],[-70.58404,-33.45837],[-70.58358,-33.45845],[-70.58361,-33.45865],[-70.58277,-33.45885],[-70.58287,-33.45931]]]},"properties":{"id":"13120041003001","cut":13120,"comuna":"ÑUÑOA","pob":458,"hom":163,"muj":295,"viv":108,"hog":102}},{"type":"Feature","geometry":{"type":"Polygon","coordinates":[[[-70.61462,-33.4597],[-70.61554,-33.45958],[-70.61528,-33.45799],[-70.61436,-33.4581],[-70.61462,-33.4597]]]},"properties":{"id":"13120101007006","cut":13120,"comuna":"ÑUÑOA","pob":113,"hom":51,"muj":62,"viv":49,"hog":40}},{"type":"Feature","geometry":{"type":"Polygon","coordinates":[[[-70.6058,-33.45884],[-70.60759,-33.45866],[-70.60752,-33.45812],[-70.60571,-33.45828],[-70.6058,-33.45884]]]},"properties":{"id":"13120101006010","cut":13120,"comuna":"ÑUÑOA","pob":64,"hom":28,"muj":36,"viv":28,"hog":24}},{"type":"Feature","geometry":{"type":"Polygon","coordinates":[[[-70.62543,-33.45891],[-70.62567,-33.45812],[-70.62445,-33.45792],[-70.62384,-33.4586],[-70.62404,-33.45874],[-70.62543,-33.45891]]]},"properties":{"id":"13120101008014","cut":13120,"comuna":"ÑUÑOA","pob":606,"hom":287,"muj":319,"viv":295,"hog":270}},{"type":"Feature","geometry":{"type":"Polygon","coordinates":[[[-70.61379,-33.45979],[-70.6145,-33.45969],[-70.61424,-33.45809],[-70.6135,-33.4582],[-70.61379,-33.45979]]]},"properties":{"id":"13120101007007","cut":13120,"comuna":"ÑUÑOA","pob":64,"hom":31,"muj":33,"viv":23,"hog":23}},{"type":"Feature","geometry":{"type":"Polygon","coordinates":[[[-70.61294,-33.45986],[-70.61367,-33.45977],[-70.61339,-33.45817],[-70.61269,-33.45827],[-70.61294,-33.45986]]]},"properties":{"id":"13120101007008","cut":13120,"comuna":"ÑUÑOA","pob":97,"hom":41,"muj":56,"viv":30,"hog":30}},{"type":"Feature","geometry":{"type":"Polygon","coordinates":[[[-70.58734,-33.45853],[-70.58668,-33.45868],[-70.58677,-33.45908],[-70.58708,-33.45903],[-70.58678,-33.45911],[-70.58687,-33.4595],[-70.58758,-33.45948],[-70.58734,-33.45853]]]},"properties":{"id":"13120051002009","cut":13120,"comuna":"ÑUÑOA","pob":86,"hom":40,"muj":46,"viv":24,"hog":22}},{"type":"Feature","geometry":{"type":"Polygon","coordinates":[[[-70.60316,-33.45858],[-70.60323,-33.45897],[-70.60413,-33.45887],[-70.60323,-33.45899],[-70.60329,-33.45942],[-70.60338,-33.45943],[-70.60342,-33.45959],[-70.60405,-33.45984],[-70.60391,-33.45926],[-70.60403,-33.45924],[-70.60408,-33.45985],[-70.60476,-33.46013],[-70.60474,-33.45966],[-70.60479,-33.46014],[-70.60585,-33.46053],[-70.6055,-33.45831],[-70.60316,-33.45858]]]},"properties":{"id":"13120071001004","cut":13120,"comuna":"ÑUÑOA","pob":145,"hom":57,"muj":88,"viv":43,"hog":38}},{"type":"Feature","geometry":{"type":"Polygon","coordinates":[[[-70.61208,-33.45995],[-70.61284,-33.45986],[-70.61259,-33.45825],[-70.61185,-33.45835],[-70.61208,-33.45995]]]},"properties":{"id":"13120101007009","cut":13120,"comuna":"ÑUÑOA","pob":146,"hom":69,"muj":77,"viv":49,"hog":48}},{"type":"Feature","geometry":{"type":"Polygon","coordinates":[[[-70.57283,-33.46004],[-70.57357,-33.45999],[-70.57327,-33.45876],[-70.57247,-33.45905],[-70.57283,-33.46004]]]},"properties":{"id":"13120041002005","cut":13120,"comuna":"ÑUÑOA","pob":32,"hom":14,"muj":18,"viv":13,"hog":12}},{"type":"Feature","geometry":{"type":"Polygon","coordinates":[[[-70.62559,-33.45893],[-70.62625,-33.459],[-70.62645,-33.45826],[-70.62575,-33.45816],[-70.62559,-33.45893]]]},"properties":{"id":"13120101008015","cut":13120,"comuna":"ÑUÑOA","pob":36,"hom":19,"muj":17,"viv":17,"hog":17}},{"type":"Feature","geometry":{"type":"Polygon","coordinates":[[[-70.6112,-33.46004],[-70.61197,-33.45994],[-70.61171,-33.45833],[-70.61092,-33.45846],[-70.6112,-33.46004]]]},"properties":{"id":"13120101007010","cut":13120,"comuna":"ÑUÑOA","pob":45,"hom":18,"muj":27,"viv":27,"hog":17}},{"type":"Feature","geometry":{"type":"Polygon","coordinates":[[[-70.60999,-33.4593],[-70.61096,-33.45919],[-70.61083,-33.45842],[-70.60985,-33.45853],[-70.60999,-33.4593]]]},"properties":{"id":"13120101007011","cut":13120,"comuna":"ÑUÑOA","pob":71,"hom":30,"muj":41,"viv":16,"hog":6}},{"type":"Feature","geometry":{"type":"Polygon","coordinates":[[[-70.60124,-33.45875],[-70.60157,-33.45928],[-70.60194,-33.45924],[-70.60287,-33.45962],[-70.60323,-33.4596],[-70.60313,-33.45895],[-70.60259,-33.459],[-70.60257,-33.45913],[-70.60257,-33.45897],[-70.60312,-33.45892],[-70.60305,-33.45856],[-70.60124,-33.45875]]]},"properties":{"id":"13120071003001","cut":13120,"comuna":"ÑUÑOA","pob":199,"hom":87,"muj":112,"viv":88,"hog":82}},{"type":"Feature","geometry":{"type":"Polygon","coordinates":[[[-70.60805,-33.45948],[-70.60959,-33.45932],[-70.60948,-33.45858],[-70.60792,-33.45871],[-70.60805,-33.45948]]]},"properties":{"id":"13120101007013","cut":13120,"comuna":"ÑUÑOA","pob":53,"hom":31,"muj":22,"viv":33,"hog":21}},{"type":"Feature","geometry":{"type":"Polygon","coordinates":[[[-70.57977,-33.46094],[-70.58062,-33.46073],[-70.58037,-33.45899],[-70.57932,-33.45922],[-70.57977,-33.46094]]]},"properties":{"id":"13120041002016","cut":13120,"comuna":"ÑUÑOA","pob":470,"hom":212,"muj":258,"viv":188,"hog":180}},{"type":"Feature","geometry":{"type":"Polygon","coordinates":[[[-70.63047,-33.43301],[-70.63109,-33.43218],[-70.63078,-33.432],[-70.63019,-33.43278],[-70.63047,-33.43301]]]},"properties":{"id":"13123071001016","cut":13123,"comuna":"PROVIDENCIA","pob":43,"hom":21,"muj":22,"viv":16,"hog":13}},{"type":"Feature","geometry":{"type":"Polygon","coordinates":[[[-70.59009,-33.43464],[-70.5903,-33.43461],[-70.5909,-33.43262],[-70.59047,-33.43259],[-70.5897,-33.4344],[-70.58972,-33.43451],[-70.59009,-33.43464]]]},"properties":{"id":"13123041003011","cut":13123,"comuna":"PROVIDENCIA","pob":106,"hom":57,"muj":49,"viv":36,"hog":35}},{"type":"Feature","geometry":{"type":"Polygon","coordinates":[[[-70.6067,-33.43302],[-70.60576,-33.43282],[-70.60543,-33.43376],[-70.60844,-33.43452],[-70.60883,-33.43313],[-70.60591,-33.43244],[-70.60577,-33.43279],[-70.6067,-33.43302]]]},"properties":{"id":"13123041001004","cut":13123,"comuna":"PROVIDENCIA","pob":477,"hom":225,"muj":252,"viv":166,"hog":138}},{"type":"Feature","geometry":{"type":"Polygon","coordinates":[[[-70.63569,-33.4333],[-70.63592,-33.43222],[-70.63502,-33.43206],[-70.63479,-33.43314],[-70.63569,-33.4333]]]},"properties":{"id":"13123071001007","cut":13123,"comuna":"PROVIDENCIA","pob":13,"hom":7,"muj":6,"viv":14,"hog":4}},{"type":"Feature","geometry":{"type":"Polygon","coordinates":[[[-70.59037,-33.43466],[-70.59099,-33.43473],[-70.5915,-33.43276],[-70.59102,-33.43269],[-70.59038,-33.43457],[-70.59037,-33.43466]]]},"properties":{"id":"13123041003010","cut":13123,"comuna":"PROVIDENCIA","pob":158,"hom":68,"muj":90,"viv":43,"hog":44}},{"type":"Feature","geometry":{"type":"Polygon","coordinates":[[[-70.58847,-33.4349],[-70.58887,-33.43417],[-70.58808,-33.4338],[-70.58696,-33.43276],[-70.5865,-33.43311],[-70.5875,-33.43417],[-70.58847,-33.4349]]]},"properties":{"id":"13123041003024","cut":13123,"comuna":"PROVIDENCIA","pob":110,"hom":49,"muj":61,"viv":40,"hog":33}},{"type":"Feature","geometry":{"type":"Polygon","coordinates":[[[-70.60343,-33.43377],[-70.60372,-33.4329],[-70.60215,-33.43256],[-70.60194,-33.43341],[-70.60343,-33.43377]]]},"properties":{"id":"13123041006008","cut":13123,"comuna":"PROVIDENCIA","pob":387,"hom":170,"muj":217,"viv":212,"hog":184}},{"type":"Feature","geometry":{"type":"Polygon","coordinates":[[[-70.63083,-33.43321],[-70.63128,-33.43263],[-70.63144,-33.43221],[-70.63117,-33.43219],[-70.63057,-33.43304],[-70.63083,-33.43321]]]},"properties":{"id":"13123071001017","cut":13123,"comuna":"PROVIDENCIA","pob":18,"hom":7,"muj":11,"viv":8,"hog":8}},{"type":"Feature","geometry":{"type":"Polygon","coordinates":[[[-70.61343,-33.43317],[-70.61553,-33.43355],[-70.61575,-33.4328],[-70.6136,-33.43242],[-70.61343,-33.43317]]]},"properties":{"id":"13123021006001","cut":13123,"comuna":"PROVIDENCIA","pob":62,"hom":30,"muj":32,"viv":45,"hog":35}},{"type":"Feature","geometry":{"type":"Polygon","coordinates":[[[-70.62172,-33.43366],[-70.62202,-33.43361],[-70.62273,-33.43256],[-70.62244,-33.43234],[-70.62232,-33.43239],[-70.6217,-33.43341],[-70.62172,-33.43366]]]},"properties":{"id":"13123011007004","cut":13123,"comuna":"PROVIDENCIA","pob":155,"hom":79,"muj":76,"viv":98,"hog":80}},{"type":"Feature","geometry":{"type":"Polygon","coordinates":[[[-70.63154,-33.43223],[-70.63091,-33.43327],[-70.63185,-33.43374],[-70.63283,-33.43405],[-70.63336,-33.43268],[-70.63193,-33.43229],[-70.63167,-33.43292],[-70.6319,-33.43228],[-70.63154,-33.43223]]]},"properties":{"id":"13123071001010","cut":13123,"comuna":"PROVIDENCIA","pob":74,"hom":28,"muj":46,"viv":23,"hog":22}},{"type":"Feature","geometry":{"type":"Polygon","coordinates":[[[-70.58886,-33.43411],[-70.58915,-33.4336],[-70.58776,-33.43291],[-70.58757,-33.43317],[-70.58772,-33.43339],[-70.58827,-33.43385],[-70.58886,-33.43411]]]},"properties":{"id":"13123041003017","cut":13123,"comuna":"PROVIDENCIA","pob":67,"hom":31,"muj":36,"viv":25,"hog":23}},{"type":"Feature","geometry":{"type":"Polygon","coordinates":[[[-70.61732,-33.43318],[-70.61755,-33.43289],[-70.61652,-33.43254],[-70.61641,-33.43286],[-70.61732,-33.43318]]]},"properties":{"id":"13123021005013","cut":13123,"comuna":"PROVIDENCIA","pob":84,"hom":39,"muj":45,"viv":33,"hog":39}},{"type":"Feature","geometry":{"type":"Polygon","coordinates":[[[-70.6245,-33.43376],[-70.62383,-33.43333],[-70.62342,-33.43345],[-70.62339,-33.43372],[-70.62453,-33.43424],[-70.62579,-33.43317],[-70.62513,-33.43256],[-70.62452,-33.43297],[-70.62489,-33.43333],[-70.6245,-33.43376]]]},"properties":{"id":"13123011001005","cut":13123,"comuna":"PROVIDENCIA","pob":193,"hom":83,"muj":110,"viv":86,"hog":75}},{"type":"Feature","geometry":{"type":"Polygon","coordinates":[[[-70.58617,-33.43458],[-70.58622,-33.43485],[-70.5865,-33.43487],[-70.58657,-33.43463],[-70.58653,-33.43487],[-70.58761,-33.43514],[-70.58797,-33.43478],[-70.5862,-33.43309],[-70.58529,-33.43369],[-70.58617,-33.43458]]]},"properties":{"id":"13123051002007","cut":13123,"comuna":"PROVIDENCIA","pob":911,"hom":382,"muj":529,"viv":453,"hog":430}},{"type":"Feature","geometry":{"type":"Polygon","coordinates":[[[-70.62971,-33.43316],[-70.63009,-33.43289],[-70.62974,-33.43254],[-70.62927,-33.43286],[-70.62971,-33.43316]]]},"properties":{"id":"13123071003005","cut":13123,"comuna":"PROVIDENCIA","pob":15,"hom":5,"muj":10,"viv":4,"hog":4}},{"type":"Feature","geometry":{"type":"Polygon","coordinates":[[[-70.60356,-33.43379],[-70.60509,-33.43413],[-70.60538,-33.43329],[-70.60383,-33.43293],[-70.60356,-33.43379]]]},"properties":{"id":"13123041001006","cut":13123,"comuna":"PROVIDENCIA","pob":466,"hom":212,"muj":254,"viv":241,"hog":222}},{"type":"Feature","geometry":{"type":"Polygon","coordinates":[[[-70.61303,-33.43402],[-70.61326,-33.43322],[-70.61137,-33.43288],[-70.61119,-33.43365],[-70.61303,-33.43402]]]},"properties":{"id":"13123021006006","cut":13123,"comuna":"PROVIDENCIA","pob":584,"hom":280,"muj":304,"viv":336,"hog":300}},{"type":"Feature","geometry":{"type":"Polygon","coordinates":[[[-70.59158,-33.43312],[-70.59136,-33.43376],[-70.59208,-33.43388],[-70.59217,-33.4336],[-70.5919,-33.43355],[-70.59218,-33.43357],[-70.59226,-33.43327],[-70.59158,-33.43312]]]},"properties":{"id":"13123041003006","cut":13123,"comuna":"PROVIDENCIA","pob":59,"hom":28,"muj":31,"viv":19,"hog":17}},{"type":"Feature","geometry":{"type":"Polygon","coordinates":[[[-70.61575,-33.43338],[-70.61618,-33.43343],[-70.61613,-33.43357],[-70.6157,-33.43343],[-70.61554,-33.43386],[-70.616,-33.43397],[-70.61596,-33.4341],[-70.61552,-33.43396],[-70.61535,-33.43447],[-70.61657,-33.43477],[-70.61729,-33.4333],[-70.61594,-33.43283],[-70.61575,-33.43338]]]},"properties":{"id":"13123021005014","cut":13123,"comuna":"PROVIDENCIA","pob":448,"hom":200,"muj":248,"viv":224,"hog":211}},{"type":"Feature","geometry":{"type":"Polygon","coordinates":[[[-70.58332,-33.43405],[-70.58292,-33.43374],[-70.5825,-33.43401],[-70.58313,-33.43473],[-70.58439,-33.43402],[-70.58355,-33.43326],[-70.58299,-33.43368],[-70.58332,-33.43405]]]},"properties":{"id":"13123051002003","cut":13123,"comuna":"PROVIDENCIA","pob":362,"hom":178,"muj":184,"viv":163,"hog":153}},{"type":"Feature","geometry":{"type":"Polygon","coordinates":[[[-70.62866,-33.43334],[-70.6307,-33.43428],[-70.63112,-33.43356],[-70.63013,-33.43294],[-70.62976,-33.43319],[-70.62992,-33.43336],[-70.62918,-33.43291],[-70.62866,-33.43334]]]},"properties":{"id":"13123071003004","cut":13123,"comuna":"PROVIDENCIA","pob":260,"hom":117,"muj":143,"viv":169,"hog":142}},{"type":"Feature","geometry":{"type":"Polygon","coordinates":[[[-70.59719,-33.43447],[-70.5975,-33.43365],[-70.59632,-33.43334],[-70.59604,-33.43419],[-70.59719,-33.43447]]]},"properties":{"id":"13123041003001","cut":13123,"comuna":"PROVIDENCIA","pob":369,"hom":176,"muj":193,"viv":174,"hog":162}},{"type":"Feature","geometry":{"type":"Polygon","coordinates":[[[-70.60888,-33.43392],[-70.61093,-33.43418],[-70.61109,-33.43368],[-70.61102,-33.43359],[-70.60903,-33.43323],[-70.60888,-33.43392]]]},"properties":{"id":"13123021003010","cut":13123,"comuna":"PROVIDENCIA","pob":449,"hom":200,"muj":249,"viv":280,"hog":249}},{"type":"Feature","geometry":{"type":"Polygon","coordinates":[[[-70.62446,-33.43372],[-70.62485,-33.43333],[-70.62447,-33.43302],[-70.62392,-33.43332],[-70.62446,-33.43372]]]},"properties":{"id":"13123011001004","cut":13123,"comuna":"PROVIDENCIA","pob":24,"hom":14,"muj":10,"viv":1,"hog":0}},{"type":"Feature","geometry":{"type":"Polygon","coordinates":[[[-70.62219,-33.43358],[-70.62323,-33.43336],[-70.62324,-33.43329],[-70.6225,-33.43306],[-70.62219,-33.43358]]]},"properties":{"id":"13123011007003","cut":13123,"comuna":"PROVIDENCIA","pob":123,"hom":58,"muj":65,"viv":72,"hog":62}},{"type":"Feature","geometry":{"type":"Polygon","coordinates":[[[-70.61517,-33.43443],[-70.61546,-33.43362],[-70.61338,-33.43326],[-70.61317,-33.43404],[-70.61517,-33.43443]]]},"properties":{"id":"13123021006002","cut":13123,"comuna":"PROVIDENCIA","pob":556,"hom":273,"muj":283,"viv":318,"hog":297}},{"type":"Feature","geometry":{"type":"Polygon","coordinates":[[[-70.63326,-33.4332],[-70.63385,-33.43331],[-70.6338,-33.43344],[-70.6338,-33.43337],[-70.63325,-33.43323],[-70.63291,-33.43409],[-70.63432,-33.43449],[-70.63466,-33.43322],[-70.63337,-33.43303],[-70.63326,-33.4332]]]},"properties":{"id":"13123071001009","cut":13123,"comuna":"PROVIDENCIA","pob":21,"hom":12,"muj":9,"viv":11,"hog":10}},{"type":"Feature","geometry":{"type":"Polygon","coordinates":[[[-70.60305,-33.43489],[-70.60343,-33.43383],[-70.6019,-33.43349],[-70.60164,-33.43452],[-70.60305,-33.43489]]]},"properties":{"id":"13123041006010","cut":13123,"comuna":"PROVIDENCIA","pob":563,"hom":246,"muj":317,"viv":271,"hog":251}},{"type":"Feature","geometry":{"type":"Polygon","coordinates":[[[-70.58456,-33.43403],[-70.58533,-33.43494],[-70.58605,-33.43486],[-70.5861,-33.43455],[-70.58519,-33.43372],[-70.58456,-33.43403]]]},"properties":{"id":"13123051002006","cut":13123,"comuna":"PROVIDENCIA","pob":74,"hom":36,"muj":38,"viv":24,"hog":21}},{"type":"Feature","geometry":{"type":"Polygon","coordinates":[[[-70.61718,-33.43402],[-70.61805,-33.43429],[-70.61822,-33.43415],[-70.61808,-33.43436],[-70.6171,-33.43407],[-70.61686,-33.43449],[-70.61726,-33.43456],[-70.61823,-33.43486],[-70.61685,-33.43451],[-70.61676,-33.43482],[-70.61926,-33.4354],[-70.61951,-33.43434],[-70.61859,-33.43412],[-70.61952,-33.43431],[-70.61961,-33.4338],[-70.61747,-33.43336],[-70.61714,-33.43394],[-70.61718,-33.43402]]]},"properties":{"id":"13123011004004","cut":13123,"comuna":"PROVIDENCIA","pob":524,"hom":232,"muj":292,"viv":252,"hog":241}},{"type":"Feature","geometry":{"type":"Polygon","coordinates":[[[-70.59687,-33.43612],[-70.59788,-33.43623],[-70.59851,-33.43389],[-70.59759,-33.43368],[-70.59687,-33.43612]]]},"properties":{"id":"13123041004003","cut":13123,"comuna":"PROVIDENCIA","pob":422,"hom":180,"muj":242,"viv":197,"hog":188}},{"type":"Feature","geometry":{"type":"Polygon","coordinates":[[[-70.6354,-33.43474],[-70.63551,-33.43469],[-70.63572,-33.43341],[-70.63479,-33.43324],[-70.63442,-33.43452],[-70.6354,-33.43474]]]},"properties":{"id":"13123071001008","cut":13123,"comuna":"PROVIDENCIA","pob":64,"hom":39,"muj":25,"viv":16,"hog":25}},{"type":"Feature","geometry":{"type":"Polygon","coordinates":[[[-70.59138,-33.43384],[-70.59115,-33.43448],[-70.59186,-33.4346],[-70.59198,-33.4343],[-70.59169,-33.43423],[-70.59199,-33.43428],[-70.59205,-33.43398],[-70.59138,-33.43384]]]},"properties":{"id":"13123041003007","cut":13123,"comuna":"PROVIDENCIA","pob":56,"hom":25,"muj":31,"viv":19,"hog":17}},{"type":"Feature","geometry":{"type":"Polygon","coordinates":[[[-70.62308,-33.43424],[-70.6233,-33.43349],[-70.62206,-33.43375],[-70.62208,-33.4338],[-70.62308,-33.43424]]]},"properties":{"id":"13123011004001","cut":13123,"comuna":"PROVIDENCIA","pob":18,"hom":10,"muj":8,"viv":7,"hog":7}},{"type":"Feature","geometry":{"type":"Polygon","coordinates":[[[-70.61085,-33.43468],[-70.61253,-33.43486],[-70.61272,-33.43404],[-70.61114,-33.43373],[-70.61085,-33.43468]]]},"properties":{"id":"13123021006005","cut":13123,"comuna":"PROVIDENCIA","pob":679,"hom":305,"muj":374,"viv":379,"hog":335}},{"type":"Feature","geometry":{"type":"Polygon","coordinates":[[[-70.58457,-33.43518],[-70.58522,-33.43492],[-70.58508,-33.43462],[-70.58447,-33.43408],[-70.5839,-33.43441],[-70.58457,-33.43518]]]},"properties":{"id":"13123051002005","cut":13123,"comuna":"PROVIDENCIA","pob":49,"hom":24,"muj":25,"viv":16,"hog":13}},{"type":"Feature","geometry":{"type":"Polygon","coordinates":[[[-70.60322,-33.43494],[-70.60466,-33.43527],[-70.60507,-33.43421],[-70.60353,-33.43385],[-70.60322,-33.43494]]]},"properties":{"id":"13123041006011","cut":13123,"comuna":"PROVIDENCIA","pob":329,"hom":139,"muj":190,"viv":187,"hog":166}},{"type":"Feature","geometry":{"type":"Polygon","coordinates":[[[-70.59909,-33.43523],[-70.59944,-33.43415],[-70.59863,-33.43392],[-70.59829,-33.43503],[-70.59909,-33.43523]]]},"properties":{"id":"13123041004002","cut":13123,"comuna":"PROVIDENCIA","pob":299,"hom":127,"muj":172,"viv":147,"hog":134}},{"type":"Feature","geometry":{"type":"Polygon","coordinates":[[[-70.60513,-33.4345],[-70.60599,-33.4348],[-70.60649,-33.43508],[-70.60812,-33.43553],[-70.60827,-33.43509],[-70.60637,-33.43457],[-70.60639,-33.43451],[-70.60827,-33.43503],[-70.60841,-33.43469],[-70.60834,-33.43461],[-70.60542,-33.43384],[-70.60513,-33.4345]]]},"properties":{"id":"13123041001007","cut":13123,"comuna":"PROVIDENCIA","pob":625,"hom":284,"muj":341,"viv":345,"hog":306}},{"type":"Feature","geometry":{"type":"Polygon","coordinates":[[[-70.63185,-33.43482],[-70.6323,-33.43404],[-70.63121,-33.4336],[-70.63083,-33.43432],[-70.63185,-33.43482]]]},"properties":{"id":"13123071003003","cut":13123,"comuna":"PROVIDENCIA","pob":20,"hom":9,"muj":11,"viv":10,"hog":11}},{"type":"Feature","geometry":{"type":"Polygon","coordinates":[[[-70.62409,-33.43465],[-70.62472,-33.43471],[-70.6253,-33.43377],[-70.62522,-33.43369],[-70.62409,-33.43465]]]},"properties":{"id":"13123011001008","cut":13123,"comuna":"PROVIDENCIA","pob":10,"hom":0,"muj":0,"viv":4,"hog":4}},{"type":"Feature","geometry":{"type":"Polygon","coordinates":[[[-70.61973,-33.43382],[-70.61956,-33.43455],[-70.62009,-33.4347],[-70.61955,-33.43458],[-70.61936,-33.43545],[-70.62031,-33.43567],[-70.62082,-33.43385],[-70.61973,-33.43382]]]},"properties":{"id":"13123011004003","cut":13123,"comuna":"PROVIDENCIA","pob":522,"hom":246,"muj":276,"viv":285,"hog":262}},{"type":"Feature","geometry":{"type":"Polygon","coordinates":[[[-70.62239,-33.43629],[-70.62308,-33.43432],[-70.62193,-33.43378],[-70.62094,-33.43385],[-70.62044,-33.43572],[-70.62239,-33.43629]]]},"properties":{"id":"13123011004002","cut":13123,"comuna":"PROVIDENCIA","pob":242,"hom":114,"muj":128,"viv":103,"hog":88}},{"type":"Feature","geometry":{"type":"Polygon","coordinates":[[[-70.58859,-33.43494],[-70.5894,-33.43514],[-70.58956,-33.43452],[-70.589,-33.43423],[-70.58859,-33.43494]]]},"properties":{"id":"13123041003025","cut":13123,"comuna":"PROVIDENCIA","pob":60,"hom":19,"muj":41,"viv":19,"hog":16}},{"type":"Feature","geometry":{"type":"Polygon","coordinates":[[[-70.60988,-33.43469],[-70.60865,-33.43456],[-70.60855,-33.43506],[-70.61027,-33.4353],[-70.61026,-33.43536],[-70.60849,-33.43513],[-70.60819,-33.43619],[-70.61127,-33.43684],[-70.61302,-33.43758],[-70.61411,-33.43782],[-70.61492,-33.43526],[-70.61086,-33.43475],[-70.61066,-33.43528],[-70.61074,-33.43483],[-70.61026,-33.43476],[-70.61074,-33.4348],[-70.61083,-33.43429],[-70.60881,-33.43402],[-70.60868,-33.43449],[-70.60988,-33.43469]]]},"properties":{"id":"13123021003009","cut":13123,"comuna":"PROVIDENCIA","pob":1334,"hom":594,"muj":740,"viv":667,"hog":576}},{"type":"Feature","geometry":{"type":"Polygon","coordinates":[[[-70.59922,-33.43526],[-70.60115,-33.43567],[-70.60139,-33.43466],[-70.59953,-33.43417],[-70.59922,-33.43526]]]},"properties":{"id":"13123041004001","cut":13123,"comuna":"PROVIDENCIA","pob":566,"hom":251,"muj":315,"viv":307,"hog":250}},{"type":"Feature","geometry":{"type":"Polygon","coordinates":[[[-70.59693,-33.4353],[-70.59721,-33.43455],[-70.59601,-33.43427],[-70.59576,-33.43505],[-70.59693,-33.4353]]]},"properties":{"id":"13123041003002","cut":13123,"comuna":"PROVIDENCIA","pob":251,"hom":110,"muj":141,"viv":103,"hog":96}},{"type":"Feature","geometry":{"type":"Polygon","coordinates":[[[-70.62651,-33.43388],[-70.62583,-33.43612],[-70.62653,-33.43628],[-70.62655,-33.43609],[-70.62666,-33.43598],[-70.62656,-33.43629],[-70.62726,-33.43642],[-70.62732,-33.4361],[-70.62729,-33.43643],[-70.62807,-33.43658],[-70.62825,-33.43573],[-70.62782,-33.43564],[-70.62826,-33.4357],[-70.62832,-33.43509],[-70.62744,-33.43463],[-70.62651,-33.43388]]]},"properties":{"id":"13123011001500","cut":13123,"comuna":"PROVIDENCIA","pob":711,"hom":339,"muj":372,"viv":450,"hog":338}},{"type":"Feature","geometry":{"type":"Polygon","coordinates":[[[-70.58385,-33.43558],[-70.5845,-33.43521],[-70.58382,-33.43445],[-70.5832,-33.43481],[-70.58385,-33.43558]]]},"properties":{"id":"13123051002004","cut":13123,"comuna":"PROVIDENCIA","pob":95,"hom":42,"muj":53,"viv":39,"hog":39}},{"type":"Feature","geometry":{"type":"Polygon","coordinates":[[[-70.61334,-33.435],[-70.61495,-33.4352],[-70.6152,-33.43452],[-70.61354,-33.43419],[-70.61334,-33.435]]]},"properties":{"id":"13123021006003","cut":13123,"comuna":"PROVIDENCIA","pob":259,"hom":110,"muj":149,"viv":155,"hog":135}},{"type":"Feature","geometry":{"type":"Polygon","coordinates":[[[-70.58953,-33.43519],[-70.59081,-33.43534],[-70.59095,-33.43484],[-70.58964,-33.43457],[-70.58953,-33.43519]]]},"properties":{"id":"13123041003009","cut":13123,"comuna":"PROVIDENCIA","pob":50,"hom":31,"muj":19,"viv":21,"hog":20}},{"type":"Feature","geometry":{"type":"Polygon","coordinates":[[[-70.59154,-33.43545],[-70.59167,-33.43539],[-70.59186,-33.43471],[-70.59115,-33.43456],[-70.59093,-33.43534],[-70.59154,-33.43545]]]},"properties":{"id":"13123041003008","cut":13123,"comuna":"PROVIDENCIA","pob":51,"hom":21,"muj":30,"viv":22,"hog":21}},{"type":"Feature","geometry":{"type":"Polygon","coordinates":[[[-70.63277,-33.43525],[-70.63294,-33.43509],[-70.63324,-33.43435],[-70.63239,-33.43408],[-70.63196,-33.43486],[-70.63277,-33.43525]]]},"properties":{"id":"13123071003002","cut":13123,"comuna":"PROVIDENCIA","pob":143,"hom":71,"muj":72,"viv":93,"hog":69}},{"type":"Feature","geometry":{"type":"Polygon","coordinates":[[[-70.62307,-33.43471],[-70.62379,-33.43471],[-70.62419,-33.43447],[-70.62319,-33.43426],[-70.62307,-33.43471]]]},"properties":{"id":"13123011001007","cut":13123,"comuna":"PROVIDENCIA","pob":13,"hom":5,"muj":8,"viv":7,"hog":5}},{"type":"Feature","geometry":{"type":"Polygon","coordinates":[[[-70.58811,-33.43538],[-70.58838,-33.43508],[-70.58799,-33.4348],[-70.58764,-33.43515],[-70.58811,-33.43538]]]},"properties":{"id":"13123051002008","cut":13123,"comuna":"PROVIDENCIA","pob":20,"hom":10,"muj":10,"viv":7,"hog":6}},{"type":"Feature","geometry":{"type":"Polygon","coordinates":[[[-70.60135,-33.43577],[-70.60271,-33.43607],[-70.60306,-33.43502],[-70.6016,-33.43468],[-70.60135,-33.43577]]]},"properties":{"id":"13123041007003","cut":13123,"comuna":"PROVIDENCIA","pob":270,"hom":137,"muj":133,"viv":198,"hog":137}},{"type":"Feature","geometry":{"type":"Polygon","coordinates":[[[-70.60489,-33.43536],[-70.60802,-33.43611],[-70.60809,-33.4356],[-70.60645,-33.43513],[-70.60587,-33.43482],[-70.60506,-33.43466],[-70.60489,-33.43536]]]},"properties":{"id":"13123041001008","cut":13123,"comuna":"PROVIDENCIA","pob":522,"hom":262,"muj":260,"viv":352,"hog":271}},{"type":"Feature","geometry":{"type":"Polygon","coordinates":[[[-70.615,-33.43547],[-70.61536,-33.43555],[-70.61542,-33.43548],[-70.61534,-33.43567],[-70.61535,-33.43557],[-70.61499,-33.4355],[-70.61458,-33.43673],[-70.61534,-33.4369],[-70.61457,-33.43675],[-70.61444,-33.43715],[-70.61592,-33.43747],[-70.61631,-33.4358],[-70.61572,-33.43566],[-70.61632,-33.43578],[-70.61653,-33.43486],[-70.61531,-33.43456],[-70.615,-33.43547]]]},"properties":{"id":"13123021003001","cut":13123,"comuna":"PROVIDENCIA","pob":728,"hom":318,"muj":410,"viv":327,"hog":308}},{"type":"Feature","geometry":{"type":"Polygon","coordinates":[[[-70.58508,-33.43695],[-70.58618,-33.43598],[-70.58673,-33.43567],[-70.58648,-33.43525],[-70.58647,-33.43496],[-70.58589,-33.43497],[-70.58588,-33.43537],[-70.58471,-33.43649],[-70.58508,-33.43695]]]},"properties":{"id":"13123051002011","cut":13123,"comuna":"PROVIDENCIA","pob":125,"hom":62,"muj":63,"viv":45,"hog":44}},{"type":"Feature","geometry":{"type":"Polygon","coordinates":[[[-70.584,-33.43575],[-70.58466,-33.43643],[-70.5851,-33.43602],[-70.5849,-33.43578],[-70.58518,-33.43593],[-70.5858,-33.43535],[-70.58581,-33.43497],[-70.58467,-33.43525],[-70.584,-33.43562],[-70.584,-33.43575]]]},"properties":{"id":"13123051002010","cut":13123,"comuna":"PROVIDENCIA","pob":116,"hom":54,"muj":62,"viv":33,"hog":36}},{"type":"Feature","geometry":{"type":"Polygon","coordinates":[[[-70.58681,-33.4356],[-70.58716,-33.4354],[-70.58729,-33.43513],[-70.58659,-33.43497],[-70.58654,-33.43523],[-70.58681,-33.4356]]]},"properties":{"id":"13123051002009","cut":13123,"comuna":"PROVIDENCIA","pob":20,"hom":13,"muj":7,"viv":8,"hog":7}},{"type":"Feature","geometry":{"type":"Polygon","coordinates":[[[-70.6333,-33.43439],[-70.63288,-33.43532],[-70.6335,-33.43558],[-70.63379,-33.43492],[-70.63353,-33.43559],[-70.63453,-33.43574],[-70.63532,-33.43561],[-70.63544,-33.43489],[-70.6333,-33.43439]]]},"properties":{"id":"13123071003001","cut":13123,"comuna":"PROVIDENCIA","pob":42,"hom":24,"muj":18,"viv":27,"hog":20}},{"type":"Feature","geometry":{"type":"Polygon","coordinates":[[[-70.58723,-33.4362],[-70.58809,-33.43556],[-70.58743,-33.43517],[-70.58686,-33.43569],[-70.58723,-33.4362]]]},"properties":{"id":"13123051002013","cut":13123,"comuna":"PROVIDENCIA","pob":60,"hom":32,"muj":28,"viv":17,"hog":17}},{"type":"Feature","geometry":{"type":"Polygon","coordinates":[[[-70.59547,-33.43592],[-70.59672,-33.4361],[-70.59695,-33.43538],[-70.59573,-33.43513],[-70.59547,-33.43592]]]},"properties":{"id":"13123041003003","cut":13123,"comuna":"PROVIDENCIA","pob":109,"hom":49,"muj":60,"viv":50,"hog":46}},{"type":"Feature","geometry":{"type":"Polygon","coordinates":[[[-70.59794,-33.43624],[-70.59881,-33.43638],[-70.59911,-33.43532],[-70.59828,-33.43512],[-70.59794,-33.43624]]]},"properties":{"id":"13123041004004","cut":13123,"comuna":"PROVIDENCIA","pob":200,"hom":88,"muj":112,"viv":106,"hog":86}},{"type":"Feature","geometry":{"type":"Polygon","coordinates":[[[-70.619,-33.43636],[-70.61921,-33.4355],[-70.61665,-33.43491],[-70.61644,-33.4359],[-70.619,-33.43636]]]},"properties":{"id":"13123011004005","cut":13123,"comuna":"PROVIDENCIA","pob":220,"hom":105,"muj":115,"viv":109,"hog":96}},{"type":"Feature","geometry":{"type":"Polygon","coordinates":[[[-70.58838,-33.43556],[-70.58912,-33.43614],[-70.58944,-33.4359],[-70.58914,-33.43616],[-70.5896,-33.43648],[-70.58988,-33.43625],[-70.59033,-33.43548],[-70.58878,-33.43528],[-70.58849,-33.43536],[-70.58838,-33.43556]]]},"properties":{"id":"13123041003026","cut":13123,"comuna":"PROVIDENCIA","pob":103,"hom":51,"muj":52,"viv":38,"hog":33}},{"type":"Feature","geometry":{"type":"Polygon","coordinates":[[[-70.59959,-33.43659],[-70.59991,-33.43551],[-70.5992,-33.43533],[-70.59888,-33.4364],[-70.59959,-33.43659]]]},"properties":{"id":"13123041004005","cut":13123,"comuna":"PROVIDENCIA","pob":199,"hom":72,"muj":127,"viv":116,"hog":96}},{"type":"Feature","geometry":{"type":"Polygon","coordinates":[[[-70.62488,-33.43512],[-70.62293,-33.43507],[-70.62161,-33.43914],[-70.62462,-33.43972],[-70.62492,-33.43872],[-70.62411,-33.43853],[-70.62493,-33.43869],[-70.62596,-33.43514],[-70.6254,-33.43501],[-70.62488,-33.43512]]]},"properties":{"id":"13123011001012","cut":13123,"comuna":"PROVIDENCIA","pob":526,"hom":263,"muj":263,"viv":3,"hog":0}},{"type":"Feature","geometry":{"type":"Polygon","coordinates":[[[-70.59031,-33.43583],[-70.59131,-33.43613],[-70.59158,-33.43564],[-70.59045,-33.43547],[-70.59031,-33.43583]]]},"properties":{"id":"13123041003027","cut":13123,"comuna":"PROVIDENCIA","pob":35,"hom":19,"muj":16,"viv":12,"hog":11}},{"type":"Feature","geometry":{"type":"Polygon","coordinates":[[[-70.58763,-33.43679],[-70.5883,-33.43642],[-70.58871,-33.43605],[-70.58822,-33.43564],[-70.58733,-33.4363],[-70.58763,-33.43679]]]},"properties":{"id":"13123051002014","cut":13123,"comuna":"PROVIDENCIA","pob":70,"hom":30,"muj":40,"viv":26,"hog":23}},{"type":"Feature","geometry":{"type":"Polygon","coordinates":[[[-70.59281,-33.43659],[-70.59309,-33.43583],[-70.59166,-33.43566],[-70.59143,-33.43616],[-70.59281,-33.43659]]]},"properties":{"id":"13123041003032","cut":13123,"comuna":"PROVIDENCIA","pob":67,"hom":20,"muj":47,"viv":14,"hog":12}},{"type":"Feature","geometry":{"type":"Polygon","coordinates":[[[-70.60484,-33.43548],[-70.60439,-33.43652],[-70.60513,-33.43669],[-70.60533,-33.4363],[-70.60641,-33.43654],[-70.60649,-33.4366],[-70.60638,-33.43704],[-70.60689,-33.43715],[-70.60732,-33.43745],[-70.6076,-33.43747],[-70.60787,-33.43656],[-70.60719,-33.43638],[-70.60787,-33.43653],[-70.60791,-33.43626],[-70.60484,-33.43548]]]},"properties":{"id":"13123041007001","cut":13123,"comuna":"PROVIDENCIA","pob":898,"hom":370,"muj":528,"viv":457,"hog":408}},{"type":"Feature","geometry":{"type":"Polygon","coordinates":[[[-70.62851,-33.43518],[-70.62801,-33.43742],[-70.62867,-33.43756],[-70.62878,-33.43704],[-70.6285,-33.43701],[-70.62842,-33.43724],[-70.62841,-33.43711],[-70.62849,-33.43698],[-70.62878,-33.43701],[-70.62893,-33.43606],[-70.62918,-33.43549],[-70.62851,-33.43518]]]},"properties":{"id":"13123061004004","cut":13123,"comuna":"PROVIDENCIA","pob":359,"hom":162,"muj":197,"viv":190,"hog":172}},{"type":"Feature","geometry":{"type":"Polygon","coordinates":[[[-70.5854,-33.43729],[-70.58715,-33.43629],[-70.5868,-33.43575],[-70.58624,-33.436],[-70.5852,-33.43697],[-70.5854,-33.43729]]]},"properties":{"id":"13123051002012","cut":13123,"comuna":"PROVIDENCIA","pob":128,"hom":61,"muj":67,"viv":49,"hog":46}},{"type":"Feature","geometry":{"type":"Polygon","coordinates":[[[-70.59001,-33.43623],[-70.59099,-33.43666],[-70.59129,-33.43621],[-70.59024,-33.43588],[-70.59001,-33.43623]]]},"properties":{"id":"13123041003028","cut":13123,"comuna":"PROVIDENCIA","pob":33,"hom":13,"muj":20,"viv":13,"hog":12}},{"type":"Feature","geometry":{"type":"Polygon","coordinates":[[[-70.59327,-33.43589],[-70.5932,-33.43625],[-70.59509,-33.43664],[-70.59532,-33.43616],[-70.59327,-33.43589]]]},"properties":{"id":"13123041003033","cut":13123,"comuna":"PROVIDENCIA","pob":77,"hom":30,"muj":47,"viv":27,"hog":26}},{"type":"Feature","geometry":{"type":"Polygon","coordinates":[[[-70.61948,-33.43665],[-70.61909,-33.43663],[-70.61887,-33.43763],[-70.61974,-33.43785],[-70.62029,-33.43574],[-70.61934,-33.43555],[-70.6191,-33.43658],[-70.61948,-33.43665]]]},"properties":{"id":"13123011004010","cut":13123,"comuna":"PROVIDENCIA","pob":395,"hom":193,"muj":202,"viv":213,"hog":198}},{"type":"Feature","geometry":{"type":"Polygon","coordinates":[[[-70.6022,-33.4372],[-70.60231,-33.43716],[-70.60261,-33.43615],[-70.60128,-33.43584],[-70.60101,-33.43689],[-70.6022,-33.4372]]]},"properties":{"id":"13123041007004","cut":13123,"comuna":"PROVIDENCIA","pob":297,"hom":130,"muj":167,"viv":187,"hog":164}},{"type":"Feature","geometry":{"type":"Polygon","coordinates":[[[-70.629,-33.43645],[-70.62948,-33.43616],[-70.62993,-33.43605],[-70.63004,-33.43585],[-70.62927,-33.43555],[-70.62901,-33.43607],[-70.629,-33.43645]]]},"properties":{"id":"13123061004003","cut":13123,"comuna":"PROVIDENCIA","pob":200,"hom":97,"muj":103,"viv":89,"hog":86}},{"type":"Feature","geometry":{"type":"Polygon","coordinates":[[[-70.58832,-33.43648],[-70.58865,-33.43683],[-70.58829,-33.43649],[-70.5877,-33.43686],[-70.58791,-33.43724],[-70.58839,-33.43704],[-70.58792,-33.43727],[-70.58814,-33.43762],[-70.58911,-33.43715],[-70.58946,-33.43665],[-70.58919,-33.43636],[-70.58889,-33.43659],[-70.58916,-33.43634],[-70.58884,-33.4361],[-70.58832,-33.43648]]]},"properties":{"id":"13123051002017","cut":13123,"comuna":"PROVIDENCIA","pob":115,"hom":55,"muj":60,"viv":40,"hog":39}},{"type":"Feature","geometry":{"type":"Polygon","coordinates":[[[-70.6204,-33.43584],[-70.62019,-33.43668],[-70.62048,-33.43673],[-70.62061,-33.43657],[-70.62089,-33.43649],[-70.62143,-33.43664],[-70.6217,-33.43662],[-70.62197,-33.43686],[-70.62223,-33.43692],[-70.62238,-33.43635],[-70.6204,-33.43584]]]},"properties":{"id":"13123011004011","cut":13123,"comuna":"PROVIDENCIA","pob":169,"hom":72,"muj":97,"viv":71,"hog":69}},{"type":"Feature","geometry":{"type":"Polygon","coordinates":[[[-70.59636,-33.43693],[-70.59647,-33.43688],[-70.59661,-33.43629],[-70.59538,-33.43615],[-70.59523,-33.43665],[-70.59636,-33.43693]]]},"properties":{"id":"13123041003045","cut":13123,"comuna":"PROVIDENCIA","pob":52,"hom":29,"muj":23,"viv":21,"hog":20}},{"type":"Feature","geometry":{"type":"Polygon","coordinates":[[[-70.59106,-33.43674],[-70.59191,-33.43716],[-70.59236,-33.43656],[-70.59139,-33.43623],[-70.59106,-33.43674]]]},"properties":{"id":"13123041003031","cut":13123,"comuna":"PROVIDENCIA","pob":66,"hom":35,"muj":31,"viv":21,"hog":19}},{"type":"Feature","geometry":{"type":"Polygon","coordinates":[[[-70.59048,-33.43717],[-70.59087,-33.43674],[-70.58995,-33.4363],[-70.58971,-33.43656],[-70.59048,-33.43717]]]},"properties":{"id":"13123041003029","cut":13123,"comuna":"PROVIDENCIA","pob":34,"hom":11,"muj":23,"viv":12,"hog":11}},{"type":"Feature","geometry":{"type":"Polygon","coordinates":[[[-70.61639,-33.43637],[-70.61812,-33.43664],[-70.61822,-33.43632],[-70.61645,-33.43596],[-70.61639,-33.43637]]]},"properties":{"id":"13123011004006","cut":13123,"comuna":"PROVIDENCIA","pob":85,"hom":43,"muj":42,"viv":27,"hog":29}},{"type":"Feature","geometry":{"type":"Polygon","coordinates":[[[-70.58605,-33.43804],[-70.58628,-33.43793],[-70.58659,-33.43746],[-70.58758,-33.43687],[-70.58725,-33.43636],[-70.58547,-33.43737],[-70.58605,-33.43804]]]},"properties":{"id":"13123051002015","cut":13123,"comuna":"PROVIDENCIA","pob":105,"hom":56,"muj":49,"viv":36,"hog":32}},{"type":"Feature","geometry":{"type":"Polygon","coordinates":[[[-70.60374,-33.43755],[-70.60384,-33.43751],[-70.60417,-33.43651],[-70.60271,-33.43616],[-70.60241,-33.43722],[-70.60374,-33.43755]]]},"properties":{"id":"13123041007005","cut":13123,"comuna":"PROVIDENCIA","pob":531,"hom":205,"muj":326,"viv":283,"hog":262}},{"type":"Feature","geometry":{"type":"Polygon","coordinates":[[[-70.59485,-33.4372],[-70.59508,-33.43671],[-70.59311,-33.43633],[-70.59304,-33.43667],[-70.59485,-33.4372]]]},"properties":{"id":"13123041003034","cut":13123,"comuna":"PROVIDENCIA","pob":85,"hom":44,"muj":41,"viv":30,"hog":24}},{"type":"Feature","geometry":{"type":"Polygon","coordinates":[[[-70.59711,-33.43695],[-70.59657,-33.43686],[-70.59643,-33.4373],[-70.5971,-33.43746],[-70.59643,-33.43733],[-70.59637,-33.43752],[-70.59694,-33.43767],[-70.59636,-33.43754],[-70.59622,-33.43794],[-70.59669,-33.43807],[-70.59621,-33.43797],[-70.59609,-33.43839],[-70.59642,-33.43854],[-70.59655,-33.43831],[-70.59645,-33.43855],[-70.59726,-33.43874],[-70.59741,-33.43832],[-70.59702,-33.43823],[-70.59741,-33.43829],[-70.59781,-33.43644],[-70.59675,-33.43631],[-70.59657,-33.43684],[-70.59711,-33.43695]]]},"properties":{"id":"13123041004010","cut":13123,"comuna":"PROVIDENCIA","pob":305,"hom":126,"muj":179,"viv":120,"hog":116}},{"type":"Feature","geometry":{"type":"Polygon","coordinates":[[[-70.59741,-33.43877],[-70.59825,-33.43888],[-70.59871,-33.43657],[-70.59789,-33.43644],[-70.59741,-33.43877]]]},"properties":{"id":"13123041004009","cut":13123,"comuna":"PROVIDENCIA","pob":142,"hom":62,"muj":80,"viv":50,"hog":47}},{"type":"Feature","geometry":{"type":"Polygon","coordinates":[[[-70.60626,-33.4369],[-70.60637,-33.4366],[-70.60533,-33.43639],[-70.60527,-33.43669],[-70.60626,-33.4369]]]},"properties":{"id":"13123041007007","cut":13123,"comuna":"PROVIDENCIA","pob":56,"hom":23,"muj":33,"viv":18,"hog":17}},{"type":"Feature","geometry":{"type":"Polygon","coordinates":[[[-70.58819,-33.43771],[-70.58872,-33.43834],[-70.58927,-33.43807],[-70.58903,-33.43774],[-70.58929,-33.43806],[-70.59005,-33.43769],[-70.59044,-33.43734],[-70.58956,-33.43667],[-70.58913,-33.43721],[-70.58819,-33.43771]]]},"properties":{"id":"13123051002018","cut":13123,"comuna":"PROVIDENCIA","pob":223,"hom":99,"muj":124,"viv":73,"hog":75}},{"type":"Feature","geometry":{"type":"Polygon","coordinates":[[[-70.62614,-33.43774],[-70.6265,-33.43638],[-70.6258,-33.43621],[-70.62539,-33.43758],[-70.62614,-33.43774]]]},"properties":{"id":"13123011001013","cut":13123,"comuna":"PROVIDENCIA","pob":59,"hom":31,"muj":28,"viv":31,"hog":25}},{"type":"Feature","geometry":{"type":"Polygon","coordinates":[[[-70.61815,-33.43716],[-70.61884,-33.43725],[-70.61902,-33.43643],[-70.61829,-33.43632],[-70.61815,-33.43716]]]},"properties":{"id":"13123011004009","cut":13123,"comuna":"PROVIDENCIA","pob":118,"hom":59,"muj":59,"viv":42,"hog":54}},{"type":"Feature","geometry":{"type":"Polygon","coordinates":[[[-70.60043,-33.43807],[-70.60076,-33.43702],[-70.59884,-33.43659],[-70.59864,-33.43774],[-70.60043,-33.43807]]]},"properties":{"id":"13123041004007","cut":13123,"comuna":"PROVIDENCIA","pob":241,"hom":114,"muj":127,"viv":113,"hog":103}},{"type":"Feature","geometry":{"type":"Polygon","coordinates":[[[-70.62879,-33.43756],[-70.62925,-33.43761],[-70.62951,-33.43624],[-70.62893,-33.43662],[-70.62879,-33.43756]]]},"properties":{"id":"13123061004005","cut":13123,"comuna":"PROVIDENCIA","pob":268,"hom":118,"muj":150,"viv":133,"hog":127}},{"type":"Feature","geometry":{"type":"Polygon","coordinates":[[[-70.60431,-33.43664],[-70.60396,-33.4376],[-70.60596,-33.43803],[-70.60627,-33.43697],[-70.60431,-33.43664]]]},"properties":{"id":"13123041007006","cut":13123,"comuna":"PROVIDENCIA","pob":333,"hom":169,"muj":164,"viv":205,"hog":160}},{"type":"Feature","geometry":{"type":"Polygon","coordinates":[[[-70.59499,-33.43722],[-70.59624,-33.43759],[-70.59642,-33.43701],[-70.59521,-33.43675],[-70.59499,-33.43722]]]},"properties":{"id":"13123041003044","cut":13123,"comuna":"PROVIDENCIA","pob":63,"hom":27,"muj":36,"viv":17,"hog":15}},{"type":"Feature","geometry":{"type":"Polygon","coordinates":[[[-70.59157,-33.438],[-70.59224,-33.4374],[-70.59098,-33.4368],[-70.59061,-33.43726],[-70.59157,-33.438]]]},"properties":{"id":"13123041003030","cut":13123,"comuna":"PROVIDENCIA","pob":121,"hom":60,"muj":61,"viv":60,"hog":52}},{"type":"Feature","geometry":{"type":"Polygon","coordinates":[[[-70.63113,-33.43631],[-70.63103,-33.43638],[-70.6306,-33.43836],[-70.63218,-33.43875],[-70.63307,-33.43703],[-70.63113,-33.43631]]]},"properties":{"id":"13123061001003","cut":13123,"comuna":"PROVIDENCIA","pob":433,"hom":186,"muj":247,"viv":210,"hog":190}},{"type":"Feature","geometry":{"type":"Polygon","coordinates":[[[-70.62694,-33.43762],[-70.62726,-33.43653],[-70.6266,-33.43637],[-70.62632,-33.43748],[-70.62694,-33.43762]]]},"properties":{"id":"13123011001014","cut":13123,"comuna":"PROVIDENCIA","pob":134,"hom":43,"muj":91,"viv":48,"hog":43}},{"type":"Feature","geometry":{"type":"Polygon","coordinates":[[[-70.59314,-33.43723],[-70.59453,-33.43778],[-70.59481,-33.43728],[-70.59335,-33.43686],[-70.59314,-33.43723]]]},"properties":{"id":"13123041003036","cut":13123,"comuna":"PROVIDENCIA","pob":113,"hom":51,"muj":62,"viv":41,"hog":39}},{"type":"Feature","geometry":{"type":"Polygon","coordinates":[[[-70.61708,-33.43693],[-70.61804,-33.43713],[-70.61813,-33.4367],[-70.61718,-33.43655],[-70.61708,-33.43693]]]},"properties":{"id":"13123011004008","cut":13123,"comuna":"PROVIDENCIA","pob":34,"hom":12,"muj":22,"viv":13,"hog":12}},{"type":"Feature","geometry":{"type":"Polygon","coordinates":[[[-70.5872,-33.43762],[-70.58693,-33.43732],[-70.58663,-33.4375],[-70.58613,-33.43811],[-70.58644,-33.43848],[-70.58717,-33.4381],[-70.58688,-33.43782],[-70.58699,-33.43776],[-70.5872,-33.43808],[-70.58805,-33.43767],[-70.58763,-33.43693],[-70.58695,-33.4373],[-70.5872,-33.43762]]]},"properties":{"id":"13123051002016","cut":13123,"comuna":"PROVIDENCIA","pob":132,"hom":54,"muj":78,"viv":42,"hog":40}},{"type":"Feature","geometry":{"type":"Polygon","coordinates":[[[-70.62131,-33.43725],[-70.62134,-33.43665],[-70.62089,-33.43654],[-70.62065,-33.43662],[-70.62054,-33.43683],[-70.62063,-33.43704],[-70.62131,-33.43725]]]},"properties":{"id":"13123011004013","cut":13123,"comuna":"PROVIDENCIA","pob":25,"hom":16,"muj":9,"viv":9,"hog":8}},{"type":"Feature","geometry":{"type":"Polygon","coordinates":[[[-70.62707,-33.43792],[-70.62776,-33.43803],[-70.62804,-33.43665],[-70.62733,-33.43654],[-70.62707,-33.43792]]]},"properties":{"id":"13123011001016","cut":13123,"comuna":"PROVIDENCIA","pob":0,"hom":0,"muj":0,"viv":3,"hog":0}},{"type":"Feature","geometry":{"type":"Polygon","coordinates":[[[-70.62149,-33.43728],[-70.62205,-33.4374],[-70.62219,-33.43699],[-70.62158,-33.43667],[-70.62143,-33.43683],[-70.62149,-33.43728]]]},"properties":{"id":"13123011004012","cut":13123,"comuna":"PROVIDENCIA","pob":15,"hom":8,"muj":7,"viv":7,"hog":6}},{"type":"Feature","geometry":{"type":"Polygon","coordinates":[[[-70.62016,-33.43675],[-70.61989,-33.43789],[-70.62056,-33.43803],[-70.62075,-33.43767],[-70.6219,-33.43788],[-70.62202,-33.43747],[-70.62067,-33.43714],[-70.62045,-33.43678],[-70.62016,-33.43675]]]},"properties":{"id":"13123011004014","cut":13123,"comuna":"PROVIDENCIA","pob":163,"hom":68,"muj":95,"viv":69,"hog":62}},{"type":"Feature","geometry":{"type":"Polygon","coordinates":[[[-70.62933,-33.43762],[-70.62987,-33.43772],[-70.63007,-33.43674],[-70.62954,-33.43668],[-70.62933,-33.43762]]]},"properties":{"id":"13123061004006","cut":13123,"comuna":"PROVIDENCIA","pob":245,"hom":111,"muj":134,"viv":109,"hog":101}},{"type":"Feature","geometry":{"type":"Polygon","coordinates":[[[-70.60202,-33.43837],[-70.60223,-33.43736],[-70.60094,-33.4371],[-70.60065,-33.43811],[-70.60202,-33.43837]]]},"properties":{"id":"13123041011005","cut":13123,"comuna":"PROVIDENCIA","pob":118,"hom":54,"muj":64,"viv":62,"hog":54}},{"type":"Feature","geometry":{"type":"Polygon","coordinates":[[[-70.61666,-33.43832],[-70.617,-33.43707],[-70.61622,-33.43691],[-70.6159,-33.4382],[-70.61666,-33.43832]]]},"properties":{"id":"13123011004021","cut":13123,"comuna":"PROVIDENCIA","pob":180,"hom":84,"muj":96,"viv":88,"hog":77}},{"type":"Feature","geometry":{"type":"Polygon","coordinates":[[[-70.63051,-33.43784],[-70.63078,-33.43687],[-70.63019,-33.43676],[-70.62996,-33.43774],[-70.63051,-33.43784]]]},"properties":{"id":"13123061004007","cut":13123,"comuna":"PROVIDENCIA","pob":200,"hom":90,"muj":110,"viv":89,"hog":85}},{"type":"Feature","geometry":{"type":"Polygon","coordinates":[[[-70.59414,-33.43829],[-70.59447,-33.43783],[-70.59306,-33.43733],[-70.59286,-33.43763],[-70.59414,-33.43829]]]},"properties":{"id":"13123041003037","cut":13123,"comuna":"PROVIDENCIA","pob":73,"hom":38,"muj":35,"viv":21,"hog":21}},{"type":"Feature","geometry":{"type":"Polygon","coordinates":[[[-70.59594,-33.43835],[-70.59621,-33.43769],[-70.59493,-33.43734],[-70.59466,-33.43784],[-70.59594,-33.43835]]]},"properties":{"id":"13123041003043","cut":13123,"comuna":"PROVIDENCIA","pob":69,"hom":31,"muj":38,"viv":25,"hog":22}},{"type":"Feature","geometry":{"type":"Polygon","coordinates":[[[-70.61241,-33.4387],[-70.61283,-33.43767],[-70.61165,-33.43712],[-70.61121,-33.43841],[-70.61241,-33.4387]]]},"properties":{"id":"13123021003005","cut":13123,"comuna":"PROVIDENCIA","pob":336,"hom":169,"muj":167,"viv":119,"hog":95}},{"type":"Feature","geometry":{"type":"Polygon","coordinates":[[[-70.61713,-33.43706],[-70.61677,-33.43829],[-70.61722,-33.43842],[-70.61753,-33.43714],[-70.61713,-33.43706]]]},"properties":{"id":"13123011004020","cut":13123,"comuna":"PROVIDENCIA","pob":80,"hom":39,"muj":41,"viv":32,"hog":30}},{"type":"Feature","geometry":{"type":"Polygon","coordinates":[[[-70.59033,-33.43808],[-70.59002,-33.43777],[-70.58967,-33.43795],[-70.58989,-33.43831],[-70.58964,-33.43796],[-70.58887,-33.43835],[-70.58947,-33.43926],[-70.59091,-33.43857],[-70.59144,-33.43812],[-70.59053,-33.43741],[-70.59005,-33.43776],[-70.59033,-33.43808]]]},"properties":{"id":"13123051002022","cut":13123,"comuna":"PROVIDENCIA","pob":388,"hom":187,"muj":201,"viv":177,"hog":164}},{"type":"Feature","geometry":{"type":"Polygon","coordinates":[[[-70.61751,-33.43763],[-70.6187,-33.43784],[-70.61882,-33.43732],[-70.6176,-33.43714],[-70.61751,-33.43763]]]},"properties":{"id":"13123011004018","cut":13123,"comuna":"PROVIDENCIA","pob":35,"hom":17,"muj":18,"viv":13,"hog":10}},{"type":"Feature","geometry":{"type":"Polygon","coordinates":[[[-70.61573,-33.43817],[-70.6159,-33.43754],[-70.61441,-33.43723],[-70.61425,-33.43786],[-70.61573,-33.43817]]]},"properties":{"id":"13123021003002","cut":13123,"comuna":"PROVIDENCIA","pob":42,"hom":17,"muj":25,"viv":19,"hog":20}},{"type":"Feature","geometry":{"type":"Polygon","coordinates":[[[-70.59372,-33.43876],[-70.59409,-33.43835],[-70.59239,-33.43753],[-70.59214,-33.43782],[-70.59372,-33.43876]]]},"properties":{"id":"13123041003038","cut":13123,"comuna":"PROVIDENCIA","pob":94,"hom":45,"muj":49,"viv":22,"hog":23}},{"type":"Feature","geometry":{"type":"Polygon","coordinates":[[[-70.60199,-33.43947],[-70.60303,-33.43964],[-70.60378,-33.43774],[-70.60239,-33.43741],[-70.60199,-33.43947]]]},"properties":{"id":"13123041011004","cut":13123,"comuna":"PROVIDENCIA","pob":783,"hom":345,"muj":438,"viv":368,"hog":325}},{"type":"Feature","geometry":{"type":"Polygon","coordinates":[[[-70.60753,-33.43832],[-70.60959,-33.4384],[-70.60974,-33.43784],[-70.60781,-33.43737],[-70.60753,-33.43832]]]},"properties":{"id":"13123021003007","cut":13123,"comuna":"PROVIDENCIA","pob":288,"hom":125,"muj":163,"viv":137,"hog":122}},{"type":"Feature","geometry":{"type":"Polygon","coordinates":[[[-70.58669,-33.43842],[-70.58653,-33.43858],[-70.58703,-33.43914],[-70.58763,-33.43887],[-70.58729,-33.43845],[-70.58766,-33.43886],[-70.58858,-33.43836],[-70.58809,-33.43774],[-70.58669,-33.43842]]]},"properties":{"id":"13123051002019","cut":13123,"comuna":"PROVIDENCIA","pob":155,"hom":77,"muj":78,"viv":56,"hog":52}},{"type":"Feature","geometry":{"type":"Polygon","coordinates":[[[-70.63382,-33.43732],[-70.63334,-33.43824],[-70.63476,-33.43861],[-70.635,-33.43736],[-70.6349,-33.4373],[-70.63382,-33.43732]]]},"properties":{"id":"13123061001005","cut":13123,"comuna":"PROVIDENCIA","pob":371,"hom":175,"muj":196,"viv":198,"hog":185}},{"type":"Feature","geometry":{"type":"Polygon","coordinates":[[[-70.59321,-33.43925],[-70.59368,-33.43884],[-70.59201,-33.43788],[-70.59178,-33.43816],[-70.59321,-33.43925]]]},"properties":{"id":"13123041003039","cut":13123,"comuna":"PROVIDENCIA","pob":124,"hom":61,"muj":63,"viv":40,"hog":40}},{"type":"Feature","geometry":{"type":"Polygon","coordinates":[[[-70.59931,-33.43845],[-70.59846,-33.43838],[-70.59836,-33.4389],[-70.60017,-33.4392],[-70.60046,-33.43814],[-70.59861,-33.43782],[-70.59847,-33.43835],[-70.59931,-33.43845]]]},"properties":{"id":"13123041004008","cut":13123,"comuna":"PROVIDENCIA","pob":659,"hom":287,"muj":372,"viv":344,"hog":300}},{"type":"Feature","geometry":{"type":"Polygon","coordinates":[[[-70.6039,-33.43775],[-70.60314,-33.43967],[-70.60405,-33.43984],[-70.60443,-33.43889],[-70.60397,-33.43876],[-70.60444,-33.43886],[-70.60477,-33.43795],[-70.6039,-33.43775]]]},"properties":{"id":"13123041011003","cut":13123,"comuna":"PROVIDENCIA","pob":237,"hom":107,"muj":130,"viv":108,"hog":100}},{"type":"Feature","geometry":{"type":"Polygon","coordinates":[[[-70.59565,-33.43905],[-70.59597,-33.43843],[-70.59459,-33.43789],[-70.5943,-33.43837],[-70.59565,-33.43905]]]},"properties":{"id":"13123041003042","cut":13123,"comuna":"PROVIDENCIA","pob":74,"hom":33,"muj":41,"viv":23,"hog":21}},{"type":"Feature","geometry":{"type":"Polygon","coordinates":[[[-70.61366,-33.43896],[-70.61404,-33.43798],[-70.61295,-33.4377],[-70.61257,-33.43872],[-70.61366,-33.43896]]]},"properties":{"id":"13123021003004","cut":13123,"comuna":"PROVIDENCIA","pob":48,"hom":25,"muj":23,"viv":21,"hog":13}},{"type":"Feature","geometry":{"type":"Polygon","coordinates":[[[-70.62768,-33.43869],[-70.62904,-33.43899],[-70.62915,-33.43854],[-70.62853,-33.43838],[-70.62865,-33.43763],[-70.62797,-33.43754],[-70.62768,-33.43869]]]},"properties":{"id":"13123061004011","cut":13123,"comuna":"PROVIDENCIA","pob":133,"hom":63,"muj":70,"viv":75,"hog":67}},{"type":"Feature","geometry":{"type":"Polygon","coordinates":[[[-70.61847,-33.43869],[-70.61869,-33.43791],[-70.61749,-33.4377],[-70.61734,-33.43843],[-70.61847,-33.43869]]]},"properties":{"id":"13123011004019","cut":13123,"comuna":"PROVIDENCIA","pob":46,"hom":27,"muj":19,"viv":17,"hog":13}},{"type":"Feature","geometry":{"type":"Polygon","coordinates":[[[-70.6199,-33.439],[-70.62018,-33.43803],[-70.61885,-33.43774],[-70.61863,-33.43871],[-70.6199,-33.439]]]},"properties":{"id":"13123011004017","cut":13123,"comuna":"PROVIDENCIA","pob":239,"hom":110,"muj":129,"viv":118,"hog":108}},{"type":"Feature","geometry":{"type":"Polygon","coordinates":[[[-70.62173,-33.4383],[-70.62186,-33.43797],[-70.62075,-33.43775],[-70.62067,-33.43806],[-70.62173,-33.4383]]]},"properties":{"id":"13123011004015","cut":13123,"comuna":"PROVIDENCIA","pob":40,"hom":15,"muj":25,"viv":16,"hog":16}},{"type":"Feature","geometry":{"type":"Polygon","coordinates":[[[-70.62865,-33.4384],[-70.62904,-33.43844],[-70.62918,-33.43771],[-70.62875,-33.43768],[-70.62865,-33.4384]]]},"properties":{"id":"13123061004010","cut":13123,"comuna":"PROVIDENCIA","pob":174,"hom":81,"muj":93,"viv":115,"hog":91}},{"type":"Feature","geometry":{"type":"Polygon","coordinates":[[[-70.60485,-33.43799],[-70.60415,-33.43985],[-70.60696,-33.44026],[-70.60707,-33.43948],[-70.60655,-33.43922],[-70.60646,-33.43922],[-70.60624,-33.43961],[-70.60527,-33.43951],[-70.60627,-33.43954],[-70.6064,-33.43916],[-70.60538,-33.43894],[-70.60641,-33.43908],[-70.60661,-33.43832],[-70.60485,-33.43799]]]},"properties":{"id":"13123041011002","cut":13123,"comuna":"PROVIDENCIA","pob":548,"hom":242,"muj":306,"viv":266,"hog":243}},{"type":"Feature","geometry":{"type":"Polygon","coordinates":[[[-70.62918,-33.43849],[-70.62968,-33.43854],[-70.62982,-33.43782],[-70.6293,-33.43775],[-70.62918,-33.43849]]]},"properties":{"id":"13123061004009","cut":13123,"comuna":"PROVIDENCIA","pob":212,"hom":88,"muj":124,"viv":121,"hog":113}},{"type":"Feature","geometry":{"type":"Polygon","coordinates":[[[-70.61547,-33.43929],[-70.61573,-33.43828],[-70.61418,-33.43796],[-70.61385,-33.43898],[-70.61547,-33.43929]]]},"properties":{"id":"13123021003003","cut":13123,"comuna":"PROVIDENCIA","pob":90,"hom":43,"muj":47,"viv":45,"hog":35}},{"type":"Feature","geometry":{"type":"Polygon","coordinates":[[[-70.60035,-33.43921],[-70.60188,-33.43949],[-70.60206,-33.43846],[-70.60064,-33.43817],[-70.60035,-33.43921]]]},"properties":{"id":"13123041011006","cut":13123,"comuna":"PROVIDENCIA","pob":390,"hom":188,"muj":202,"viv":186,"hog":176}},{"type":"Feature","geometry":{"type":"Polygon","coordinates":[[[-70.62983,-33.43874],[-70.62973,-33.43863],[-70.62918,-33.43855],[-70.62907,-33.439],[-70.63025,-33.43921],[-70.63051,-33.43792],[-70.62992,-33.43785],[-70.62975,-33.43861],[-70.62983,-33.43874]]]},"properties":{"id":"13123061004008","cut":13123,"comuna":"PROVIDENCIA","pob":220,"hom":109,"muj":111,"viv":106,"hog":105}},{"type":"Feature","geometry":{"type":"Polygon","coordinates":[[[-70.59074,-33.43966],[-70.59157,-33.43951],[-70.59236,-33.4388],[-70.59173,-33.43836],[-70.59112,-33.43885],[-70.59068,-33.43907],[-70.59074,-33.43966]]]},"properties":{"id":"13123051001012","cut":13123,"comuna":"PROVIDENCIA","pob":74,"hom":35,"muj":39,"viv":28,"hog":26}},{"type":"Feature","geometry":{"type":"Polygon","coordinates":[[[-70.59382,-33.43973],[-70.59484,-33.43877],[-70.59424,-33.43841],[-70.59334,-33.43931],[-70.59382,-33.43973]]]},"properties":{"id":"13123041003040","cut":13123,"comuna":"PROVIDENCIA","pob":75,"hom":37,"muj":38,"viv":31,"hog":29}},{"type":"Feature","geometry":{"type":"Polygon","coordinates":[[[-70.5871,-33.43926],[-70.58773,-33.4401],[-70.5883,-33.43983],[-70.5879,-33.43931],[-70.58801,-33.43926],[-70.58838,-33.43977],[-70.58908,-33.43946],[-70.58846,-33.43855],[-70.5871,-33.43926]]]},"properties":{"id":"13123051002020","cut":13123,"comuna":"PROVIDENCIA","pob":140,"hom":66,"muj":74,"viv":53,"hog":48}},{"type":"Feature","geometry":{"type":"Polygon","coordinates":[[[-70.59801,-33.4397],[-70.5982,-33.43897],[-70.59604,-33.43851],[-70.59584,-33.43917],[-70.59669,-33.43947],[-70.59801,-33.4397]]]},"properties":{"id":"13123041004011","cut":13123,"comuna":"PROVIDENCIA","pob":111,"hom":54,"muj":57,"viv":37,"hog":36}},{"type":"Feature","geometry":{"type":"Polygon","coordinates":[[[-70.61701,-33.43885],[-70.61713,-33.4385],[-70.61588,-33.4383],[-70.61581,-33.43865],[-70.61701,-33.43885]]]},"properties":{"id":"13123011006005","cut":13123,"comuna":"PROVIDENCIA","pob":50,"hom":25,"muj":25,"viv":20,"hog":19}},{"type":"Feature","geometry":{"type":"Polygon","coordinates":[[[-70.62509,-33.43882],[-70.62743,-33.43929],[-70.62757,-33.43881],[-70.62519,-33.43831],[-70.62509,-33.43882]]]},"properties":{"id":"13123011001018","cut":13123,"comuna":"PROVIDENCIA","pob":11,"hom":0,"muj":0,"viv":6,"hog":6}},{"type":"Feature","geometry":{"type":"Polygon","coordinates":[[[-70.60955,-33.43856],[-70.60819,-33.43859],[-70.60808,-33.43928],[-70.60931,-33.43944],[-70.60937,-33.43929],[-70.60873,-33.43917],[-70.60937,-33.43926],[-70.60955,-33.43856]]]},"properties":{"id":"13123021007016","cut":13123,"comuna":"PROVIDENCIA","pob":187,"hom":89,"muj":98,"viv":72,"hog":73}},{"type":"Feature","geometry":{"type":"Polygon","coordinates":[[[-70.60962,-33.4386],[-70.60901,-33.44124],[-70.60915,-33.44159],[-70.60934,-33.44171],[-70.61083,-33.44197],[-70.61158,-33.4418],[-70.61269,-33.442],[-70.61358,-33.43922],[-70.61336,-33.43909],[-70.61081,-33.43855],[-70.60962,-33.4386]]]},"properties":{"id":"13123021004001","cut":13123,"comuna":"PROVIDENCIA","pob":3730,"hom":1658,"muj":2072,"viv":1546,"hog":1469}},{"type":"Feature","geometry":{"type":"Polygon","coordinates":[[[-70.59493,-33.43878],[-70.59395,-33.43981],[-70.59468,-33.44036],[-70.5952,-33.43985],[-70.59484,-33.43958],[-70.59488,-33.43953],[-70.59529,-33.43972],[-70.59565,-33.43913],[-70.59493,-33.43878]]]},"properties":{"id":"13123041003041","cut":13123,"comuna":"PROVIDENCIA","pob":106,"hom":46,"muj":60,"viv":38,"hog":35}},{"type":"Feature","geometry":{"type":"Polygon","coordinates":[[[-70.63461,-33.43903],[-70.63473,-33.43866],[-70.63327,-33.43832],[-70.63315,-33.43868],[-70.63461,-33.43903]]]},"properties":{"id":"13123061001006","cut":13123,"comuna":"PROVIDENCIA","pob":142,"hom":53,"muj":89,"viv":35,"hog":34}},{"type":"Feature","geometry":{"type":"Polygon","coordinates":[[[-70.61825,-33.43966],[-70.61849,-33.43879],[-70.61724,-33.43853],[-70.61701,-33.43947],[-70.61825,-33.43966]]]},"properties":{"id":"13123011006004","cut":13123,"comuna":"PROVIDENCIA","pob":39,"hom":15,"muj":24,"viv":16,"hog":13}},{"type":"Feature","geometry":{"type":"Polygon","coordinates":[[[-70.59007,-33.43936],[-70.58991,-33.43914],[-70.58936,-33.43941],[-70.58986,-33.44018],[-70.59007,-33.44093],[-70.59072,-33.4408],[-70.5907,-33.44047],[-70.59026,-33.44048],[-70.5907,-33.44044],[-70.59068,-33.44022],[-70.59041,-33.44024],[-70.59067,-33.44018],[-70.59058,-33.43909],[-70.59048,-33.4389],[-70.58994,-33.43912],[-70.59007,-33.43936]]]},"properties":{"id":"13123051001014","cut":13123,"comuna":"PROVIDENCIA","pob":159,"hom":69,"muj":90,"viv":68,"hog":59}},{"type":"Feature","geometry":{"type":"Polygon","coordinates":[[[-70.59186,-33.43938],[-70.5914,-33.43965],[-70.59159,-33.43988],[-70.59136,-33.43965],[-70.59072,-33.43973],[-70.59083,-33.44081],[-70.59164,-33.44063],[-70.59141,-33.44029],[-70.59129,-33.44031],[-70.59125,-33.44021],[-70.59153,-33.44009],[-70.59149,-33.44026],[-70.59173,-33.44057],[-70.59211,-33.44034],[-70.59222,-33.44024],[-70.59187,-33.43995],[-70.59224,-33.44022],[-70.59251,-33.43996],[-70.59225,-33.43974],[-70.59253,-33.43994],[-70.59281,-33.43968],[-70.59247,-33.43938],[-70.59283,-33.43966],[-70.5931,-33.43938],[-70.59244,-33.43887],[-70.59186,-33.43938]]]},"properties":{"id":"13123051001011","cut":13123,"comuna":"PROVIDENCIA","pob":198,"hom":96,"muj":102,"viv":60,"hog":60}},{"type":"Feature","geometry":{"type":"Polygon","coordinates":[[[-70.63123,-33.43896],[-70.63047,-33.43875],[-70.63046,-33.43891],[-70.63096,-33.43913],[-70.6317,-33.43967],[-70.63214,-33.43882],[-70.63166,-33.43862],[-70.63054,-33.43849],[-70.63048,-33.43873],[-70.63123,-33.43896]]]},"properties":{"id":"13123061001009","cut":13123,"comuna":"PROVIDENCIA","pob":373,"hom":162,"muj":211,"viv":179,"hog":173}},{"type":"Feature","geometry":{"type":"Polygon","coordinates":[[[-70.61688,-33.43946],[-70.61703,-33.43892],[-70.61578,-33.43874],[-70.61567,-33.43933],[-70.61688,-33.43946]]]},"properties":{"id":"13123011006006","cut":13123,"comuna":"PROVIDENCIA","pob":43,"hom":23,"muj":20,"viv":12,"hog":14}},{"type":"Feature","geometry":{"type":"Polygon","coordinates":[[[-70.59784,-33.44122],[-70.59956,-33.44147],[-70.60013,-33.43929],[-70.59831,-33.43901],[-70.59784,-33.44122]]]},"properties":{"id":"13123041004017","cut":13123,"comuna":"PROVIDENCIA","pob":74,"hom":24,"muj":50,"viv":74,"hog":17}},{"type":"Feature","geometry":{"type":"Polygon","coordinates":[[[-70.6184,-33.43968],[-70.61973,-33.43988],[-70.61991,-33.43911],[-70.61859,-33.43883],[-70.6184,-33.43968]]]},"properties":{"id":"13123011006003","cut":13123,"comuna":"PROVIDENCIA","pob":185,"hom":95,"muj":90,"viv":80,"hog":88}},{"type":"Feature","geometry":{"type":"Polygon","coordinates":[[[-70.62757,-33.43932],[-70.62902,-33.43959],[-70.62917,-33.4391],[-70.62768,-33.4388],[-70.62757,-33.43932]]]},"properties":{"id":"13123061004012","cut":13123,"comuna":"PROVIDENCIA","pob":52,"hom":21,"muj":31,"viv":27,"hog":14}},{"type":"Feature","geometry":{"type":"Polygon","coordinates":[[[-70.59784,-33.44038],[-70.59795,-33.44033],[-70.59801,-33.43977],[-70.59667,-33.43954],[-70.59577,-33.43923],[-70.59542,-33.43966],[-70.59601,-33.44],[-70.59784,-33.44038]]]},"properties":{"id":"13123041004012","cut":13123,"comuna":"PROVIDENCIA","pob":227,"hom":112,"muj":115,"viv":102,"hog":95}},{"type":"Feature","geometry":{"type":"Polygon","coordinates":[[[-70.63427,-33.43995],[-70.63462,-33.4391],[-70.63311,-33.43874],[-70.6329,-33.43965],[-70.63427,-33.43995]]]},"properties":{"id":"13123061001007","cut":13123,"comuna":"PROVIDENCIA","pob":332,"hom":166,"muj":166,"viv":285,"hog":210}},{"type":"Feature","geometry":{"type":"Polygon","coordinates":[[[-70.62716,-33.44029],[-70.62741,-33.43936],[-70.625,-33.43889],[-70.62477,-33.43976],[-70.62716,-33.44029]]]},"properties":{"id":"13123011001019","cut":13123,"comuna":"PROVIDENCIA","pob":180,"hom":84,"muj":96,"viv":110,"hog":79}},{"type":"Feature","geometry":{"type":"Polygon","coordinates":[[[-70.58872,-33.44015],[-70.58864,-33.44019],[-70.58841,-33.43987],[-70.58777,-33.44018],[-70.58821,-33.4409],[-70.5892,-33.44052],[-70.58984,-33.4404],[-70.58977,-33.44014],[-70.58928,-33.43946],[-70.58851,-33.43981],[-70.58872,-33.44015]]]},"properties":{"id":"13123051001015","cut":13123,"comuna":"PROVIDENCIA","pob":92,"hom":44,"muj":48,"viv":35,"hog":32}},{"type":"Feature","geometry":{"type":"Polygon","coordinates":[[[-70.60036,-33.43932],[-70.60008,-33.44027],[-70.60087,-33.4404],[-70.60086,-33.43988],[-70.60131,-33.43993],[-70.60122,-33.44045],[-70.60173,-33.44051],[-70.60187,-33.43957],[-70.60036,-33.43932]]]},"properties":{"id":"13123041012500","cut":13123,"comuna":"PROVIDENCIA","pob":191,"hom":87,"muj":104,"viv":82,"hog":73}},{"type":"Feature","geometry":{"type":"Polygon","coordinates":[[[-70.61378,-33.43915],[-70.61349,-33.44021],[-70.61523,-33.4405],[-70.61543,-33.43948],[-70.61439,-33.43926],[-70.61428,-33.43967],[-70.61436,-33.43926],[-70.61378,-33.43915]]]},"properties":{"id":"13123021007001","cut":13123,"comuna":"PROVIDENCIA","pob":205,"hom":103,"muj":102,"viv":92,"hog":81}},{"type":"Feature","geometry":{"type":"Polygon","coordinates":[[[-70.5932,-33.43992],[-70.59289,-33.43973],[-70.59238,-33.4402],[-70.59261,-33.44037],[-70.5929,-33.44039],[-70.593,-33.44028],[-70.59297,-33.44046],[-70.59257,-33.44041],[-70.59232,-33.44029],[-70.59181,-33.44065],[-70.59204,-33.44101],[-70.59332,-33.44107],[-70.59344,-33.44027],[-70.59373,-33.43985],[-70.59321,-33.43946],[-70.59291,-33.43971],[-70.5932,-33.43992]]]},"properties":{"id":"13123051001010","cut":13123,"comuna":"PROVIDENCIA","pob":171,"hom":80,"muj":91,"viv":51,"hog":54}},{"type":"Feature","geometry":{"type":"Polygon","coordinates":[[[-70.63132,-33.43956],[-70.63092,-33.43917],[-70.63042,-33.439],[-70.63039,-33.43923],[-70.63132,-33.43956]]]},"properties":{"id":"13123061001010","cut":13123,"comuna":"PROVIDENCIA","pob":137,"hom":65,"muj":72,"viv":60,"hog":55}},{"type":"Feature","geometry":{"type":"Polygon","coordinates":[[[-70.61998,-33.43915],[-70.61987,-33.43992],[-70.62136,-33.4394],[-70.62143,-33.43926],[-70.62067,-33.43928],[-70.61998,-33.43915]]]},"properties":{"id":"13123011006001","cut":13123,"comuna":"PROVIDENCIA","pob":190,"hom":97,"muj":93,"viv":90,"hog":79}},{"type":"Feature","geometry":{"type":"Polygon","coordinates":[[[-70.6093,-33.43952],[-70.60802,-33.43937],[-70.60799,-33.43963],[-70.60782,-33.43952],[-70.60726,-33.43948],[-70.60714,-33.44031],[-70.60908,-33.44055],[-70.6093,-33.43952]]]},"properties":{"id":"13123021007015","cut":13123,"comuna":"PROVIDENCIA","pob":49,"hom":20,"muj":29,"viv":21,"hog":16}},{"type":"Feature","geometry":{"type":"Polygon","coordinates":[[[-70.63006,-33.4398],[-70.63022,-33.43929],[-70.62926,-33.43913],[-70.62913,-33.43961],[-70.63006,-33.4398]]]},"properties":{"id":"13123061004013","cut":13123,"comuna":"PROVIDENCIA","pob":26,"hom":0,"muj":0,"viv":6,"hog":9}},{"type":"Feature","geometry":{"type":"Polygon","coordinates":[[[-70.62199,-33.43954],[-70.62149,-33.43945],[-70.62125,-33.4402],[-70.62261,-33.44052],[-70.62277,-33.44001],[-70.62213,-33.43982],[-70.62279,-33.43995],[-70.62294,-33.43948],[-70.62208,-33.4393],[-70.62199,-33.43954]]]},"properties":{"id":"13123011002003","cut":13123,"comuna":"PROVIDENCIA","pob":255,"hom":120,"muj":135,"viv":144,"hog":126}},{"type":"Feature","geometry":{"type":"Polygon","coordinates":[[[-70.60203,-33.43959],[-70.60159,-33.44191],[-70.60303,-33.44189],[-70.60306,-33.44125],[-70.6025,-33.44123],[-70.60306,-33.44122],[-70.60302,-33.43978],[-70.60203,-33.43959]]]},"properties":{"id":"13123041012001","cut":13123,"comuna":"PROVIDENCIA","pob":500,"hom":215,"muj":285,"viv":220,"hog":204}},{"type":"Feature","geometry":{"type":"Polygon","coordinates":[[[-70.63099,-33.44009],[-70.6302,-33.44],[-70.6301,-33.4404],[-70.63142,-33.44064],[-70.63165,-33.43978],[-70.63035,-33.4393],[-70.6302,-33.43997],[-70.63099,-33.44009]]]},"properties":{"id":"13123061001011","cut":13123,"comuna":"PROVIDENCIA","pob":370,"hom":181,"muj":189,"viv":217,"hog":186}},{"type":"Feature","geometry":{"type":"Polygon","coordinates":[[[-70.6166,-33.44075],[-70.61684,-33.43964],[-70.61562,-33.43951],[-70.61538,-33.4406],[-70.6166,-33.44075]]]},"properties":{"id":"13123011006007","cut":13123,"comuna":"PROVIDENCIA","pob":122,"hom":45,"muj":77,"viv":47,"hog":42}},{"type":"Feature","geometry":{"type":"Polygon","coordinates":[[[-70.5954,-33.44088],[-70.5959,-33.44005],[-70.5954,-33.43979],[-70.59476,-33.44043],[-70.5954,-33.44088]]]},"properties":{"id":"13123041004013","cut":13123,"comuna":"PROVIDENCIA","pob":44,"hom":21,"muj":23,"viv":15,"hog":13}},{"type":"Feature","geometry":{"type":"Polygon","coordinates":[[[-70.62877,-33.4406],[-70.62901,-33.43967],[-70.62753,-33.43939],[-70.62731,-33.4403],[-70.62877,-33.4406]]]},"properties":{"id":"13123061004016","cut":13123,"comuna":"PROVIDENCIA","pob":258,"hom":118,"muj":140,"viv":149,"hog":129}},{"type":"Feature","geometry":{"type":"Polygon","coordinates":[[[-70.62108,-33.44019],[-70.62133,-33.43951],[-70.62002,-33.43995],[-70.6204,-33.44007],[-70.62108,-33.44019]]]},"properties":{"id":"13123011006002","cut":13123,"comuna":"PROVIDENCIA","pob":116,"hom":57,"muj":59,"viv":51,"hog":52}},{"type":"Feature","geometry":{"type":"Polygon","coordinates":[[[-70.62444,-33.44026],[-70.62456,-33.43982],[-70.62301,-33.43951],[-70.62293,-33.43992],[-70.62444,-33.44026]]]},"properties":{"id":"13123011002001","cut":13123,"comuna":"PROVIDENCIA","pob":22,"hom":8,"muj":14,"viv":10,"hog":12}},{"type":"Feature","geometry":{"type":"Polygon","coordinates":[[[-70.60312,-33.43978],[-70.60319,-33.4419],[-70.60432,-33.44205],[-70.60457,-33.44124],[-70.60391,-33.4411],[-70.60458,-33.44116],[-70.6048,-33.44005],[-70.60415,-33.43993],[-70.60397,-33.44067],[-70.60412,-33.43993],[-70.60312,-33.43978]]]},"properties":{"id":"13123041005002","cut":13123,"comuna":"PROVIDENCIA","pob":924,"hom":388,"muj":536,"viv":478,"hog":429}},{"type":"Feature","geometry":{"type":"Polygon","coordinates":[[[-70.59351,-33.44028],[-70.5934,-33.44108],[-70.59408,-33.44117],[-70.5942,-33.44058],[-70.59394,-33.44053],[-70.59388,-33.44075],[-70.59396,-33.44032],[-70.59396,-33.4405],[-70.59421,-33.44056],[-70.59434,-33.4403],[-70.59382,-33.43991],[-70.59351,-33.44028]]]},"properties":{"id":"13123051001007","cut":13123,"comuna":"PROVIDENCIA","pob":100,"hom":45,"muj":55,"viv":25,"hog":25}},{"type":"Feature","geometry":{"type":"Polygon","coordinates":[[[-70.61695,-33.43969],[-70.61675,-33.44075],[-70.61724,-33.44062],[-70.61805,-33.44077],[-70.61823,-33.43988],[-70.61695,-33.43969]]]},"properties":{"id":"13123011006008","cut":13123,"comuna":"PROVIDENCIA","pob":96,"hom":48,"muj":48,"viv":56,"hog":52}},{"type":"Feature","geometry":{"type":"Polygon","coordinates":[[[-70.59553,-33.4409],[-70.59636,-33.44105],[-70.59651,-33.44022],[-70.59597,-33.44009],[-70.59553,-33.4409]]]},"properties":{"id":"13123041004014","cut":13123,"comuna":"PROVIDENCIA","pob":60,"hom":29,"muj":31,"viv":19,"hog":18}},{"type":"Feature","geometry":{"type":"Polygon","coordinates":[[[-70.62911,-33.43969],[-70.62892,-33.44063],[-70.6292,-33.44069],[-70.6293,-33.4404],[-70.62924,-33.44069],[-70.62986,-33.44079],[-70.63009,-33.4399],[-70.62911,-33.43969]]]},"properties":{"id":"13123061004015","cut":13123,"comuna":"PROVIDENCIA","pob":92,"hom":40,"muj":52,"viv":38,"hog":30}},{"type":"Feature","geometry":{"type":"Polygon","coordinates":[[[-70.61944,-33.44102],[-70.61968,-33.44007],[-70.61836,-33.43987],[-70.61815,-33.44079],[-70.61944,-33.44102]]]},"properties":{"id":"13123011006009","cut":13123,"comuna":"PROVIDENCIA","pob":330,"hom":171,"muj":159,"viv":141,"hog":141}},{"type":"Feature","geometry":{"type":"Polygon","coordinates":[[[-70.60488,-33.44006],[-70.60463,-33.4413],[-70.60447,-33.44162],[-70.60534,-33.4417],[-70.60555,-33.44054],[-70.60542,-33.44172],[-70.60666,-33.44186],[-70.60681,-33.44096],[-70.6061,-33.4409],[-70.60612,-33.44076],[-70.60682,-33.44088],[-70.60693,-33.44033],[-70.60488,-33.44006]]]},"properties":{"id":"13123041005001","cut":13123,"comuna":"PROVIDENCIA","pob":637,"hom":295,"muj":342,"viv":289,"hog":263}},{"type":"Feature","geometry":{"type":"Polygon","coordinates":[[[-70.63334,-33.44012],[-70.63282,-33.44006],[-70.63274,-33.44036],[-70.63413,-33.44061],[-70.63428,-33.44002],[-70.63287,-33.43974],[-70.63282,-33.44001],[-70.63334,-33.44012]]]},"properties":{"id":"13123061001012","cut":13123,"comuna":"PROVIDENCIA","pob":178,"hom":82,"muj":96,"viv":91,"hog":85}},{"type":"Feature","geometry":{"type":"Polygon","coordinates":[[[-70.62566,-33.44046],[-70.6258,-33.44009],[-70.6247,-33.43987],[-70.62462,-33.44024],[-70.62566,-33.44046]]]},"properties":{"id":"13123011005003","cut":13123,"comuna":"PROVIDENCIA","pob":16,"hom":9,"muj":7,"viv":11,"hog":11}},{"type":"Feature","geometry":{"type":"Polygon","coordinates":[[[-70.59647,-33.44108],[-70.59705,-33.44112],[-70.59718,-33.44035],[-70.59662,-33.44027],[-70.59647,-33.44108]]]},"properties":{"id":"13123041004015","cut":13123,"comuna":"PROVIDENCIA","pob":42,"hom":22,"muj":20,"viv":13,"hog":10}},{"type":"Feature","geometry":{"type":"Polygon","coordinates":[[[-70.62289,-33.43997],[-70.62273,-33.44057],[-70.62424,-33.4409],[-70.62435,-33.44064],[-70.62374,-33.44046],[-70.62438,-33.44059],[-70.62445,-33.44033],[-70.62289,-33.43997]]]},"properties":{"id":"13123011002004","cut":13123,"comuna":"PROVIDENCIA","pob":118,"hom":55,"muj":63,"viv":46,"hog":54}},{"type":"Feature","geometry":{"type":"Polygon","coordinates":[[[-70.62068,-33.44126],[-70.62107,-33.44032],[-70.6198,-33.44003],[-70.61957,-33.44104],[-70.62068,-33.44126]]]},"properties":{"id":"13123011006010","cut":13123,"comuna":"PROVIDENCIA","pob":48,"hom":24,"muj":24,"viv":25,"hog":24}},{"type":"Feature","geometry":{"type":"Polygon","coordinates":[[[-70.59397,-33.4426],[-70.59476,-33.44267],[-70.59505,-33.44085],[-70.59444,-33.44039],[-70.59424,-33.44075],[-70.59397,-33.4426]]]},"properties":{"id":"13123051001006","cut":13123,"comuna":"PROVIDENCIA","pob":265,"hom":116,"muj":149,"viv":111,"hog":103}},{"type":"Feature","geometry":{"type":"Polygon","coordinates":[[[-70.60005,-33.44033],[-70.59973,-33.44152],[-70.60015,-33.4417],[-70.60076,-33.4413],[-70.60158,-33.44126],[-70.6017,-33.44061],[-70.60005,-33.44033]]]},"properties":{"id":"13123041012003","cut":13123,"comuna":"PROVIDENCIA","pob":277,"hom":115,"muj":162,"viv":120,"hog":107}},{"type":"Feature","geometry":{"type":"Polygon","coordinates":[[[-70.59716,-33.44117],[-70.59775,-33.44124],[-70.59789,-33.44046],[-70.59728,-33.44038],[-70.59716,-33.44117]]]},"properties":{"id":"13123041004016","cut":13123,"comuna":"PROVIDENCIA","pob":68,"hom":28,"muj":40,"viv":30,"hog":29}},{"type":"Feature","geometry":{"type":"Polygon","coordinates":[[[-70.58863,-33.44154],[-70.58995,-33.44097],[-70.58983,-33.44049],[-70.58929,-33.44055],[-70.5883,-33.44097],[-70.58863,-33.44154]]]},"properties":{"id":"13123051001016","cut":13123,"comuna":"PROVIDENCIA","pob":71,"hom":35,"muj":36,"viv":26,"hog":26}},{"type":"Feature","geometry":{"type":"Polygon","coordinates":[[[-70.62573,-33.44052],[-70.6246,-33.4403],[-70.62446,-33.44071],[-70.62524,-33.44086],[-70.62445,-33.44075],[-70.62441,-33.44093],[-70.62532,-33.44152],[-70.62638,-33.44176],[-70.6268,-33.44031],[-70.62591,-33.44012],[-70.62573,-33.44052]]]},"properties":{"id":"13123011005002","cut":13123,"comuna":"PROVIDENCIA","pob":111,"hom":57,"muj":54,"viv":54,"hog":55}},{"type":"Feature","geometry":{"type":"Polygon","coordinates":[[[-70.61347,-33.44028],[-70.61313,-33.44126],[-70.61501,-33.44155],[-70.61521,-33.44059],[-70.61411,-33.44039],[-70.61394,-33.44097],[-70.61408,-33.44039],[-70.61347,-33.44028]]]},"properties":{"id":"13123021007002","cut":13123,"comuna":"PROVIDENCIA","pob":255,"hom":117,"muj":138,"viv":127,"hog":110}},{"type":"Feature","geometry":{"type":"Polygon","coordinates":[[[-70.6089,-33.44099],[-70.60889,-33.44107],[-70.60702,-33.44081],[-70.60693,-33.4414],[-70.60883,-33.44167],[-70.60907,-33.44068],[-70.60714,-33.4404],[-70.60705,-33.44076],[-70.6089,-33.44099]]]},"properties":{"id":"13123021007014","cut":13123,"comuna":"PROVIDENCIA","pob":219,"hom":101,"muj":118,"viv":105,"hog":96}},{"type":"Feature","geometry":{"type":"Polygon","coordinates":[[[-70.62117,-33.44032],[-70.62078,-33.44155],[-70.6222,-33.44186],[-70.62237,-33.44135],[-70.62169,-33.44117],[-70.62197,-33.44121],[-70.62203,-33.4411],[-70.622,-33.44122],[-70.62238,-33.44132],[-70.62257,-33.44064],[-70.62117,-33.44032]]]},"properties":{"id":"13123011002006","cut":13123,"comuna":"PROVIDENCIA","pob":483,"hom":205,"muj":278,"viv":257,"hog":235}},{"type":"Feature","geometry":{"type":"Polygon","coordinates":[[[-70.59081,-33.44095],[-70.59084,-33.44124],[-70.59129,-33.44122],[-70.5913,-33.44129],[-70.59085,-33.44134],[-70.59095,-33.44269],[-70.5917,-33.44268],[-70.59164,-33.44137],[-70.59198,-33.44104],[-70.59171,-33.44072],[-70.59081,-33.44095]]]},"properties":{"id":"13123051001019","cut":13123,"comuna":"PROVIDENCIA","pob":126,"hom":66,"muj":60,"viv":39,"hog":39}},{"type":"Feature","geometry":{"type":"Polygon","coordinates":[[[-70.62648,-33.44177],[-70.62728,-33.4419],[-70.62771,-33.4405],[-70.62693,-33.44033],[-70.62648,-33.44177]]]},"properties":{"id":"13123011005001","cut":13123,"comuna":"PROVIDENCIA","pob":320,"hom":153,"muj":167,"viv":156,"hog":148}},{"type":"Feature","geometry":{"type":"Polygon","coordinates":[[[-70.58957,-33.44129],[-70.59002,-33.44202],[-70.5901,-33.44275],[-70.59085,-33.44272],[-70.59081,-33.44197],[-70.59036,-33.44191],[-70.59079,-33.44188],[-70.59077,-33.44136],[-70.59032,-33.4414],[-70.59025,-33.44154],[-70.59017,-33.44141],[-70.59075,-33.44127],[-70.59073,-33.44091],[-70.59005,-33.44103],[-70.58957,-33.44129]]]},"properties":{"id":"13123051001018","cut":13123,"comuna":"PROVIDENCIA","pob":206,"hom":101,"muj":105,"viv":82,"hog":77}},{"type":"Feature","geometry":{"type":"Polygon","coordinates":[[[-70.59483,-33.44271],[-70.59561,-33.44277],[-70.59585,-33.44113],[-70.59515,-33.4409],[-70.59483,-33.44271]]]},"properties":{"id":"13123051001005","cut":13123,"comuna":"PROVIDENCIA","pob":203,"hom":85,"muj":118,"viv":104,"hog":98}},{"type":"Feature","geometry":{"type":"Polygon","coordinates":[[[-70.63251,-33.44133],[-70.63277,-33.44144],[-70.63303,-33.44047],[-70.63271,-33.44043],[-70.63251,-33.44133]]]},"properties":{"id":"13123061001014","cut":13123,"comuna":"PROVIDENCIA","pob":107,"hom":54,"muj":53,"viv":57,"hog":54}},{"type":"Feature","geometry":{"type":"Polygon","coordinates":[[[-70.63127,-33.4411],[-70.63139,-33.44069],[-70.63007,-33.44047],[-70.63003,-33.44085],[-70.63127,-33.4411]]]},"properties":{"id":"13123061004014","cut":13123,"comuna":"PROVIDENCIA","pob":92,"hom":44,"muj":48,"viv":66,"hog":49}},{"type":"Feature","geometry":{"type":"Polygon","coordinates":[[[-70.62839,-33.44221],[-70.62878,-33.4407],[-70.62781,-33.4405],[-70.62735,-33.44196],[-70.62839,-33.44221]]]},"properties":{"id":"13123061002006","cut":13123,"comuna":"PROVIDENCIA","pob":119,"hom":67,"muj":52,"viv":71,"hog":58}},{"type":"Feature","geometry":{"type":"Polygon","coordinates":[[[-70.61513,-33.44156],[-70.61646,-33.44176],[-70.6166,-33.44086],[-70.61533,-33.44069],[-70.61513,-33.44156]]]},"properties":{"id":"13123011006014","cut":13123,"comuna":"PROVIDENCIA","pob":115,"hom":59,"muj":56,"viv":56,"hog":53}},{"type":"Feature","geometry":{"type":"Polygon","coordinates":[[[-70.61667,-33.4409],[-70.61649,-33.44176],[-70.61779,-33.44191],[-70.61802,-33.44085],[-70.61716,-33.44069],[-70.61667,-33.4409]]]},"properties":{"id":"13123011006013","cut":13123,"comuna":"PROVIDENCIA","pob":94,"hom":35,"muj":59,"viv":31,"hog":28}},{"type":"Feature","geometry":{"type":"Polygon","coordinates":[[[-70.6331,-33.44049],[-70.63283,-33.44146],[-70.63376,-33.44173],[-70.63388,-33.4414],[-70.63326,-33.44127],[-70.63301,-33.44131],[-70.63321,-33.4412],[-70.63331,-33.44088],[-70.63331,-33.4412],[-70.63391,-33.44132],[-70.63408,-33.44071],[-70.6331,-33.44049]]]},"properties":{"id":"13123061001013","cut":13123,"comuna":"PROVIDENCIA","pob":272,"hom":137,"muj":135,"viv":121,"hog":97}},{"type":"Feature","geometry":{"type":"Polygon","coordinates":[[[-70.59339,-33.44278],[-70.59388,-33.44262],[-70.59398,-33.44189],[-70.59303,-33.44177],[-70.59305,-33.44112],[-70.59213,-33.44106],[-70.59339,-33.44278]]]},"properties":{"id":"13123051001009","cut":13123,"comuna":"PROVIDENCIA","pob":150,"hom":75,"muj":75,"viv":49,"hog":54}},{"type":"Feature","geometry":{"type":"Polygon","coordinates":[[[-70.62273,-33.44066],[-70.62231,-33.44189],[-70.62388,-33.44224],[-70.624,-33.44187],[-70.62375,-33.44178],[-70.62401,-33.44185],[-70.62424,-33.44101],[-70.62273,-33.44066]]]},"properties":{"id":"13123011002005","cut":13123,"comuna":"PROVIDENCIA","pob":522,"hom":250,"muj":272,"viv":268,"hog":239}},{"type":"Feature","geometry":{"type":"Polygon","coordinates":[[[-70.59394,-33.4418],[-70.59407,-33.44126],[-70.59316,-33.44115],[-70.59309,-33.44172],[-70.59394,-33.4418]]]},"properties":{"id":"13123051001008","cut":13123,"comuna":"PROVIDENCIA","pob":78,"hom":37,"muj":41,"viv":27,"hog":25}},{"type":"Feature","geometry":{"type":"Polygon","coordinates":[[[-70.59568,-33.44278],[-70.59657,-33.44285],[-70.59676,-33.44125],[-70.59594,-33.44113],[-70.59568,-33.44278]]]},"properties":{"id":"13123051001004","cut":13123,"comuna":"PROVIDENCIA","pob":110,"hom":58,"muj":52,"viv":42,"hog":50}},{"type":"Feature","geometry":{"type":"Polygon","coordinates":[[[-70.62943,-33.44245],[-70.62953,-33.4424],[-70.62986,-33.44095],[-70.6289,-33.44071],[-70.62851,-33.44223],[-70.62943,-33.44245]]]},"properties":{"id":"13123061002005","cut":13123,"comuna":"PROVIDENCIA","pob":253,"hom":110,"muj":143,"viv":127,"hog":116}},{"type":"Feature","geometry":{"type":"Polygon","coordinates":[[[-70.58947,-33.44205],[-70.58908,-33.44145],[-70.58872,-33.44162],[-70.58955,-33.44295],[-70.59002,-33.44274],[-70.58998,-33.44208],[-70.58947,-33.4413],[-70.58911,-33.44144],[-70.58947,-33.44205]]]},"properties":{"id":"13123051001017","cut":13123,"comuna":"PROVIDENCIA","pob":121,"hom":69,"muj":52,"viv":41,"hog":37}},{"type":"Feature","geometry":{"type":"Polygon","coordinates":[[[-70.59669,-33.44291],[-70.59752,-33.44298],[-70.5977,-33.44134],[-70.59685,-33.44126],[-70.59669,-33.44291]]]},"properties":{"id":"13123051001003","cut":13123,"comuna":"PROVIDENCIA","pob":55,"hom":27,"muj":28,"viv":17,"hog":23}},{"type":"Feature","geometry":{"type":"Polygon","coordinates":[[[-70.60023,-33.44172],[-70.60045,-33.44205],[-70.60081,-33.44188],[-70.60046,-33.44207],[-70.60067,-33.44234],[-70.60099,-33.44218],[-70.60069,-33.44236],[-70.60099,-33.44263],[-70.60135,-33.44272],[-70.60156,-33.44133],[-70.60113,-33.4413],[-70.60065,-33.4414],[-70.60023,-33.44172]]]},"properties":{"id":"13123041012004","cut":13123,"comuna":"PROVIDENCIA","pob":305,"hom":130,"muj":175,"viv":106,"hog":106}},{"type":"Feature","geometry":{"type":"Polygon","coordinates":[[[-70.62964,-33.44245],[-70.63095,-33.44266],[-70.63128,-33.44125],[-70.63001,-33.44098],[-70.62964,-33.44245]]]},"properties":{"id":"13123061002004","cut":13123,"comuna":"PROVIDENCIA","pob":720,"hom":353,"muj":367,"viv":383,"hog":343}},{"type":"Feature","geometry":{"type":"Polygon","coordinates":[[[-70.6193,-33.44211],[-70.62039,-33.44227],[-70.62068,-33.44132],[-70.61953,-33.44114],[-70.6193,-33.44211]]]},"properties":{"id":"13123011006011","cut":13123,"comuna":"PROVIDENCIA","pob":126,"hom":63,"muj":63,"viv":51,"hog":56}},{"type":"Feature","geometry":{"type":"Polygon","coordinates":[[[-70.59851,-33.44308],[-70.59931,-33.44314],[-70.59952,-33.44163],[-70.59873,-33.44149],[-70.59851,-33.44308]]]},"properties":{"id":"13123051001001","cut":13123,"comuna":"PROVIDENCIA","pob":198,"hom":91,"muj":107,"viv":106,"hog":92}},{"type":"Feature","geometry":{"type":"Polygon","coordinates":[[[-70.61304,-33.44139],[-70.61277,-33.4423],[-70.61477,-33.4426],[-70.61497,-33.44166],[-70.61403,-33.44149],[-70.61389,-33.44208],[-70.614,-33.44149],[-70.6136,-33.44142],[-70.61347,-33.442],[-70.61357,-33.44142],[-70.61304,-33.44139]]]},"properties":{"id":"13123021007003","cut":13123,"comuna":"PROVIDENCIA","pob":185,"hom":88,"muj":97,"viv":65,"hog":67}},{"type":"Feature","geometry":{"type":"Polygon","coordinates":[[[-70.60695,-33.4415],[-70.60673,-33.44264],[-70.60751,-33.44273],[-70.6076,-33.44222],[-70.60754,-33.44273],[-70.60807,-33.44279],[-70.60827,-33.44167],[-70.60781,-33.4416],[-70.60775,-33.44194],[-70.60778,-33.4416],[-70.60695,-33.4415]]]},"properties":{"id":"13123021007013","cut":13123,"comuna":"PROVIDENCIA","pob":362,"hom":141,"muj":221,"viv":130,"hog":120}},{"type":"Feature","geometry":{"type":"Polygon","coordinates":[[[-70.59971,-33.44164],[-70.59949,-33.44319],[-70.60009,-33.44326],[-70.60016,-33.44286],[-70.60012,-33.44326],[-70.60126,-33.44334],[-70.60133,-33.44285],[-70.60093,-33.4427],[-70.60067,-33.44248],[-70.60038,-33.44265],[-70.60065,-33.44246],[-70.60024,-33.4419],[-70.59984,-33.44165],[-70.59971,-33.44164]]]},"properties":{"id":"13123041012007","cut":13123,"comuna":"PROVIDENCIA","pob":206,"hom":79,"muj":127,"viv":84,"hog":73}},{"type":"Feature","geometry":{"type":"Polygon","coordinates":[[[-70.6045,-33.44169],[-70.60427,-33.44337],[-70.6052,-33.4436],[-70.60633,-33.44372],[-70.6064,-33.44314],[-70.60511,-33.44293],[-70.60496,-33.443],[-70.60501,-33.44276],[-70.60512,-33.44278],[-70.60512,-33.44287],[-70.60644,-33.44307],[-70.60663,-33.44198],[-70.60604,-33.44188],[-70.60596,-33.44225],[-70.60601,-33.44188],[-70.6045,-33.44169]]]},"properties":{"id":"13123041005004","cut":13123,"comuna":"PROVIDENCIA","pob":668,"hom":289,"muj":379,"viv":347,"hog":301}},{"type":"Feature","geometry":{"type":"Polygon","coordinates":[[[-70.62424,-33.44148],[-70.62387,-33.44276],[-70.62444,-33.44288],[-70.62473,-33.44281],[-70.62489,-33.44234],[-70.62497,-33.44242],[-70.62485,-33.44277],[-70.62527,-33.44273],[-70.62606,-33.44289],[-70.62633,-33.44185],[-70.62515,-33.44153],[-70.62485,-33.44227],[-70.62504,-33.44158],[-70.62424,-33.44148]]]},"properties":{"id":"13123011005005","cut":13123,"comuna":"PROVIDENCIA","pob":153,"hom":70,"muj":83,"viv":66,"hog":68}},{"type":"Feature","geometry":{"type":"Polygon","coordinates":[[[-70.60838,-33.44168],[-70.60814,-33.44277],[-70.60855,-33.44291],[-70.6067,-33.4427],[-70.60648,-33.44408],[-70.60826,-33.44434],[-70.60841,-33.44421],[-70.6083,-33.44483],[-70.60896,-33.44502],[-70.60829,-33.44486],[-70.60815,-33.4456],[-70.61124,-33.44639],[-70.61147,-33.44575],[-70.6098,-33.44528],[-70.61148,-33.44573],[-70.61257,-33.44232],[-70.61234,-33.44208],[-70.61182,-33.44196],[-70.61098,-33.44212],[-70.60838,-33.44168]]]},"properties":{"id":"13123021007012","cut":13123,"comuna":"PROVIDENCIA","pob":1249,"hom":805,"muj":444,"viv":220,"hog":188}},{"type":"Feature","geometry":{"type":"Polygon","coordinates":[[[-70.61673,-33.44244],[-70.61499,-33.44226],[-70.61489,-33.44263],[-70.61752,-33.443],[-70.61764,-33.44258],[-70.61696,-33.44248],[-70.61765,-33.44256],[-70.61777,-33.44198],[-70.6151,-33.44167],[-70.615,-33.4422],[-70.61673,-33.44244]]]},"properties":{"id":"13123011006500","cut":13123,"comuna":"PROVIDENCIA","pob":568,"hom":272,"muj":296,"viv":218,"hog":221}},{"type":"Feature","geometry":{"type":"Polygon","coordinates":[[[-70.62119,-33.44207],[-70.6206,-33.44197],[-70.62049,-33.44228],[-70.62129,-33.44253],[-70.62147,-33.44226],[-70.62138,-33.44257],[-70.62189,-33.4429],[-70.62219,-33.44195],[-70.62072,-33.44162],[-70.62061,-33.44194],[-70.62119,-33.44207]]]},"properties":{"id":"13123011002007","cut":13123,"comuna":"PROVIDENCIA","pob":193,"hom":100,"muj":93,"viv":87,"hog":83}},{"type":"Feature","geometry":{"type":"Polygon","coordinates":[[[-70.6336,-33.44219],[-70.63374,-33.44195],[-70.63368,-33.44186],[-70.63247,-33.44151],[-70.63241,-33.4418],[-70.6336,-33.44219]]]},"properties":{"id":"13123061002001","cut":13123,"comuna":"PROVIDENCIA","pob":86,"hom":46,"muj":40,"viv":26,"hog":39}},{"type":"Feature","geometry":{"type":"Polygon","coordinates":[[[-70.60161,-33.44201],[-70.60146,-33.44276],[-70.60212,-33.4429],[-70.60225,-33.44246],[-70.60215,-33.44291],[-70.60232,-33.44294],[-70.60244,-33.44255],[-70.60235,-33.44295],[-70.60309,-33.44306],[-70.60303,-33.44196],[-70.60161,-33.44201]]]},"properties":{"id":"13123041012005","cut":13123,"comuna":"PROVIDENCIA","pob":118,"hom":50,"muj":68,"viv":51,"hog":50}},{"type":"Feature","geometry":{"type":"Polygon","coordinates":[[[-70.60412,-33.44332],[-70.60432,-33.44213],[-70.60323,-33.44197],[-70.60324,-33.44312],[-70.60412,-33.44332]]]},"properties":{"id":"13123041005003","cut":13123,"comuna":"PROVIDENCIA","pob":358,"hom":167,"muj":191,"viv":163,"hog":154}},{"type":"Feature","geometry":{"type":"Polygon","coordinates":[[[-70.59211,-33.44344],[-70.5933,-33.44285],[-70.59295,-33.44232],[-70.59183,-33.44276],[-70.59186,-33.44308],[-70.59211,-33.44344]]]},"properties":{"id":"13123051001021","cut":13123,"comuna":"PROVIDENCIA","pob":80,"hom":33,"muj":47,"viv":22,"hog":18}},{"type":"Feature","geometry":{"type":"Polygon","coordinates":[[[-70.62684,-33.44265],[-70.62624,-33.44256],[-70.62598,-33.44345],[-70.62636,-33.44352],[-70.62597,-33.44347],[-70.62584,-33.44398],[-70.6265,-33.44411],[-70.62665,-33.44404],[-70.62728,-33.44207],[-70.62647,-33.44189],[-70.62624,-33.44255],[-70.62684,-33.44265]]]},"properties":{"id":"13123011005006","cut":13123,"comuna":"PROVIDENCIA","pob":66,"hom":35,"muj":31,"viv":32,"hog":31}},{"type":"Feature","geometry":{"type":"Polygon","coordinates":[[[-70.63221,-33.44272],[-70.63338,-33.44312],[-70.63364,-33.44225],[-70.63239,-33.44184],[-70.63221,-33.44272]]]},"properties":{"id":"13123061002002","cut":13123,"comuna":"PROVIDENCIA","pob":62,"hom":27,"muj":35,"viv":28,"hog":23}},{"type":"Feature","geometry":{"type":"Polygon","coordinates":[[[-70.62232,-33.44197],[-70.622,-33.44294],[-70.62358,-33.44326],[-70.62363,-33.44311],[-70.6223,-33.4428],[-70.62364,-33.44308],[-70.62371,-33.44286],[-70.62302,-33.4427],[-70.62372,-33.44283],[-70.62384,-33.44231],[-70.62232,-33.44197]]]},"properties":{"id":"13123011002008","cut":13123,"comuna":"PROVIDENCIA","pob":350,"hom":165,"muj":185,"viv":161,"hog":145}},{"type":"Feature","geometry":{"type":"Polygon","coordinates":[[[-70.62829,-33.44278],[-70.62843,-33.44232],[-70.62731,-33.44209],[-70.62722,-33.44252],[-70.62829,-33.44278]]]},"properties":{"id":"13123061002007","cut":13123,"comuna":"PROVIDENCIA","pob":27,"hom":14,"muj":13,"viv":13,"hog":11}},{"type":"Feature","geometry":{"type":"Polygon","coordinates":[[[-70.61903,-33.4432],[-70.62001,-33.44336],[-70.62036,-33.44237],[-70.61928,-33.44221],[-70.61903,-33.4432]]]},"properties":{"id":"13123011006018","cut":13123,"comuna":"PROVIDENCIA","pob":175,"hom":81,"muj":94,"viv":69,"hog":77}},{"type":"Feature","geometry":{"type":"Polygon","coordinates":[[[-70.61272,-33.4424],[-70.61251,-33.44308],[-70.61406,-33.44332],[-70.61461,-33.4433],[-70.61473,-33.44266],[-70.61381,-33.44252],[-70.61368,-33.44301],[-70.61378,-33.44251],[-70.61272,-33.4424]]]},"properties":{"id":"13123021007004","cut":13123,"comuna":"PROVIDENCIA","pob":259,"hom":124,"muj":135,"viv":119,"hog":113}},{"type":"Feature","geometry":{"type":"Polygon","coordinates":[[[-70.59072,-33.44482],[-70.59389,-33.44319],[-70.59386,-33.44272],[-70.5905,-33.44441],[-70.59072,-33.44482]]]},"properties":{"id":"13123051001026","cut":13123,"comuna":"PROVIDENCIA","pob":180,"hom":64,"muj":116,"viv":58,"hog":56}},{"type":"Feature","geometry":{"type":"Polygon","coordinates":[[[-70.62123,-33.44324],[-70.62174,-33.44293],[-70.62117,-33.44254],[-70.62046,-33.44238],[-70.6203,-33.44283],[-70.62123,-33.44324]]]},"properties":{"id":"13123011002010","cut":13123,"comuna":"PROVIDENCIA","pob":49,"hom":22,"muj":27,"viv":21,"hog":16}},{"type":"Feature","geometry":{"type":"Polygon","coordinates":[[[-70.59107,-33.44401],[-70.59204,-33.44352],[-70.59171,-33.44274],[-70.59097,-33.44279],[-70.59107,-33.44401]]]},"properties":{"id":"13123051001022","cut":13123,"comuna":"PROVIDENCIA","pob":70,"hom":30,"muj":40,"viv":20,"hog":20}},{"type":"Feature","geometry":{"type":"Polygon","coordinates":[[[-70.58986,-33.44349],[-70.59091,-33.44331],[-70.59088,-33.44281],[-70.59012,-33.44284],[-70.58962,-33.44302],[-70.58986,-33.44349]]]},"properties":{"id":"13123051001023","cut":13123,"comuna":"PROVIDENCIA","pob":44,"hom":22,"muj":22,"viv":15,"hog":14}},{"type":"Feature","geometry":{"type":"Polygon","coordinates":[[[-70.62842,-33.44279],[-70.62941,-33.44294],[-70.6295,-33.44259],[-70.62853,-33.44234],[-70.62842,-33.44279]]]},"properties":{"id":"13123061002008","cut":13123,"comuna":"PROVIDENCIA","pob":36,"hom":16,"muj":20,"viv":21,"hog":17}},{"type":"Feature","geometry":{"type":"Polygon","coordinates":[[[-70.59497,-33.4442],[-70.59541,-33.44421],[-70.59553,-33.44286],[-70.59514,-33.44283],[-70.59497,-33.4442]]]},"properties":{"id":"13123051001033","cut":13123,"comuna":"PROVIDENCIA","pob":55,"hom":25,"muj":30,"viv":24,"hog":16}},{"type":"Feature","geometry":{"type":"Polygon","coordinates":[[[-70.59572,-33.4429],[-70.59546,-33.44425],[-70.59733,-33.44441],[-70.59747,-33.44342],[-70.59695,-33.44337],[-70.59747,-33.44339],[-70.59748,-33.44329],[-70.59708,-33.44325],[-70.59749,-33.44327],[-70.59749,-33.44307],[-70.59572,-33.4429]]]},"properties":{"id":"13123051001035","cut":13123,"comuna":"PROVIDENCIA","pob":236,"hom":110,"muj":126,"viv":163,"hog":103}},{"type":"Feature","geometry":{"type":"Polygon","coordinates":[[[-70.6015,-33.44285],[-70.60129,-33.44392],[-70.60182,-33.44399],[-70.6019,-33.44366],[-70.60185,-33.44399],[-70.60215,-33.44402],[-70.60127,-33.44401],[-70.60116,-33.44479],[-70.60158,-33.44485],[-70.60166,-33.4445],[-70.60161,-33.44485],[-70.60286,-33.44497],[-70.6031,-33.44319],[-70.6015,-33.44285]]]},"properties":{"id":"13123041012006","cut":13123,"comuna":"PROVIDENCIA","pob":675,"hom":297,"muj":378,"viv":303,"hog":277}},{"type":"Feature","geometry":{"type":"Polygon","coordinates":[[[-70.61737,-33.44361],[-70.61749,-33.44306],[-70.61487,-33.44272],[-70.61476,-33.44335],[-70.61737,-33.44361]]]},"properties":{"id":"13123011003002","cut":13123,"comuna":"PROVIDENCIA","pob":59,"hom":28,"muj":31,"viv":30,"hog":26}},{"type":"Feature","geometry":{"type":"Polygon","coordinates":[[[-70.6296,-33.44262],[-70.62935,-33.44371],[-70.62977,-33.44378],[-70.62986,-33.44348],[-70.6298,-33.44379],[-70.63065,-33.4439],[-70.63092,-33.44279],[-70.6296,-33.44262]]]},"properties":{"id":"13123061002009","cut":13123,"comuna":"PROVIDENCIA","pob":274,"hom":128,"muj":146,"viv":135,"hog":126}},{"type":"Feature","geometry":{"type":"Polygon","coordinates":[[[-70.62454,-33.44295],[-70.62384,-33.44284],[-70.62364,-33.44353],[-70.62574,-33.44394],[-70.62603,-33.44297],[-70.62518,-33.44279],[-70.62454,-33.44295]]]},"properties":{"id":"13123011005007","cut":13123,"comuna":"PROVIDENCIA","pob":100,"hom":48,"muj":52,"viv":42,"hog":39}},{"type":"Feature","geometry":{"type":"Polygon","coordinates":[[[-70.591,-33.44528],[-70.59421,-33.44362],[-70.59399,-33.44325],[-70.5908,-33.44487],[-70.591,-33.44528]]]},"properties":{"id":"13123051001027","cut":13123,"comuna":"PROVIDENCIA","pob":150,"hom":74,"muj":76,"viv":44,"hog":42}},{"type":"Feature","geometry":{"type":"Polygon","coordinates":[[[-70.62024,-33.44296],[-70.62012,-33.44331],[-70.62088,-33.4435],[-70.62011,-33.44334],[-70.61992,-33.44393],[-70.62151,-33.44426],[-70.62186,-33.44303],[-70.62177,-33.44295],[-70.62124,-33.44327],[-70.62054,-33.44297],[-70.62024,-33.44296]]]},"properties":{"id":"13123011002011","cut":13123,"comuna":"PROVIDENCIA","pob":317,"hom":166,"muj":151,"viv":134,"hog":138}},{"type":"Feature","geometry":{"type":"Polygon","coordinates":[[[-70.60355,-33.444],[-70.60308,-33.44398],[-70.603,-33.4446],[-70.6035,-33.44467],[-70.603,-33.44463],[-70.60295,-33.44497],[-70.60429,-33.44512],[-70.60444,-33.44383],[-70.6041,-33.44341],[-70.6032,-33.44322],[-70.60309,-33.44396],[-70.60355,-33.444]]]},"properties":{"id":"13123041005008","cut":13123,"comuna":"PROVIDENCIA","pob":468,"hom":207,"muj":261,"viv":229,"hog":192}},{"type":"Feature","geometry":{"type":"Polygon","coordinates":[[[-70.58995,-33.44354],[-70.59024,-33.4441],[-70.59098,-33.4439],[-70.5909,-33.44338],[-70.59024,-33.44344],[-70.58995,-33.44354]]]},"properties":{"id":"13123051001024","cut":13123,"comuna":"PROVIDENCIA","pob":132,"hom":23,"muj":109,"viv":1,"hog":0}},{"type":"Feature","geometry":{"type":"Polygon","coordinates":[[[-70.62917,-33.44386],[-70.62939,-33.44301],[-70.62867,-33.4429],[-70.62911,-33.44382],[-70.62917,-33.44386]]]},"properties":{"id":"13123061002015","cut":13123,"comuna":"PROVIDENCIA","pob":13,"hom":7,"muj":6,"viv":6,"hog":5}},{"type":"Feature","geometry":{"type":"Polygon","coordinates":[[[-70.5993,-33.44461],[-70.60107,-33.44477],[-70.60125,-33.44347],[-70.59948,-33.44329],[-70.5993,-33.44461]]]},"properties":{"id":"13123041012008","cut":13123,"comuna":"PROVIDENCIA","pob":650,"hom":297,"muj":353,"viv":294,"hog":282}},{"type":"Feature","geometry":{"type":"Polygon","coordinates":[[[-70.63301,-33.44429],[-70.63331,-33.44332],[-70.63216,-33.44287],[-70.63185,-33.44405],[-70.63301,-33.44429]]]},"properties":{"id":"13123061002011","cut":13123,"comuna":"PROVIDENCIA","pob":145,"hom":112,"muj":33,"viv":2,"hog":0}},{"type":"Feature","geometry":{"type":"Polygon","coordinates":[[[-70.62333,-33.44385],[-70.62354,-33.44332],[-70.62197,-33.44303],[-70.62183,-33.44354],[-70.62333,-33.44385]]]},"properties":{"id":"13123011002009","cut":13123,"comuna":"PROVIDENCIA","pob":143,"hom":66,"muj":77,"viv":70,"hog":59}},{"type":"Feature","geometry":{"type":"Polygon","coordinates":[[[-70.61245,-33.44317],[-70.61233,-33.44359],[-70.61448,-33.44389],[-70.61459,-33.44339],[-70.61245,-33.44317]]]},"properties":{"id":"13123021007005","cut":13123,"comuna":"PROVIDENCIA","pob":130,"hom":59,"muj":71,"viv":50,"hog":49}},{"type":"Feature","geometry":{"type":"Polygon","coordinates":[[[-70.62721,-33.44343],[-70.62806,-33.44371],[-70.62817,-33.44329],[-70.62798,-33.44295],[-70.62721,-33.44343]]]},"properties":{"id":"13123061002018","cut":13123,"comuna":"PROVIDENCIA","pob":48,"hom":18,"muj":30,"viv":15,"hog":20}},{"type":"Feature","geometry":{"type":"Polygon","coordinates":[[[-70.61764,-33.44309],[-70.61737,-33.44414],[-70.61963,-33.44446],[-70.61997,-33.44343],[-70.61867,-33.44323],[-70.61857,-33.44375],[-70.61908,-33.44386],[-70.61825,-33.44374],[-70.61853,-33.44375],[-70.61864,-33.44323],[-70.61764,-33.44309]]]},"properties":{"id":"13123011003001","cut":13123,"comuna":"PROVIDENCIA","pob":384,"hom":175,"muj":209,"viv":192,"hog":167}},{"type":"Feature","geometry":{"type":"Polygon","coordinates":[[[-70.62829,-33.44328],[-70.62814,-33.44375],[-70.62905,-33.44386],[-70.62864,-33.44304],[-70.62829,-33.44328]]]},"properties":{"id":"13123061002017","cut":13123,"comuna":"PROVIDENCIA","pob":60,"hom":38,"muj":22,"viv":16,"hog":20}},{"type":"Feature","geometry":{"type":"Polygon","coordinates":[[[-70.61471,-33.44344],[-70.6146,-33.4442],[-70.61584,-33.44433],[-70.61597,-33.44372],[-70.61601,-33.44397],[-70.61729,-33.44409],[-70.61734,-33.44366],[-70.61471,-33.44344]]]},"properties":{"id":"13123011003003","cut":13123,"comuna":"PROVIDENCIA","pob":386,"hom":173,"muj":213,"viv":161,"hog":154}},{"type":"Feature","geometry":{"type":"Polygon","coordinates":[[[-70.60606,-33.44442],[-70.60626,-33.44436],[-70.60628,-33.44382],[-70.60461,-33.44353],[-70.60459,-33.44416],[-70.60606,-33.44442]]]},"properties":{"id":"13123041005005","cut":13123,"comuna":"PROVIDENCIA","pob":205,"hom":93,"muj":112,"viv":87,"hog":80}},{"type":"Feature","geometry":{"type":"Polygon","coordinates":[[[-70.59282,-33.44768],[-70.59601,-33.44596],[-70.59429,-33.44367],[-70.59108,-33.44537],[-70.59176,-33.44645],[-70.59282,-33.44768]]]},"properties":{"id":"13123051001028","cut":13123,"comuna":"PROVIDENCIA","pob":168,"hom":73,"muj":95,"viv":51,"hog":45}},{"type":"Feature","geometry":{"type":"Polygon","coordinates":[[[-70.61204,-33.44444],[-70.61424,-33.44479],[-70.61445,-33.44396],[-70.61229,-33.44366],[-70.61204,-33.44444]]]},"properties":{"id":"13123021007006","cut":13123,"comuna":"PROVIDENCIA","pob":478,"hom":228,"muj":250,"viv":192,"hog":189}},{"type":"Feature","geometry":{"type":"Polygon","coordinates":[[[-70.62678,-33.44391],[-70.62901,-33.44452],[-70.62918,-33.44399],[-70.62801,-33.44378],[-70.62716,-33.44347],[-70.62685,-33.44364],[-70.62678,-33.44391]]]},"properties":{"id":"13123061002020","cut":13123,"comuna":"PROVIDENCIA","pob":157,"hom":71,"muj":86,"viv":70,"hog":66}},{"type":"Feature","geometry":{"type":"Polygon","coordinates":[[[-70.62312,-33.44459],[-70.62335,-33.44393],[-70.6218,-33.44361],[-70.62161,-33.44427],[-70.62312,-33.44459]]]},"properties":{"id":"13123011002012","cut":13123,"comuna":"PROVIDENCIA","pob":22,"hom":12,"muj":10,"viv":12,"hog":10}},{"type":"Feature","geometry":{"type":"Polygon","coordinates":[[[-70.62475,-33.44433],[-70.62493,-33.44386],[-70.6236,-33.44361],[-70.6235,-33.44405],[-70.62475,-33.44433]]]},"properties":{"id":"13123011005008","cut":13123,"comuna":"PROVIDENCIA","pob":77,"hom":16,"muj":61,"viv":9,"hog":12}},{"type":"Feature","geometry":{"type":"Polygon","coordinates":[[[-70.62925,-33.44414],[-70.63094,-33.44465],[-70.631,-33.44445],[-70.6306,-33.44399],[-70.62932,-33.44382],[-70.62925,-33.44414]]]},"properties":{"id":"13123061002014","cut":13123,"comuna":"PROVIDENCIA","pob":122,"hom":70,"muj":52,"viv":71,"hog":59}},{"type":"Feature","geometry":{"type":"Polygon","coordinates":[[[-70.59529,-33.44485],[-70.59538,-33.44433],[-70.59488,-33.44426],[-70.59488,-33.4443],[-70.59529,-33.44485]]]},"properties":{"id":"13123051001030","cut":13123,"comuna":"PROVIDENCIA","pob":28,"hom":13,"muj":15,"viv":15,"hog":14}},{"type":"Feature","geometry":{"type":"Polygon","coordinates":[[[-70.62508,-33.44613],[-70.62546,-33.44493],[-70.62475,-33.4448],[-70.62441,-33.44598],[-70.62508,-33.44613]]]},"properties":{"id":"13123011005501","cut":13123,"comuna":"PROVIDENCIA","pob":25,"hom":11,"muj":14,"viv":9,"hog":5}},{"type":"Feature","geometry":{"type":"Polygon","coordinates":[[[-70.61713,-33.44457],[-70.61725,-33.44418],[-70.61595,-33.44405],[-70.61598,-33.44437],[-70.61713,-33.44457]]]},"properties":{"id":"13123011003004","cut":13123,"comuna":"PROVIDENCIA","pob":46,"hom":22,"muj":24,"viv":15,"hog":16}},{"type":"Feature","geometry":{"type":"Polygon","coordinates":[[[-70.62114,-33.44531],[-70.62148,-33.44432],[-70.61988,-33.44401],[-70.61958,-33.44497],[-70.62114,-33.44531]]]},"properties":{"id":"13123011002014","cut":13123,"comuna":"PROVIDENCIA","pob":54,"hom":25,"muj":29,"viv":22,"hog":14}},{"type":"Feature","geometry":{"type":"Polygon","coordinates":[[[-70.59716,-33.44521],[-70.59729,-33.4445],[-70.59547,-33.44435],[-70.5954,-33.44502],[-70.59716,-33.44521]]]},"properties":{"id":"13123051001034","cut":13123,"comuna":"PROVIDENCIA","pob":288,"hom":129,"muj":159,"viv":141,"hog":134}},{"type":"Feature","geometry":{"type":"Polygon","coordinates":[[[-70.60645,-33.44459],[-70.60821,-33.44478],[-70.60826,-33.44441],[-70.60646,-33.44423],[-70.60645,-33.44459]]]},"properties":{"id":"13123021007011","cut":13123,"comuna":"PROVIDENCIA","pob":83,"hom":39,"muj":44,"viv":41,"hog":33}},{"type":"Feature","geometry":{"type":"Polygon","coordinates":[[[-70.60598,-33.44536],[-70.6061,-33.4453],[-70.6062,-33.44451],[-70.60455,-33.44426],[-70.60446,-33.44512],[-70.60598,-33.44536]]]},"properties":{"id":"13123041005006","cut":13123,"comuna":"PROVIDENCIA","pob":296,"hom":91,"muj":205,"viv":94,"hog":96}},{"type":"Feature","geometry":{"type":"Polygon","coordinates":[[[-70.62679,-33.444],[-70.62663,-33.44439],[-70.62693,-33.44447],[-70.62699,-33.44438],[-70.62727,-33.44446],[-70.62699,-33.44441],[-70.62694,-33.4445],[-70.62662,-33.44441],[-70.62654,-33.44477],[-70.62775,-33.44515],[-70.62786,-33.44483],[-70.62724,-33.44463],[-70.62787,-33.44481],[-70.62797,-33.44433],[-70.62679,-33.444]]]},"properties":{"id":"13123061003005","cut":13123,"comuna":"PROVIDENCIA","pob":73,"hom":30,"muj":43,"viv":36,"hog":34}},{"type":"Feature","geometry":{"type":"Polygon","coordinates":[[[-70.62579,-33.44408],[-70.62519,-33.44612],[-70.62534,-33.44619],[-70.62578,-33.44615],[-70.62606,-33.44597],[-70.62661,-33.44416],[-70.62579,-33.44408]]]},"properties":{"id":"13123011005012","cut":13123,"comuna":"PROVIDENCIA","pob":27,"hom":12,"muj":15,"viv":16,"hog":12}},{"type":"Feature","geometry":{"type":"Polygon","coordinates":[[[-70.62462,-33.4449],[-70.62478,-33.4444],[-70.62345,-33.44413],[-70.62332,-33.44463],[-70.62462,-33.4449]]]},"properties":{"id":"13123011005009","cut":13123,"comuna":"PROVIDENCIA","pob":61,"hom":29,"muj":32,"viv":31,"hog":25}},{"type":"Feature","geometry":{"type":"Polygon","coordinates":[[[-70.61771,-33.44469],[-70.61724,-33.44465],[-70.61709,-33.44548],[-70.6184,-33.44487],[-70.61884,-33.44482],[-70.61946,-33.44492],[-70.6196,-33.44456],[-70.61736,-33.44421],[-70.61725,-33.44463],[-70.61771,-33.44469]]]},"properties":{"id":"13123011003500","cut":13123,"comuna":"PROVIDENCIA","pob":174,"hom":81,"muj":93,"viv":72,"hog":71}},{"type":"Feature","geometry":{"type":"Polygon","coordinates":[[[-70.63174,-33.44454],[-70.63168,-33.44434],[-70.63135,-33.44444],[-70.63128,-33.44464],[-70.63284,-33.44493],[-70.63302,-33.44437],[-70.63187,-33.44414],[-70.63171,-33.44433],[-70.63174,-33.44454]]]},"properties":{"id":"13123061002012","cut":13123,"comuna":"PROVIDENCIA","pob":163,"hom":86,"muj":77,"viv":76,"hog":63}},{"type":"Feature","geometry":{"type":"Polygon","coordinates":[[[-70.63078,-33.44498],[-70.63094,-33.44468],[-70.62924,-33.44417],[-70.6292,-33.44457],[-70.63078,-33.44498]]]},"properties":{"id":"13123061002021","cut":13123,"comuna":"PROVIDENCIA","pob":148,"hom":73,"muj":75,"viv":54,"hog":43}},{"type":"Feature","geometry":{"type":"Polygon","coordinates":[[[-70.62156,-33.44436],[-70.62129,-33.44533],[-70.62286,-33.44565],[-70.62315,-33.44467],[-70.62216,-33.44446],[-70.62199,-33.445],[-70.62213,-33.44445],[-70.62156,-33.44436]]]},"properties":{"id":"13123011002013","cut":13123,"comuna":"PROVIDENCIA","pob":126,"hom":52,"muj":74,"viv":61,"hog":55}},{"type":"Feature","geometry":{"type":"Polygon","coordinates":[[[-70.61611,-33.44508],[-70.61701,-33.44524],[-70.61716,-33.44464],[-70.61595,-33.44444],[-70.61611,-33.44508]]]},"properties":{"id":"13123011003007","cut":13123,"comuna":"PROVIDENCIA","pob":158,"hom":70,"muj":88,"viv":72,"hog":68}},{"type":"Feature","geometry":{"type":"Polygon","coordinates":[[[-70.61403,-33.44569],[-70.61424,-33.44485],[-70.61201,-33.44451],[-70.61178,-33.44531],[-70.61403,-33.44569]]]},"properties":{"id":"13123021007007","cut":13123,"comuna":"PROVIDENCIA","pob":574,"hom":271,"muj":303,"viv":305,"hog":260}},{"type":"Feature","geometry":{"type":"Polygon","coordinates":[[[-70.6279,-33.44498],[-70.62893,-33.44517],[-70.62906,-33.44461],[-70.62809,-33.44436],[-70.6279,-33.44498]]]},"properties":{"id":"13123061003003","cut":13123,"comuna":"PROVIDENCIA","pob":40,"hom":18,"muj":22,"viv":20,"hog":16}},{"type":"Feature","geometry":{"type":"Polygon","coordinates":[[[-70.60647,-33.44466],[-70.60629,-33.44539],[-70.60716,-33.44549],[-70.60724,-33.44512],[-70.60719,-33.44549],[-70.60805,-33.44558],[-70.60819,-33.44494],[-70.60812,-33.44487],[-70.60647,-33.44466]]]},"properties":{"id":"13123021007010","cut":13123,"comuna":"PROVIDENCIA","pob":229,"hom":98,"muj":131,"viv":88,"hog":86}},{"type":"Feature","geometry":{"type":"Polygon","coordinates":[[[-70.62386,-33.44543],[-70.62309,-33.44534],[-70.62299,-33.44568],[-70.62434,-33.44597],[-70.62462,-33.44498],[-70.62328,-33.4447],[-70.62311,-33.44528],[-70.62386,-33.44543]]]},"properties":{"id":"13123011005010","cut":13123,"comuna":"PROVIDENCIA","pob":136,"hom":66,"muj":70,"viv":66,"hog":66}},{"type":"Feature","geometry":{"type":"Polygon","coordinates":[[[-70.61509,-33.44481],[-70.61437,-33.4449],[-70.61429,-33.44541],[-70.61469,-33.44545],[-70.61485,-33.4452],[-70.61566,-33.44527],[-70.61606,-33.44515],[-70.61596,-33.44489],[-70.61509,-33.44481]]]},"properties":{"id":"13123011003009","cut":13123,"comuna":"PROVIDENCIA","pob":52,"hom":28,"muj":24,"viv":20,"hog":16}},{"type":"Feature","geometry":{"type":"Polygon","coordinates":[[[-70.62915,-33.44467],[-70.62883,-33.44597],[-70.6296,-33.4461],[-70.62984,-33.44527],[-70.62947,-33.44516],[-70.62985,-33.44524],[-70.62995,-33.44484],[-70.62915,-33.44467]]]},"properties":{"id":"13123061003002","cut":13123,"comuna":"PROVIDENCIA","pob":201,"hom":84,"muj":117,"viv":118,"hog":108}},{"type":"Feature","geometry":{"type":"Polygon","coordinates":[[[-70.59606,-33.4459],[-70.59707,-33.44534],[-70.59708,-33.44527],[-70.59545,-33.44508],[-70.59606,-33.4459]]]},"properties":{"id":"13123051001029","cut":13123,"comuna":"PROVIDENCIA","pob":50,"hom":23,"muj":27,"viv":18,"hog":18}},{"type":"Feature","geometry":{"type":"Polygon","coordinates":[[[-70.62753,-33.44582],[-70.62774,-33.44521],[-70.62651,-33.44483],[-70.62635,-33.44545],[-70.62753,-33.44582]]]},"properties":{"id":"13123061003006","cut":13123,"comuna":"PROVIDENCIA","pob":37,"hom":17,"muj":20,"viv":30,"hog":20}},{"type":"Feature","geometry":{"type":"Polygon","coordinates":[[[-70.6181,-33.44513],[-70.61776,-33.44535],[-70.61808,-33.44541],[-70.61816,-33.44517],[-70.61811,-33.44541],[-70.61922,-33.44558],[-70.61941,-33.44509],[-70.61872,-33.44496],[-70.6181,-33.44513]]]},"properties":{"id":"13123011003011","cut":13123,"comuna":"PROVIDENCIA","pob":52,"hom":25,"muj":27,"viv":16,"hog":16}},{"type":"Feature","geometry":{"type":"Polygon","coordinates":[[[-70.63043,-33.44548],[-70.62988,-33.44537],[-70.62971,-33.44611],[-70.6305,-33.44622],[-70.63081,-33.44515],[-70.63075,-33.44504],[-70.63003,-33.44486],[-70.62989,-33.44534],[-70.63043,-33.44548]]]},"properties":{"id":"13123061003001","cut":13123,"comuna":"PROVIDENCIA","pob":285,"hom":131,"muj":154,"viv":130,"hog":128}},{"type":"Feature","geometry":{"type":"Polygon","coordinates":[[[-70.6201,-33.4463],[-70.62045,-33.44529],[-70.61951,-33.44509],[-70.61916,-33.44609],[-70.6201,-33.4463]]]},"properties":{"id":"13123011005018","cut":13123,"comuna":"PROVIDENCIA","pob":323,"hom":159,"muj":164,"viv":172,"hog":157}},{"type":"Feature","geometry":{"type":"Polygon","coordinates":[[[-70.62789,-33.445],[-70.62768,-33.44585],[-70.62871,-33.44601],[-70.62878,-33.4458],[-70.62828,-33.44568],[-70.62879,-33.44577],[-70.62887,-33.44546],[-70.62853,-33.44542],[-70.62808,-33.4453],[-70.62887,-33.44543],[-70.62893,-33.4452],[-70.62789,-33.445]]]},"properties":{"id":"13123061003004","cut":13123,"comuna":"PROVIDENCIA","pob":296,"hom":144,"muj":152,"viv":107,"hog":121}},{"type":"Feature","geometry":{"type":"Polygon","coordinates":[[[-70.61617,-33.44534],[-70.61606,-33.44524],[-70.61562,-33.44531],[-70.61487,-33.44525],[-70.61479,-33.44564],[-70.6156,-33.44576],[-70.61595,-33.44611],[-70.61696,-33.44554],[-70.61694,-33.44532],[-70.61624,-33.44524],[-70.61617,-33.44534]]]},"properties":{"id":"13123011003010","cut":13123,"comuna":"PROVIDENCIA","pob":71,"hom":34,"muj":37,"viv":20,"hog":20}},{"type":"Feature","geometry":{"type":"Polygon","coordinates":[[[-70.6139,-33.44627],[-70.61403,-33.44573],[-70.61171,-33.44538],[-70.61158,-33.44587],[-70.6139,-33.44627]]]},"properties":{"id":"13123021007008","cut":13123,"comuna":"PROVIDENCIA","pob":51,"hom":18,"muj":33,"viv":88,"hog":17}},{"type":"Feature","geometry":{"type":"Polygon","coordinates":[[[-70.63098,-33.44569],[-70.63177,-33.44585],[-70.63192,-33.44526],[-70.63115,-33.44514],[-70.63098,-33.44569]]]},"properties":{"id":"13123061002023","cut":13123,"comuna":"PROVIDENCIA","pob":42,"hom":18,"muj":24,"viv":20,"hog":16}},{"type":"Feature","geometry":{"type":"Polygon","coordinates":[[[-70.62025,-33.44632],[-70.62252,-33.44678],[-70.62282,-33.44578],[-70.62053,-33.44531],[-70.62025,-33.44632]]]},"properties":{"id":"13123011005017","cut":13123,"comuna":"PROVIDENCIA","pob":77,"hom":36,"muj":41,"viv":40,"hog":32}},{"type":"Feature","geometry":{"type":"Polygon","coordinates":[[[-70.61883,-33.4468],[-70.6192,-33.44563],[-70.61762,-33.44539],[-70.61701,-33.44571],[-70.61686,-33.44653],[-70.61883,-33.4468]]]},"properties":{"id":"13123011003012","cut":13123,"comuna":"PROVIDENCIA","pob":61,"hom":27,"muj":34,"viv":24,"hog":23}},{"type":"Feature","geometry":{"type":"Polygon","coordinates":[[[-70.61426,-33.44549],[-70.61403,-33.44677],[-70.61473,-33.44674],[-70.61495,-33.44664],[-70.61483,-33.44644],[-70.61498,-33.44663],[-70.61585,-33.44617],[-70.61559,-33.44581],[-70.61478,-33.44572],[-70.6147,-33.4455],[-70.61426,-33.44549]]]},"properties":{"id":"13123011003014","cut":13123,"comuna":"PROVIDENCIA","pob":107,"hom":43,"muj":64,"viv":42,"hog":40}},{"type":"Feature","geometry":{"type":"Polygon","coordinates":[[[-70.63178,-33.44588],[-70.63097,-33.44572],[-70.63062,-33.44712],[-70.63107,-33.44719],[-70.63113,-33.44699],[-70.6311,-33.44719],[-70.63216,-33.44732],[-70.63269,-33.44542],[-70.63195,-33.44527],[-70.63178,-33.44588]]]},"properties":{"id":"13123061002024","cut":13123,"comuna":"PROVIDENCIA","pob":66,"hom":28,"muj":38,"viv":35,"hog":24}},{"type":"Feature","geometry":{"type":"Polygon","coordinates":[[[-70.62659,-33.44651],[-70.62685,-33.4457],[-70.62634,-33.44554],[-70.62607,-33.44637],[-70.62659,-33.44651]]]},"properties":{"id":"13123061003007","cut":13123,"comuna":"PROVIDENCIA","pob":49,"hom":24,"muj":25,"viv":23,"hog":20}},{"type":"Feature","geometry":{"type":"Polygon","coordinates":[[[-70.62678,-33.44655],[-70.62737,-33.44664],[-70.62754,-33.44591],[-70.62691,-33.44572],[-70.62678,-33.44655]]]},"properties":{"id":"13123061003008","cut":13123,"comuna":"PROVIDENCIA","pob":14,"hom":5,"muj":9,"viv":8,"hog":5}},{"type":"Feature","geometry":{"type":"Polygon","coordinates":[[[-70.6138,-33.44677],[-70.6139,-33.44633],[-70.61153,-33.44595],[-70.61142,-33.44641],[-70.6138,-33.44677]]]},"properties":{"id":"13123021007009","cut":13123,"comuna":"PROVIDENCIA","pob":64,"hom":28,"muj":36,"viv":25,"hog":23}},{"type":"Feature","geometry":{"type":"Polygon","coordinates":[[[-70.62351,-33.44699],[-70.62383,-33.44599],[-70.62296,-33.44581],[-70.62265,-33.4468],[-70.62351,-33.44699]]]},"properties":{"id":"13123011005016","cut":13123,"comuna":"PROVIDENCIA","pob":41,"hom":23,"muj":18,"viv":11,"hog":20}},{"type":"Feature","geometry":{"type":"Polygon","coordinates":[[[-70.62849,-33.44684],[-70.62868,-33.4461],[-70.62762,-33.44592],[-70.62746,-33.44669],[-70.62849,-33.44684]]]},"properties":{"id":"13123061003009","cut":13123,"comuna":"PROVIDENCIA","pob":55,"hom":23,"muj":32,"viv":21,"hog":16}},{"type":"Feature","geometry":{"type":"Polygon","coordinates":[[[-70.62399,-33.44709],[-70.6243,-33.4461],[-70.62393,-33.446],[-70.62362,-33.44699],[-70.62399,-33.44709]]]},"properties":{"id":"13123011005015","cut":13123,"comuna":"PROVIDENCIA","pob":51,"hom":25,"muj":26,"viv":23,"hog":23}},{"type":"Feature","geometry":{"type":"Polygon","coordinates":[[[-70.62442,-33.44836],[-70.62508,-33.44626],[-70.6244,-33.4461],[-70.62377,-33.4482],[-70.62442,-33.44836]]]},"properties":{"id":"13123011005014","cut":13123,"comuna":"PROVIDENCIA","pob":52,"hom":26,"muj":26,"viv":24,"hog":18}},{"type":"Feature","geometry":{"type":"Polygon","coordinates":[[[-70.61978,-33.44742],[-70.62013,-33.44639],[-70.61915,-33.44618],[-70.61883,-33.44722],[-70.61978,-33.44742]]]},"properties":{"id":"13123011005019","cut":13123,"comuna":"PROVIDENCIA","pob":129,"hom":61,"muj":68,"viv":45,"hog":43}},{"type":"Feature","geometry":{"type":"Polygon","coordinates":[[[-70.62529,-33.44853],[-70.62594,-33.44651],[-70.62588,-33.44642],[-70.62519,-33.44629],[-70.62454,-33.44836],[-70.62529,-33.44853]]]},"properties":{"id":"13123011005013","cut":13123,"comuna":"PROVIDENCIA","pob":21,"hom":9,"muj":12,"viv":11,"hog":9}},{"type":"Feature","geometry":{"type":"Polygon","coordinates":[[[-70.61569,-33.4469],[-70.61561,-33.44737],[-70.61471,-33.44722],[-70.61432,-33.44696],[-70.61396,-33.44694],[-70.61382,-33.44753],[-70.61594,-33.44788],[-70.61612,-33.44713],[-70.61597,-33.44789],[-70.61645,-33.44797],[-70.61673,-33.44659],[-70.61567,-33.44643],[-70.61507,-33.44673],[-70.61517,-33.44684],[-70.61569,-33.4469]]]},"properties":{"id":"13123011003016","cut":13123,"comuna":"PROVIDENCIA","pob":158,"hom":68,"muj":90,"viv":55,"hog":55}},{"type":"Feature","geometry":{"type":"Polygon","coordinates":[[[-70.6202,-33.44643],[-70.61991,-33.44743],[-70.62086,-33.44763],[-70.62118,-33.44659],[-70.62072,-33.4465],[-70.6206,-33.4469],[-70.62069,-33.44649],[-70.6202,-33.44643]]]},"properties":{"id":"13123011005020","cut":13123,"comuna":"PROVIDENCIA","pob":196,"hom":86,"muj":110,"viv":85,"hog":80}},{"type":"Feature","geometry":{"type":"Polygon","coordinates":[[[-70.61859,-33.44759],[-70.61882,-33.44686],[-70.61681,-33.44661],[-70.61668,-33.44733],[-70.61859,-33.44759]]]},"properties":{"id":"13123011003017","cut":13123,"comuna":"PROVIDENCIA","pob":376,"hom":178,"muj":198,"viv":167,"hog":155}},{"type":"Feature","geometry":{"type":"Polygon","coordinates":[[[-70.62632,-33.44769],[-70.62571,-33.44756],[-70.62544,-33.4485],[-70.62671,-33.44886],[-70.62707,-33.44781],[-70.62644,-33.4476],[-70.62665,-33.44663],[-70.62604,-33.44648],[-70.62572,-33.44753],[-70.62632,-33.44769]]]},"properties":{"id":"13123061003017","cut":13123,"comuna":"PROVIDENCIA","pob":562,"hom":270,"muj":292,"viv":284,"hog":269}},{"type":"Feature","geometry":{"type":"Polygon","coordinates":[[[-70.62125,-33.44663],[-70.62097,-33.44765],[-70.62218,-33.4479],[-70.62234,-33.4474],[-70.62171,-33.44721],[-70.62237,-33.44732],[-70.62249,-33.44686],[-70.62125,-33.44663]]]},"properties":{"id":"13123011005021","cut":13123,"comuna":"PROVIDENCIA","pob":46,"hom":22,"muj":24,"viv":20,"hog":15}},{"type":"Feature","geometry":{"type":"Polygon","coordinates":[[[-70.62704,-33.44771],[-70.62734,-33.44682],[-70.62675,-33.44662],[-70.62652,-33.44755],[-70.62704,-33.44771]]]},"properties":{"id":"13123061003016","cut":13123,"comuna":"PROVIDENCIA","pob":99,"hom":52,"muj":47,"viv":41,"hog":42}},{"type":"Feature","geometry":{"type":"Polygon","coordinates":[[[-70.61455,-33.44709],[-70.61555,-33.44728],[-70.61563,-33.44698],[-70.61511,-33.44689],[-70.615,-33.44679],[-70.61446,-33.44693],[-70.61455,-33.44709]]]},"properties":{"id":"13123011003015","cut":13123,"comuna":"PROVIDENCIA","pob":23,"hom":10,"muj":13,"viv":8,"hog":7}},{"type":"Feature","geometry":{"type":"Polygon","coordinates":[[[-70.62791,-33.4491],[-70.62851,-33.44694],[-70.62752,-33.44678],[-70.62682,-33.44887],[-70.62791,-33.4491]]]},"properties":{"id":"13123061003015","cut":13123,"comuna":"PROVIDENCIA","pob":204,"hom":105,"muj":99,"viv":80,"hog":79}},{"type":"Feature","geometry":{"type":"Polygon","coordinates":[[[-70.62333,-33.44753],[-70.62351,-33.44706],[-70.62262,-33.4469],[-70.62251,-33.44736],[-70.62333,-33.44753]]]},"properties":{"id":"13123011005022","cut":13123,"comuna":"PROVIDENCIA","pob":22,"hom":8,"muj":14,"viv":8,"hog":10}},{"type":"Feature","geometry":{"type":"Polygon","coordinates":[[[-70.62864,-33.44694],[-70.62841,-33.44774],[-70.62919,-33.44788],[-70.62931,-33.44757],[-70.62901,-33.44866],[-70.62909,-33.44875],[-70.62976,-33.44887],[-70.63023,-33.44716],[-70.62864,-33.44694]]]},"properties":{"id":"13123061003011","cut":13123,"comuna":"PROVIDENCIA","pob":100,"hom":48,"muj":52,"viv":53,"hog":42}},{"type":"Feature","geometry":{"type":"Polygon","coordinates":[[[-70.62332,-33.44813],[-70.6237,-33.44818],[-70.62396,-33.44715],[-70.62359,-33.44709],[-70.62332,-33.44813]]]},"properties":{"id":"13123011005024","cut":13123,"comuna":"PROVIDENCIA","pob":55,"hom":25,"muj":30,"viv":34,"hog":21}},{"type":"Feature","geometry":{"type":"Polygon","coordinates":[[[-70.61835,-33.44833],[-70.61857,-33.44767],[-70.61666,-33.44742],[-70.61659,-33.44799],[-70.61835,-33.44833]]]},"properties":{"id":"13123011003018","cut":13123,"comuna":"PROVIDENCIA","pob":283,"hom":125,"muj":158,"viv":85,"hog":83}},{"type":"Feature","geometry":{"type":"Polygon","coordinates":[[[-70.62316,-33.4481],[-70.62335,-33.44759],[-70.62247,-33.44742],[-70.62233,-33.44793],[-70.62316,-33.4481]]]},"properties":{"id":"13123011005023","cut":13123,"comuna":"PROVIDENCIA","pob":60,"hom":22,"muj":38,"viv":22,"hog":21}},{"type":"Feature","geometry":{"type":"Polygon","coordinates":[[[-70.63183,-33.44829],[-70.63196,-33.44786],[-70.63046,-33.44759],[-70.63036,-33.44801],[-70.63183,-33.44829]]]},"properties":{"id":"13123061002028","cut":13123,"comuna":"PROVIDENCIA","pob":125,"hom":54,"muj":71,"viv":75,"hog":64}},{"type":"Feature","geometry":{"type":"Polygon","coordinates":[[[-70.62884,-33.44871],[-70.62896,-33.44864],[-70.62917,-33.4479],[-70.6284,-33.44777],[-70.62819,-33.44858],[-70.62884,-33.44871]]]},"properties":{"id":"13123061003014","cut":13123,"comuna":"PROVIDENCIA","pob":12,"hom":6,"muj":6,"viv":10,"hog":5}},{"type":"Feature","geometry":{"type":"Polygon","coordinates":[[[-70.63016,-33.44867],[-70.63166,-33.44892],[-70.63184,-33.44837],[-70.63033,-33.44807],[-70.63016,-33.44867]]]},"properties":{"id":"13123061002030","cut":13123,"comuna":"PROVIDENCIA","pob":316,"hom":133,"muj":183,"viv":151,"hog":134}},{"type":"Feature","geometry":{"type":"Polygon","coordinates":[[[-70.63013,-33.44879],[-70.63005,-33.44912],[-70.63155,-33.44936],[-70.6316,-33.44897],[-70.63013,-33.44879]]]},"properties":{"id":"13123061002031","cut":13123,"comuna":"PROVIDENCIA","pob":85,"hom":38,"muj":47,"viv":42,"hog":38}},{"type":"Feature","geometry":{"type":"Polygon","coordinates":[[[-70.62957,-33.44941],[-70.62972,-33.44893],[-70.6291,-33.44881],[-70.62895,-33.44887],[-70.62902,-33.4493],[-70.62957,-33.44941]]]},"properties":{"id":"13123061003012","cut":13123,"comuna":"PROVIDENCIA","pob":40,"hom":24,"muj":16,"viv":28,"hog":24}},{"type":"Feature","geometry":{"type":"Polygon","coordinates":[[[-70.63137,-33.44976],[-70.63149,-33.44945],[-70.63002,-33.44919],[-70.62997,-33.44949],[-70.63137,-33.44976]]]},"properties":{"id":"13123061002032","cut":13123,"comuna":"PROVIDENCIA","pob":103,"hom":54,"muj":49,"viv":48,"hog":49}},{"type":"Feature","geometry":{"type":"Polygon","coordinates":[[[-70.61894,-33.42914],[-70.6195,-33.42853],[-70.61865,-33.4282],[-70.61836,-33.4288],[-70.61894,-33.42914]]]},"properties":{"id":"13123021005003","cut":13123,"comuna":"PROVIDENCIA","pob":173,"hom":91,"muj":82,"viv":134,"hog":98}},{"type":"Feature","geometry":{"type":"Polygon","coordinates":[[[-70.61975,-33.42952],[-70.62022,-33.42888],[-70.61979,-33.42865],[-70.61926,-33.42925],[-70.61975,-33.42952]]]},"properties":{"id":"13123021005001","cut":13123,"comuna":"PROVIDENCIA","pob":140,"hom":76,"muj":64,"viv":165,"hog":82}},{"type":"Feature","geometry":{"type":"Polygon","coordinates":[[[-70.58481,-33.43194],[-70.58362,-33.43321],[-70.5841,-33.43362],[-70.5848,-33.43312],[-70.58418,-33.43367],[-70.58449,-33.43397],[-70.58556,-33.43346],[-70.58612,-33.43303],[-70.58544,-33.43229],[-70.58481,-33.43194]]]},"properties":{"id":"13123051002002","cut":13123,"comuna":"PROVIDENCIA","pob":757,"hom":359,"muj":398,"viv":354,"hog":320}},{"type":"Feature","geometry":{"type":"Polygon","coordinates":[[[-70.63049,-33.44751],[-70.63197,-33.4478],[-70.63211,-33.44747],[-70.63193,-33.44739],[-70.63175,-33.44751],[-70.63085,-33.44737],[-70.63059,-33.44718],[-70.63049,-33.44751]]]},"properties":{"id":"13123061002027","cut":13123,"comuna":"PROVIDENCIA","pob":102,"hom":50,"muj":52,"viv":61,"hog":48}},{"type":"Feature","geometry":{"type":"Polygon","coordinates":[[[-70.59746,-33.44445],[-70.59814,-33.44447],[-70.59828,-33.44314],[-70.59759,-33.44308],[-70.59746,-33.44445]]]},"properties":{"id":"13123051001037","cut":13123,"comuna":"PROVIDENCIA","pob":89,"hom":43,"muj":46,"viv":31,"hog":33}},{"type":"Feature","geometry":{"type":"Polygon","coordinates":[[[-70.59826,-33.44426],[-70.59914,-33.44431],[-70.59928,-33.44326],[-70.59841,-33.44315],[-70.59826,-33.44426]]]},"properties":{"id":"13123051001039","cut":13123,"comuna":"PROVIDENCIA","pob":143,"hom":60,"muj":83,"viv":66,"hog":61}},{"type":"Feature","geometry":{"type":"Polygon","coordinates":[[[-70.59413,-33.44331],[-70.59503,-33.44345],[-70.59511,-33.44283],[-70.59396,-33.44273],[-70.59396,-33.44305],[-70.59413,-33.44331]]]},"properties":{"id":"13123051001032","cut":13123,"comuna":"PROVIDENCIA","pob":93,"hom":40,"muj":53,"viv":26,"hog":32}},{"type":"Feature","geometry":{"type":"Polygon","coordinates":[[[-70.5942,-33.44339],[-70.59494,-33.4442],[-70.59503,-33.44348],[-70.5942,-33.44339]]]},"properties":{"id":"13123051001031","cut":13123,"comuna":"PROVIDENCIA","pob":40,"hom":23,"muj":17,"viv":15,"hog":13}},{"type":"Feature","geometry":{"type":"Polygon","coordinates":[[[-70.60813,-33.41202],[-70.60883,-33.41236],[-70.6099,-33.41243],[-70.61076,-33.41268],[-70.61121,-33.41298],[-70.61235,-33.41445],[-70.61298,-33.41459],[-70.61336,-33.41448],[-70.61347,-33.41435],[-70.61385,-33.41464],[-70.61291,-33.41539],[-70.61241,-33.41566],[-70.6142,-33.41545],[-70.61723,-33.4154],[-70.61753,-33.41546],[-70.62073,-33.41833],[-70.6212,-33.41896],[-70.62149,-33.41979],[-70.62171,-33.42003],[-70.62163,-33.41975],[-70.62174,-33.41973],[-70.62196,-33.42076],[-70.62286,-33.42246],[-70.62326,-33.424],[-70.62808,-33.42268],[-70.62902,-33.42277],[-70.63112,-33.42329],[-70.63101,-33.42283],[-70.63049,-33.42228],[-70.63098,-33.42245],[-70.63154,-33.42288],[-70.63094,-33.42195],[-70.63017,-33.42145],[-70.63054,-33.42132],[-70.63095,-33.42139],[-70.63242,-33.42224],[-70.63177,-33.42146],[-70.63109,-33.42125],[-70.63008,-33.42036],[-70.62815,-33.41977],[-70.62649,-33.41896],[-70.62449,-33.41778],[-70.62357,-33.41648],[-70.62287,-33.41603],[-70.62218,-33.4154],[-70.62122,-33.41484],[-70.62101,-33.41395],[-70.62083,-33.41378],[-70.62032,-33.41254],[-70.61942,-33.41173],[-70.61923,-33.41168],[-70.61827,-33.41201],[-70.61737,-33.41175],[-70.61697,-33.4112],[-70.61539,-33.41024],[-70.6145,-33.4095],[-70.61385,-33.40917],[-70.60649,-33.40918],[-70.60739,-33.40999],[-70.60757,-33.41042],[-70.60769,-33.41142],[-70.60813,-33.41202]]]},"properties":{"id":"13123071002001","cut":13123,"comuna":"PROVIDENCIA","pob":0,"hom":0,"muj":0,"viv":1,"hog":0}},{"type":"Feature","geometry":{"type":"Polygon","coordinates":[[[-70.59767,-33.44301],[-70.59843,-33.44306],[-70.59863,-33.44148],[-70.59782,-33.4414],[-70.59767,-33.44301]]]},"properties":{"id":"13123051001002","cut":13123,"comuna":"PROVIDENCIA","pob":179,"hom":81,"muj":98,"viv":77,"hog":66}},{"type":"Feature","geometry":{"type":"Polygon","coordinates":[[[-70.62472,-33.43477],[-70.62305,-33.43476],[-70.62297,-33.43495],[-70.62482,-33.43505],[-70.62514,-33.43489],[-70.62598,-33.43504],[-70.62637,-33.43376],[-70.62585,-33.43321],[-70.62527,-33.43364],[-70.62536,-33.43377],[-70.62472,-33.43477]]]},"properties":{"id":"13123011001009","cut":13123,"comuna":"PROVIDENCIA","pob":30,"hom":14,"muj":16,"viv":11,"hog":10}},{"type":"Feature","geometry":{"type":"Polygon","coordinates":[[[-70.61979,-33.42973],[-70.61953,-33.43012],[-70.62116,-33.43101],[-70.62201,-33.43008],[-70.62147,-33.42987],[-70.61979,-33.42973]]]},"properties":{"id":"13123011008500","cut":13123,"comuna":"PROVIDENCIA","pob":388,"hom":179,"muj":209,"viv":260,"hog":221}},{"type":"Feature","geometry":{"type":"Polygon","coordinates":[[[-70.61376,-33.42236],[-70.6142,-33.42266],[-70.61464,-33.42218],[-70.61412,-33.42202],[-70.61376,-33.42236]]]},"properties":{"id":"13123081002500","cut":13123,"comuna":"PROVIDENCIA","pob":29,"hom":14,"muj":15,"viv":33,"hog":15}},{"type":"Feature","geometry":{"type":"Polygon","coordinates":[[[-70.6009,-33.4404],[-70.60119,-33.44045],[-70.60129,-33.43996],[-70.60089,-33.43991],[-70.6009,-33.4404]]]},"properties":{"id":"13123041012501","cut":13123,"comuna":"PROVIDENCIA","pob":31,"hom":18,"muj":13,"viv":10,"hog":9}},{"type":"Feature","geometry":{"type":"Polygon","coordinates":[[[-70.62476,-33.44477],[-70.62547,-33.4449],[-70.62571,-33.44402],[-70.62502,-33.44389],[-70.62476,-33.44477]]]},"properties":{"id":"13123011005500","cut":13123,"comuna":"PROVIDENCIA","pob":52,"hom":26,"muj":26,"viv":21,"hog":21}},{"type":"Feature","geometry":{"type":"MultiPolygon","coordinates":[[[[-70.62521,-33.43824],[-70.62756,-33.43871],[-70.62773,-33.43814],[-70.62536,-33.43766],[-70.62521,-33.43824]]],[[[-70.6243,-33.43442],[-70.62446,-33.43428],[-70.62334,-33.43377],[-70.62322,-33.43422],[-70.6243,-33.43442]]]]},"properties":{"id":"13123011001901","cut":13123,"comuna":"PROVIDENCIA","pob":16,"hom":11,"muj":5,"viv":11,"hog":8}},{"type":"Feature","geometry":{"type":"MultiPolygon","coordinates":[[[[-70.61584,-33.44633],[-70.61673,-33.44651],[-70.61688,-33.44582],[-70.61584,-33.44633]]],[[[-70.61459,-33.44426],[-70.61444,-33.44482],[-70.61507,-33.44475],[-70.61594,-33.44482],[-70.61582,-33.44439],[-70.61459,-33.44426]]]]},"properties":{"id":"13123011003901","cut":13123,"comuna":"PROVIDENCIA","pob":49,"hom":26,"muj":23,"viv":12,"hog":12}},{"type":"Feature","geometry":{"type":"MultiPolygon","coordinates":[[[[-70.62025,-33.43808],[-70.62004,-33.43901],[-70.62097,-33.43918],[-70.62107,-33.43882],[-70.621,-33.43918],[-70.62147,-33.43914],[-70.62172,-33.43837],[-70.62025,-33.43808]]],[[[-70.61627,-33.43686],[-70.61702,-33.43693],[-70.61711,-33.43654],[-70.61632,-33.43641],[-70.61627,-33.43686]]]]},"properties":{"id":"13123011004901","cut":13123,"comuna":"PROVIDENCIA","pob":34,"hom":23,"muj":11,"viv":18,"hog":14}},{"type":"Feature","geometry":{"type":"MultiPolygon","coordinates":[[[[-70.61768,-33.44303],[-70.61895,-33.44321],[-70.6192,-33.44219],[-70.61787,-33.442],[-70.61768,-33.44303]]],[[[-70.6192,-33.44213],[-70.61944,-33.44112],[-70.61812,-33.44088],[-70.61788,-33.44193],[-70.6192,-33.44213]]]]},"properties":{"id":"13123011006901","cut":13123,"comuna":"PROVIDENCIA","pob":390,"hom":199,"muj":191,"viv":183,"hog":165}},{"type":"Feature","geometry":{"type":"MultiPolygon","coordinates":[[[[-70.61249,-33.42903],[-70.61277,-33.42903],[-70.61304,-33.4289],[-70.61371,-33.4275],[-70.61287,-33.42727],[-70.61249,-33.42903]]],[[[-70.61228,-33.42476],[-70.61374,-33.42538],[-70.61407,-33.42513],[-70.61311,-33.4242],[-70.61377,-33.42486],[-70.6131,-33.42427],[-70.61265,-33.42478],[-70.61304,-33.42414],[-70.61252,-33.42374],[-70.6124,-33.42379],[-70.61209,-33.42457],[-70.61228,-33.42476]]]]},"properties":{"id":"13123021002901","cut":13123,"comuna":"PROVIDENCIA","pob":234,"hom":113,"muj":121,"viv":147,"hog":129}},{"type":"Feature","geometry":{"type":"MultiPolygon","coordinates":[[[[-70.60937,-33.43658],[-70.60907,-33.43765],[-70.60975,-33.43779],[-70.60991,-33.43734],[-70.60992,-33.43758],[-70.61045,-33.43768],[-70.60988,-33.43766],[-70.60977,-33.4383],[-70.6111,-33.43838],[-70.6115,-33.43707],[-70.60937,-33.43658]]],[[[-70.60786,-33.43731],[-70.60895,-33.43762],[-70.60926,-33.43656],[-70.60813,-33.43633],[-70.60786,-33.43731]]]]},"properties":{"id":"13123021003901","cut":13123,"comuna":"PROVIDENCIA","pob":209,"hom":106,"muj":103,"viv":409,"hog":78}},{"type":"Feature","geometry":{"type":"MultiPolygon","coordinates":[[[[-70.61786,-33.43242],[-70.61864,-33.43128],[-70.61812,-33.43102],[-70.61741,-33.43217],[-70.61786,-33.43242]]],[[[-70.61666,-33.43195],[-70.6171,-33.43117],[-70.61656,-33.43101],[-70.61623,-33.43182],[-70.61666,-33.43195]]],[[[-70.61863,-33.43118],[-70.61969,-33.42964],[-70.61899,-33.42931],[-70.61814,-33.43093],[-70.61863,-33.43118]]]]},"properties":{"id":"13123021005901","cut":13123,"comuna":"PROVIDENCIA","pob":31,"hom":15,"muj":16,"viv":9,"hog":10}},{"type":"Feature","geometry":{"type":"MultiPolygon","coordinates":[[[[-70.60072,-33.42949],[-70.60127,-33.42777],[-70.60067,-33.42763],[-70.60042,-33.42771],[-70.59995,-33.42929],[-70.60072,-33.42949]]],[[[-70.59501,-33.42821],[-70.59595,-33.4284],[-70.59658,-33.42672],[-70.59571,-33.42645],[-70.59501,-33.42821]]]]},"properties":{"id":"13123031004901","cut":13123,"comuna":"PROVIDENCIA","pob":373,"hom":181,"muj":192,"viv":176,"hog":155}},{"type":"Feature","geometry":{"type":"MultiPolygon","coordinates":[[[[-70.60438,-33.42448],[-70.60544,-33.42468],[-70.60564,-33.42414],[-70.6045,-33.42391],[-70.60438,-33.42448]]],[[[-70.60629,-33.42175],[-70.60537,-33.4215],[-70.60506,-33.42224],[-70.60701,-33.42267],[-70.60754,-33.42141],[-70.6068,-33.42092],[-70.60629,-33.42175]]]]},"properties":{"id":"13123031006901","cut":13123,"comuna":"PROVIDENCIA","pob":662,"hom":327,"muj":335,"viv":426,"hog":363}},{"type":"Feature","geometry":{"type":"MultiPolygon","coordinates":[[[[-70.60267,-33.43077],[-70.60346,-33.43071],[-70.60361,-33.43024],[-70.60284,-33.43008],[-70.60267,-33.43077]]],[[[-70.60182,-33.42983],[-70.60112,-33.43223],[-70.60199,-33.43244],[-70.60266,-33.43007],[-70.60182,-33.42983]]]]},"properties":{"id":"13123041006901","cut":13123,"comuna":"PROVIDENCIA","pob":485,"hom":233,"muj":252,"viv":275,"hog":219}},{"type":"Feature","geometry":{"type":"MultiPolygon","coordinates":[[[[-70.60725,-33.43829],[-70.60739,-33.43821],[-70.60756,-33.43757],[-70.6072,-33.43748],[-70.6069,-33.43722],[-70.60635,-33.4371],[-70.60605,-33.43805],[-70.60725,-33.43829]]],[[[-70.6042,-33.43644],[-70.6046,-33.4354],[-70.60315,-33.43505],[-70.60282,-33.43611],[-70.6042,-33.43644]]]]},"properties":{"id":"13123041007901","cut":13123,"comuna":"PROVIDENCIA","pob":630,"hom":299,"muj":331,"viv":378,"hog":333}},{"type":"Feature","geometry":{"type":"MultiPolygon","coordinates":[[[[-70.59736,-33.4451],[-70.59806,-33.44467],[-70.59807,-33.44458],[-70.59741,-33.44452],[-70.59736,-33.4451]]],[[[-70.59184,-33.44267],[-70.59222,-33.4426],[-70.59287,-33.44224],[-70.59206,-33.44114],[-70.59171,-33.44137],[-70.59184,-33.44267]]]]},"properties":{"id":"13123051001901","cut":13123,"comuna":"PROVIDENCIA","pob":100,"hom":42,"muj":58,"viv":30,"hog":33}},{"type":"Feature","geometry":{"type":"MultiPolygon","coordinates":[[[[-70.63269,-33.44533],[-70.63281,-33.44499],[-70.63125,-33.44472],[-70.63117,-33.44507],[-70.63269,-33.44533]]],[[[-70.62826,-33.44322],[-70.62847,-33.44314],[-70.62854,-33.44289],[-70.62817,-33.44282],[-70.62807,-33.44306],[-70.62826,-33.44322]]],[[[-70.62691,-33.44352],[-70.62804,-33.44284],[-70.62806,-33.44278],[-70.62716,-33.4426],[-70.62691,-33.44352]]]]},"properties":{"id":"13123061002901","cut":13123,"comuna":"PROVIDENCIA","pob":46,"hom":22,"muj":24,"viv":15,"hog":6}},{"type":"Feature","geometry":{"type":"MultiPolygon","coordinates":[[[[-70.62806,-33.44908],[-70.62892,-33.44927],[-70.62883,-33.44877],[-70.62818,-33.44864],[-70.62806,-33.44908]]],[[[-70.62883,-33.44606],[-70.62865,-33.44686],[-70.62968,-33.447],[-70.6298,-33.44656],[-70.62971,-33.44701],[-70.63024,-33.44708],[-70.63047,-33.44632],[-70.62883,-33.44606]]]]},"properties":{"id":"13123061003901","cut":13123,"comuna":"PROVIDENCIA","pob":117,"hom":59,"muj":58,"viv":27,"hog":27}},{"type":"Feature","geometry":{"type":"MultiPolygon","coordinates":[[[[-70.62962,-33.43658],[-70.63048,-33.43668],[-70.63008,-33.43623],[-70.62974,-33.43616],[-70.62962,-33.43658]]],[[[-70.63077,-33.43671],[-70.63087,-33.43622],[-70.63012,-33.4359],[-70.63001,-33.43611],[-70.63055,-33.43665],[-70.63077,-33.43671]]]]},"properties":{"id":"13123061004901","cut":13123,"comuna":"PROVIDENCIA","pob":6,"hom":0,"muj":0,"viv":4,"hog":4}},{"type":"Feature","geometry":{"type":"MultiPolygon","coordinates":[[[[-70.62897,-33.43152],[-70.62999,-33.43018],[-70.62799,-33.42916],[-70.62767,-33.42976],[-70.62796,-33.43054],[-70.62897,-33.43152]]],[[[-70.63154,-33.42288],[-70.63098,-33.42245],[-70.63057,-33.42228],[-70.63049,-33.42228],[-70.63103,-33.42286],[-70.63112,-33.42329],[-70.62902,-33.42277],[-70.62829,-33.42268],[-70.62776,-33.42273],[-70.62326,-33.424],[-70.6235,-33.42499],[-70.62402,-33.42541],[-70.62549,-33.42534],[-70.62645,-33.42565],[-70.6288,-33.42724],[-70.62962,-33.42814],[-70.6312,-33.42949],[-70.63267,-33.43027],[-70.63351,-33.4304],[-70.63387,-33.43054],[-70.63383,-33.43063],[-70.63423,-33.43071],[-70.63533,-33.43012],[-70.6357,-33.42977],[-70.63365,-33.42649],[-70.63325,-33.42556],[-70.63277,-33.42492],[-70.63262,-33.42409],[-70.63264,-33.42282],[-70.63242,-33.42224],[-70.63084,-33.42133],[-70.63024,-33.4214],[-70.63017,-33.42145],[-70.63069,-33.42172],[-70.63101,-33.42203],[-70.63154,-33.42288]]]]},"properties":{"id":"13123071001901","cut":13123,"comuna":"PROVIDENCIA","pob":358,"hom":165,"muj":193,"viv":169,"hog":150}},{"type":"Feature","geometry":{"type":"MultiPolygon","coordinates":[[[[-70.61176,-33.41891],[-70.61313,-33.41984],[-70.61353,-33.41939],[-70.6122,-33.41848],[-70.61176,-33.41891]]],[[[-70.60833,-33.41369],[-70.60915,-33.41368],[-70.60923,-33.41363],[-70.60844,-33.41297],[-70.60821,-33.41324],[-70.60833,-33.41369]]]]},"properties":{"id":"13123071002901","cut":13123,"comuna":"PROVIDENCIA","pob":66,"hom":25,"muj":41,"viv":28,"hog":21}},{"type":"Feature","geometry":{"type":"MultiPolygon","coordinates":[[[[-70.60897,-33.42049],[-70.60937,-33.42092],[-70.61024,-33.41969],[-70.60984,-33.41935],[-70.60897,-33.42049]]],[[[-70.60841,-33.42017],[-70.60934,-33.41892],[-70.60906,-33.41863],[-70.60762,-33.41957],[-70.60761,-33.41966],[-70.60786,-33.41986],[-70.60841,-33.42017]]]]},"properties":{"id":"13123081002901","cut":13123,"comuna":"PROVIDENCIA","pob":182,"hom":102,"muj":80,"viv":119,"hog":79}},{"type":"Feature","geometry":{"type":"MultiPolygon","coordinates":[[[[-70.6192,-33.42826],[-70.62062,-33.42689],[-70.62029,-33.42629],[-70.61977,-33.4266],[-70.61851,-33.42794],[-70.6192,-33.42826]]],[[[-70.62122,-33.42632],[-70.62191,-33.42611],[-70.62147,-33.4252],[-70.62079,-33.42551],[-70.62122,-33.42632]]]]},"properties":{"id":"13123081004901","cut":13123,"comuna":"PROVIDENCIA","pob":416,"hom":191,"muj":225,"viv":298,"hog":251}},{"type":"Feature","geometry":{"type":"Polygon","coordinates":[[[-70.60763,-33.4137],[-70.60819,-33.41367],[-70.60813,-33.4132],[-70.60836,-33.41289],[-70.60727,-33.41191],[-70.60716,-33.41201],[-70.60763,-33.4137]]]},"properties":{"id":"13123071002006","cut":13123,"comuna":"PROVIDENCIA","pob":14,"hom":0,"muj":0,"viv":4,"hog":4}},{"type":"Feature","geometry":{"type":"Polygon","coordinates":[[[-70.60837,-33.41279],[-70.60893,-33.41325],[-70.60934,-33.41296],[-70.60979,-33.4128],[-70.61012,-33.41281],[-70.61064,-33.41301],[-70.61084,-33.41319],[-70.61084,-33.41351],[-70.61003,-33.41425],[-70.6116,-33.41564],[-70.61262,-33.41532],[-70.61277,-33.41495],[-70.61211,-33.41456],[-70.61106,-33.41324],[-70.61064,-33.4129],[-70.61022,-33.41273],[-70.60926,-33.41265],[-70.60843,-33.41245],[-70.60826,-33.41255],[-70.60837,-33.41279]]]},"properties":{"id":"13123071002002","cut":13123,"comuna":"PROVIDENCIA","pob":24,"hom":10,"muj":14,"viv":8,"hog":8}},{"type":"Feature","geometry":{"type":"Polygon","coordinates":[[[-70.60945,-33.41372],[-70.61034,-33.41307],[-70.61037,-33.41294],[-70.60999,-33.41285],[-70.60961,-33.41291],[-70.60905,-33.41328],[-70.60902,-33.41335],[-70.60945,-33.41372]]]},"properties":{"id":"13123071002004","cut":13123,"comuna":"PROVIDENCIA","pob":27,"hom":16,"muj":11,"viv":7,"hog":6}},{"type":"Feature","geometry":{"type":"Polygon","coordinates":[[[-70.60991,-33.41412],[-70.61081,-33.41345],[-70.61075,-33.4132],[-70.61056,-33.41304],[-70.60957,-33.41378],[-70.60991,-33.41412]]]},"properties":{"id":"13123071002003","cut":13123,"comuna":"PROVIDENCIA","pob":34,"hom":15,"muj":19,"viv":10,"hog":9}},{"type":"Feature","geometry":{"type":"Polygon","coordinates":[[[-70.60896,-33.41618],[-70.60945,-33.41604],[-70.60855,-33.41498],[-70.60822,-33.41378],[-70.60767,-33.41379],[-70.60798,-33.41515],[-70.60872,-33.41607],[-70.60896,-33.41618]]]},"properties":{"id":"13123071002007","cut":13123,"comuna":"PROVIDENCIA","pob":126,"hom":61,"muj":65,"viv":52,"hog":40}},{"type":"Feature","geometry":{"type":"Polygon","coordinates":[[[-70.61013,-33.41593],[-70.61059,-33.41581],[-70.61043,-33.4155],[-70.60954,-33.41452],[-70.60952,-33.41433],[-70.60973,-33.41408],[-70.60938,-33.41377],[-70.60893,-33.41377],[-70.60919,-33.41483],[-70.61013,-33.41593]]]},"properties":{"id":"13123071002009","cut":13123,"comuna":"PROVIDENCIA","pob":77,"hom":45,"muj":32,"viv":25,"hog":21}},{"type":"Feature","geometry":{"type":"Polygon","coordinates":[[[-70.60959,-33.41607],[-70.61001,-33.41597],[-70.61,-33.41587],[-70.6091,-33.41483],[-70.60882,-33.41379],[-70.60837,-33.41378],[-70.60868,-33.41504],[-70.60959,-33.41607]]]},"properties":{"id":"13123071002008","cut":13123,"comuna":"PROVIDENCIA","pob":93,"hom":47,"muj":46,"viv":35,"hog":28}},{"type":"Feature","geometry":{"type":"Polygon","coordinates":[[[-70.61069,-33.41579],[-70.61142,-33.4156],[-70.60981,-33.4142],[-70.60958,-33.41439],[-70.60962,-33.41451],[-70.6105,-33.41545],[-70.61069,-33.41579]]]},"properties":{"id":"13123071002010","cut":13123,"comuna":"PROVIDENCIA","pob":23,"hom":11,"muj":12,"viv":11,"hog":8}},{"type":"Feature","geometry":{"type":"Polygon","coordinates":[[[-70.61564,-33.41668],[-70.61614,-33.41612],[-70.61627,-33.41551],[-70.61477,-33.4155],[-70.61485,-33.41595],[-70.61564,-33.41668]]]},"properties":{"id":"13123071002025","cut":13123,"comuna":"PROVIDENCIA","pob":72,"hom":39,"muj":33,"viv":24,"hog":20}},{"type":"Feature","geometry":{"type":"Polygon","coordinates":[[[-70.61448,-33.41647],[-70.61489,-33.41617],[-70.61465,-33.41553],[-70.61393,-33.41551],[-70.61387,-33.41558],[-70.61401,-33.41601],[-70.61448,-33.41647]]]},"properties":{"id":"13123071002024","cut":13123,"comuna":"PROVIDENCIA","pob":62,"hom":23,"muj":39,"viv":17,"hog":16}},{"type":"Feature","geometry":{"type":"Polygon","coordinates":[[[-70.61644,-33.4171],[-70.61656,-33.41708],[-70.6173,-33.41563],[-70.61726,-33.41548],[-70.61638,-33.41549],[-70.61618,-33.41622],[-70.61576,-33.41671],[-70.61644,-33.4171]]]},"properties":{"id":"13123071002026","cut":13123,"comuna":"PROVIDENCIA","pob":90,"hom":43,"muj":47,"viv":34,"hog":29}},{"type":"Feature","geometry":{"type":"Polygon","coordinates":[[[-70.61336,-33.41632],[-70.61399,-33.41687],[-70.61442,-33.41657],[-70.61397,-33.41609],[-70.61375,-33.41554],[-70.61295,-33.41565],[-70.61336,-33.41632]]]},"properties":{"id":"13123071002023","cut":13123,"comuna":"PROVIDENCIA","pob":65,"hom":32,"muj":33,"viv":23,"hog":22}},{"type":"Feature","geometry":{"type":"Polygon","coordinates":[[[-70.61234,-33.4163],[-70.61345,-33.41728],[-70.61393,-33.41695],[-70.6132,-33.41626],[-70.61285,-33.41564],[-70.61203,-33.41579],[-70.61199,-33.41588],[-70.61234,-33.4163]]]},"properties":{"id":"13123071002022","cut":13123,"comuna":"PROVIDENCIA","pob":69,"hom":36,"muj":33,"viv":31,"hog":25}},{"type":"Feature","geometry":{"type":"Polygon","coordinates":[[[-70.61742,-33.41562],[-70.61669,-33.41719],[-70.61735,-33.41741],[-70.61781,-33.41675],[-70.61788,-33.4168],[-70.61758,-33.41713],[-70.61748,-33.41747],[-70.61785,-33.4176],[-70.61833,-33.41721],[-70.6185,-33.41719],[-70.62016,-33.41868],[-70.62064,-33.41839],[-70.61757,-33.41561],[-70.61742,-33.41562]]]},"properties":{"id":"13123071002045","cut":13123,"comuna":"PROVIDENCIA","pob":244,"hom":106,"muj":138,"viv":80,"hog":72}},{"type":"Feature","geometry":{"type":"Polygon","coordinates":[[[-70.61148,-33.41682],[-70.61217,-33.41631],[-70.61158,-33.41579],[-70.61093,-33.41595],[-70.61118,-33.41651],[-70.61148,-33.41682]]]},"properties":{"id":"13123071002011","cut":13123,"comuna":"PROVIDENCIA","pob":50,"hom":22,"muj":28,"viv":17,"hog":14}},{"type":"Feature","geometry":{"type":"Polygon","coordinates":[[[-70.6109,-33.41727],[-70.61146,-33.4169],[-70.61107,-33.41646],[-70.61084,-33.41594],[-70.6102,-33.41606],[-70.61039,-33.41666],[-70.6109,-33.41727]]]},"properties":{"id":"13123071002012","cut":13123,"comuna":"PROVIDENCIA","pob":80,"hom":32,"muj":48,"viv":26,"hog":23}},{"type":"Feature","geometry":{"type":"Polygon","coordinates":[[[-70.61032,-33.41773],[-70.61085,-33.41735],[-70.61039,-33.4168],[-70.61003,-33.41611],[-70.60904,-33.41631],[-70.61032,-33.41773]]]},"properties":{"id":"13123071002013","cut":13123,"comuna":"PROVIDENCIA","pob":56,"hom":30,"muj":26,"viv":14,"hog":9}},{"type":"Feature","geometry":{"type":"Polygon","coordinates":[[[-70.60515,-33.41736],[-70.60601,-33.41961],[-70.60635,-33.41926],[-70.60856,-33.41816],[-70.60701,-33.41649],[-70.60657,-33.41662],[-70.60515,-33.41736]]]},"properties":{"id":"13123081002002","cut":13123,"comuna":"PROVIDENCIA","pob":10,"hom":5,"muj":5,"viv":17,"hog":8}},{"type":"Feature","geometry":{"type":"Polygon","coordinates":[[[-70.61613,-33.41767],[-70.61627,-33.41764],[-70.61645,-33.41718],[-70.6157,-33.41683],[-70.61502,-33.41625],[-70.61461,-33.41652],[-70.61544,-33.41731],[-70.61613,-33.41767]]]},"properties":{"id":"13123071002027","cut":13123,"comuna":"PROVIDENCIA","pob":95,"hom":51,"muj":44,"viv":34,"hog":31}},{"type":"Feature","geometry":{"type":"Polygon","coordinates":[[[-70.61268,-33.41787],[-70.61338,-33.41735],[-70.61222,-33.41636],[-70.6116,-33.41689],[-70.61268,-33.41787]]]},"properties":{"id":"13123071002021","cut":13123,"comuna":"PROVIDENCIA","pob":62,"hom":31,"muj":31,"viv":29,"hog":28}},{"type":"Feature","geometry":{"type":"Polygon","coordinates":[[[-70.61401,-33.41777],[-70.61498,-33.41706],[-70.61456,-33.41666],[-70.61358,-33.41736],[-70.61401,-33.41777]]]},"properties":{"id":"13123071002029","cut":13123,"comuna":"PROVIDENCIA","pob":43,"hom":17,"muj":26,"viv":30,"hog":24}},{"type":"Feature","geometry":{"type":"Polygon","coordinates":[[[-70.6121,-33.41829],[-70.61226,-33.41827],[-70.6126,-33.41793],[-70.61148,-33.41698],[-70.61099,-33.41737],[-70.6121,-33.41829]]]},"properties":{"id":"13123071002020","cut":13123,"comuna":"PROVIDENCIA","pob":123,"hom":51,"muj":72,"viv":41,"hog":33}},{"type":"Feature","geometry":{"type":"Polygon","coordinates":[[[-70.6151,-33.41785],[-70.61602,-33.41823],[-70.6162,-33.41775],[-70.615,-33.41711],[-70.61464,-33.41745],[-70.6151,-33.41785]]]},"properties":{"id":"13123071002028","cut":13123,"comuna":"PROVIDENCIA","pob":64,"hom":27,"muj":37,"viv":21,"hog":21}},{"type":"Feature","geometry":{"type":"Polygon","coordinates":[[[-70.61915,-33.41944],[-70.61954,-33.41918],[-70.61953,-33.41906],[-70.61834,-33.41796],[-70.61785,-33.41769],[-70.61658,-33.41727],[-70.61641,-33.41776],[-70.61777,-33.41827],[-70.61915,-33.41944]]]},"properties":{"id":"13123071002043","cut":13123,"comuna":"PROVIDENCIA","pob":92,"hom":40,"muj":52,"viv":36,"hog":30}},{"type":"Feature","geometry":{"type":"Polygon","coordinates":[[[-70.61963,-33.41904],[-70.62009,-33.41872],[-70.61855,-33.41731],[-70.61836,-33.41729],[-70.61797,-33.41766],[-70.61837,-33.41788],[-70.61963,-33.41904]]]},"properties":{"id":"13123071002044","cut":13123,"comuna":"PROVIDENCIA","pob":74,"hom":38,"muj":36,"viv":37,"hog":34}},{"type":"Feature","geometry":{"type":"Polygon","coordinates":[[[-70.61161,-33.41881],[-70.6121,-33.41837],[-70.61088,-33.41742],[-70.61041,-33.41783],[-70.61161,-33.41881]]]},"properties":{"id":"13123071002019","cut":13123,"comuna":"PROVIDENCIA","pob":75,"hom":36,"muj":39,"viv":39,"hog":31}},{"type":"Feature","geometry":{"type":"Polygon","coordinates":[[[-70.60271,-33.41773],[-70.60293,-33.41822],[-70.604,-33.41792],[-70.60416,-33.41765],[-70.60354,-33.41755],[-70.60271,-33.41773]]]},"properties":{"id":"13123081002004","cut":13123,"comuna":"PROVIDENCIA","pob":33,"hom":13,"muj":20,"viv":24,"hog":17}},{"type":"Feature","geometry":{"type":"Polygon","coordinates":[[[-70.61447,-33.4191],[-70.6146,-33.41911],[-70.615,-33.41878],[-70.61345,-33.41744],[-70.61285,-33.41791],[-70.61286,-33.41802],[-70.61447,-33.4191]]]},"properties":{"id":"13123071002032","cut":13123,"comuna":"PROVIDENCIA","pob":65,"hom":28,"muj":37,"viv":22,"hog":21}},{"type":"Feature","geometry":{"type":"Polygon","coordinates":[[[-70.61551,-33.41911],[-70.61592,-33.41832],[-70.61526,-33.41803],[-70.6145,-33.4175],[-70.61413,-33.41787],[-70.61551,-33.41911]]]},"properties":{"id":"13123071002030","cut":13123,"comuna":"PROVIDENCIA","pob":45,"hom":19,"muj":26,"viv":17,"hog":18}},{"type":"Feature","geometry":{"type":"Polygon","coordinates":[[[-70.60396,-33.41804],[-70.60298,-33.41827],[-70.60277,-33.41867],[-70.60422,-33.41918],[-70.60487,-33.41785],[-70.60427,-33.41765],[-70.60396,-33.41804]]]},"properties":{"id":"13123081002007","cut":13123,"comuna":"PROVIDENCIA","pob":243,"hom":124,"muj":119,"viv":125,"hog":130}},{"type":"Feature","geometry":{"type":"Polygon","coordinates":[[[-70.60264,-33.41863],[-70.6029,-33.41824],[-70.60212,-33.4179],[-70.60169,-33.41807],[-70.60172,-33.41825],[-70.60264,-33.41863]]]},"properties":{"id":"13123081002006","cut":13123,"comuna":"PROVIDENCIA","pob":72,"hom":32,"muj":40,"viv":27,"hog":21}},{"type":"Feature","geometry":{"type":"Polygon","coordinates":[[[-70.60581,-33.41983],[-70.60597,-33.41976],[-70.60528,-33.41807],[-70.60499,-33.41788],[-70.60434,-33.41925],[-70.60581,-33.41983]]]},"properties":{"id":"13123081002008","cut":13123,"comuna":"PROVIDENCIA","pob":304,"hom":132,"muj":172,"viv":1,"hog":0}},{"type":"Feature","geometry":{"type":"Polygon","coordinates":[[[-70.61803,-33.42026],[-70.61904,-33.41955],[-70.61904,-33.41945],[-70.61794,-33.41848],[-70.61631,-33.41783],[-70.6161,-33.41828],[-70.61641,-33.41844],[-70.61694,-33.4192],[-70.61803,-33.42026]]]},"properties":{"id":"13123071002042","cut":13123,"comuna":"PROVIDENCIA","pob":70,"hom":28,"muj":42,"viv":19,"hog":19}},{"type":"Feature","geometry":{"type":"Polygon","coordinates":[[[-70.61358,-33.41929],[-70.61396,-33.41888],[-70.6127,-33.41803],[-70.61228,-33.41841],[-70.61358,-33.41929]]]},"properties":{"id":"13123071002033","cut":13123,"comuna":"PROVIDENCIA","pob":68,"hom":30,"muj":38,"viv":17,"hog":16}},{"type":"Feature","geometry":{"type":"Polygon","coordinates":[[[-70.60086,-33.42018],[-70.60191,-33.42049],[-70.60266,-33.41878],[-70.60155,-33.41836],[-70.6011,-33.41868],[-70.60129,-33.41882],[-70.60132,-33.41903],[-70.60086,-33.42018]]]},"properties":{"id":"13123031009001","cut":13123,"comuna":"PROVIDENCIA","pob":253,"hom":117,"muj":136,"viv":152,"hog":138}},{"type":"Feature","geometry":{"type":"Polygon","coordinates":[[[-70.6075,-33.41955],[-70.609,-33.41859],[-70.60873,-33.4183],[-70.60704,-33.41904],[-70.60705,-33.4192],[-70.6075,-33.41955]]]},"properties":{"id":"13123081002010","cut":13123,"comuna":"PROVIDENCIA","pob":39,"hom":20,"muj":19,"viv":27,"hog":22}},{"type":"Feature","geometry":{"type":"Polygon","coordinates":[[[-70.61737,-33.42076],[-70.61798,-33.42031],[-70.61688,-33.41924],[-70.61638,-33.41851],[-70.61605,-33.41838],[-70.61565,-33.41923],[-70.61737,-33.42076]]]},"properties":{"id":"13123071002041","cut":13123,"comuna":"PROVIDENCIA","pob":73,"hom":42,"muj":31,"viv":28,"hog":25}},{"type":"Feature","geometry":{"type":"Polygon","coordinates":[[[-70.61943,-33.42143],[-70.61907,-33.42137],[-70.61809,-33.42043],[-70.61749,-33.42084],[-70.61843,-33.4216],[-70.61979,-33.422],[-70.62158,-33.42064],[-70.62131,-33.41935],[-70.62075,-33.41848],[-70.62001,-33.41899],[-70.62088,-33.41985],[-70.62095,-33.42024],[-70.61943,-33.42143]]]},"properties":{"id":"13123071002046","cut":13123,"comuna":"PROVIDENCIA","pob":491,"hom":215,"muj":276,"viv":108,"hog":93}},{"type":"Feature","geometry":{"type":"Polygon","coordinates":[[[-70.60341,-33.42095],[-70.60414,-33.41935],[-70.60276,-33.4188],[-70.60199,-33.42053],[-70.60341,-33.42095]]]},"properties":{"id":"13123031003002","cut":13123,"comuna":"PROVIDENCIA","pob":521,"hom":269,"muj":252,"viv":235,"hog":213}},{"type":"Feature","geometry":{"type":"Polygon","coordinates":[[[-70.61462,-33.41917],[-70.61406,-33.41896],[-70.61374,-33.41935],[-70.61455,-33.41981],[-70.61512,-33.41999],[-70.61548,-33.41922],[-70.61508,-33.41888],[-70.61462,-33.41917]]]},"properties":{"id":"13123071002031","cut":13123,"comuna":"PROVIDENCIA","pob":48,"hom":26,"muj":22,"viv":20,"hog":18}},{"type":"Feature","geometry":{"type":"Polygon","coordinates":[[[-70.6089,-33.4204],[-70.60972,-33.41932],[-70.60941,-33.41899],[-70.60854,-33.4202],[-70.6089,-33.4204]]]},"properties":{"id":"13123081002015","cut":13123,"comuna":"PROVIDENCIA","pob":3,"hom":0,"muj":0,"viv":1,"hog":0}},{"type":"Feature","geometry":{"type":"Polygon","coordinates":[[[-70.60706,-33.4202],[-70.60746,-33.41964],[-70.6069,-33.41911],[-70.60635,-33.41938],[-70.60613,-33.41977],[-70.60651,-33.42002],[-70.60706,-33.4202]]]},"properties":{"id":"13123081002009","cut":13123,"comuna":"PROVIDENCIA","pob":55,"hom":35,"muj":20,"viv":30,"hog":29}},{"type":"Feature","geometry":{"type":"Polygon","coordinates":[[[-70.61875,-33.42093],[-70.62053,-33.41966],[-70.61996,-33.41905],[-70.61817,-33.42033],[-70.61875,-33.42093]]]},"properties":{"id":"13123071002047","cut":13123,"comuna":"PROVIDENCIA","pob":94,"hom":45,"muj":49,"viv":35,"hog":35}},{"type":"Feature","geometry":{"type":"Polygon","coordinates":[[[-70.60429,-33.41939],[-70.60361,-33.42097],[-70.6052,-33.42143],[-70.6054,-33.421],[-70.60505,-33.42088],[-70.60499,-33.42095],[-70.60506,-33.42078],[-70.60506,-33.42086],[-70.60541,-33.42096],[-70.60577,-33.41995],[-70.60429,-33.41939]]]},"properties":{"id":"13123031003001","cut":13123,"comuna":"PROVIDENCIA","pob":804,"hom":376,"muj":428,"viv":424,"hog":381}},{"type":"Feature","geometry":{"type":"Polygon","coordinates":[[[-70.60006,-33.42063],[-70.59911,-33.42046],[-70.59888,-33.42107],[-70.59955,-33.42131],[-70.59883,-33.42115],[-70.59859,-33.42187],[-70.60011,-33.42213],[-70.60092,-33.41981],[-70.60005,-33.4195],[-70.59927,-33.42007],[-70.59915,-33.42036],[-70.60006,-33.42063]]]},"properties":{"id":"13123031009006","cut":13123,"comuna":"PROVIDENCIA","pob":599,"hom":272,"muj":327,"viv":327,"hog":293}},{"type":"Feature","geometry":{"type":"Polygon","coordinates":[[[-70.61703,-33.42105],[-70.61728,-33.4208],[-70.61557,-33.41934],[-70.61525,-33.42005],[-70.61703,-33.42105]]]},"properties":{"id":"13123071002040","cut":13123,"comuna":"PROVIDENCIA","pob":77,"hom":40,"muj":37,"viv":30,"hog":30}},{"type":"Feature","geometry":{"type":"Polygon","coordinates":[[[-70.61474,-33.42067],[-70.61504,-33.42007],[-70.61363,-33.41943],[-70.61327,-33.41991],[-70.61474,-33.42067]]]},"properties":{"id":"13123071002036","cut":13123,"comuna":"PROVIDENCIA","pob":33,"hom":13,"muj":20,"viv":10,"hog":10}},{"type":"Feature","geometry":{"type":"Polygon","coordinates":[[[-70.60805,-33.42065],[-70.60838,-33.42023],[-70.60752,-33.41971],[-70.60718,-33.42024],[-70.60805,-33.42065]]]},"properties":{"id":"13123081002013","cut":13123,"comuna":"PROVIDENCIA","pob":10,"hom":0,"muj":0,"viv":7,"hog":7}},{"type":"Feature","geometry":{"type":"Polygon","coordinates":[[[-70.60984,-33.4217],[-70.61111,-33.42032],[-70.61032,-33.41974],[-70.60917,-33.42129],[-70.60984,-33.4217]]]},"properties":{"id":"13123081002018","cut":13123,"comuna":"PROVIDENCIA","pob":254,"hom":124,"muj":130,"viv":243,"hog":144}},{"type":"Feature","geometry":{"type":"Polygon","coordinates":[[[-70.61934,-33.42136],[-70.62086,-33.42028],[-70.6209,-33.42001],[-70.62065,-33.41972],[-70.61886,-33.42099],[-70.61911,-33.4213],[-70.61934,-33.42136]]]},"properties":{"id":"13123071002048","cut":13123,"comuna":"PROVIDENCIA","pob":81,"hom":40,"muj":41,"viv":34,"hog":28}},{"type":"Feature","geometry":{"type":"Polygon","coordinates":[[[-70.6058,-33.4201],[-70.60546,-33.42097],[-70.60581,-33.42013],[-70.60591,-33.42018],[-70.60541,-33.42143],[-70.6063,-33.4217],[-70.60663,-33.421],[-70.60682,-33.42084],[-70.60623,-33.42016],[-70.60588,-33.41999],[-70.6058,-33.4201]]]},"properties":{"id":"13123031006002","cut":13123,"comuna":"PROVIDENCIA","pob":60,"hom":25,"muj":35,"viv":28,"hog":30}},{"type":"Feature","geometry":{"type":"Polygon","coordinates":[[[-70.59833,-33.4218],[-70.59843,-33.42175],[-70.59895,-33.42031],[-70.59726,-33.42155],[-70.59833,-33.4218]]]},"properties":{"id":"13123031009005","cut":13123,"comuna":"PROVIDENCIA","pob":134,"hom":60,"muj":74,"viv":73,"hog":64}},{"type":"Feature","geometry":{"type":"Polygon","coordinates":[[[-70.60104,-33.42239],[-70.60187,-33.42059],[-70.60088,-33.42029],[-70.60018,-33.42216],[-70.60104,-33.42239]]]},"properties":{"id":"13123031009007","cut":13123,"comuna":"PROVIDENCIA","pob":380,"hom":165,"muj":215,"viv":180,"hog":169}},{"type":"Feature","geometry":{"type":"Polygon","coordinates":[[[-70.60757,-33.42127],[-70.60798,-33.42079],[-70.60668,-33.42022],[-70.60663,-33.42037],[-70.60678,-33.4206],[-70.60757,-33.42127]]]},"properties":{"id":"13123031006001","cut":13123,"comuna":"PROVIDENCIA","pob":177,"hom":82,"muj":95,"viv":124,"hog":105}},{"type":"Feature","geometry":{"type":"Polygon","coordinates":[[[-70.60908,-33.42128],[-70.60935,-33.42095],[-70.60905,-33.42078],[-70.60894,-33.4205],[-70.60849,-33.4203],[-70.60821,-33.42073],[-70.60908,-33.42128]]]},"properties":{"id":"13123081002014","cut":13123,"comuna":"PROVIDENCIA","pob":31,"hom":13,"muj":18,"viv":15,"hog":17}},{"type":"Feature","geometry":{"type":"Polygon","coordinates":[[[-70.61071,-33.42227],[-70.61191,-33.4209],[-70.61121,-33.42037],[-70.60998,-33.42175],[-70.61071,-33.42227]]]},"properties":{"id":"13123081002019","cut":13123,"comuna":"PROVIDENCIA","pob":176,"hom":85,"muj":91,"viv":236,"hog":93}},{"type":"Feature","geometry":{"type":"Polygon","coordinates":[[[-70.60199,-33.42185],[-70.60148,-33.42171],[-70.6012,-33.42239],[-70.60269,-33.42271],[-70.60342,-33.42103],[-70.60196,-33.42063],[-70.60149,-33.42168],[-70.60199,-33.42185]]]},"properties":{"id":"13123031003003","cut":13123,"comuna":"PROVIDENCIA","pob":442,"hom":203,"muj":239,"viv":256,"hog":215}},{"type":"Feature","geometry":{"type":"Polygon","coordinates":[[[-70.60808,-33.42086],[-70.60772,-33.42139],[-70.60849,-33.42193],[-70.60899,-33.42135],[-70.60808,-33.42086]]]},"properties":{"id":"13123031002003","cut":13123,"comuna":"PROVIDENCIA","pob":64,"hom":24,"muj":40,"viv":48,"hog":33}},{"type":"Feature","geometry":{"type":"Polygon","coordinates":[[[-70.62001,-33.42213],[-70.62111,-33.42269],[-70.62222,-33.4219],[-70.62165,-33.4208],[-70.62152,-33.4208],[-70.61992,-33.42199],[-70.62001,-33.42213]]]},"properties":{"id":"13123071002049","cut":13123,"comuna":"PROVIDENCIA","pob":157,"hom":97,"muj":60,"viv":2,"hog":0}},{"type":"Feature","geometry":{"type":"Polygon","coordinates":[[[-70.61147,-33.42274],[-70.61276,-33.42139],[-70.61207,-33.42094],[-70.61084,-33.42232],[-70.61147,-33.42274]]]},"properties":{"id":"13123081002021","cut":13123,"comuna":"PROVIDENCIA","pob":235,"hom":102,"muj":133,"viv":125,"hog":114}},{"type":"Feature","geometry":{"type":"Polygon","coordinates":[[[-70.60389,-33.4221],[-70.60318,-33.42191],[-70.60283,-33.42274],[-70.6045,-33.42311],[-70.60514,-33.42156],[-70.60356,-33.42108],[-70.60319,-33.42188],[-70.60389,-33.4221]]]},"properties":{"id":"13123031003004","cut":13123,"comuna":"PROVIDENCIA","pob":400,"hom":187,"muj":213,"viv":239,"hog":211}},{"type":"Feature","geometry":{"type":"Polygon","coordinates":[[[-70.60853,-33.42195],[-70.60872,-33.42209],[-70.60971,-33.42182],[-70.60903,-33.42137],[-70.60853,-33.42195]]]},"properties":{"id":"13123031002002","cut":13123,"comuna":"PROVIDENCIA","pob":43,"hom":16,"muj":27,"viv":20,"hog":17}},{"type":"Feature","geometry":{"type":"Polygon","coordinates":[[[-70.61196,-33.42309],[-70.6134,-33.42172],[-70.6134,-33.42167],[-70.6129,-33.42144],[-70.61278,-33.42146],[-70.61156,-33.42276],[-70.61196,-33.42309]]]},"properties":{"id":"13123081002022","cut":13123,"comuna":"PROVIDENCIA","pob":16,"hom":9,"muj":7,"viv":7,"hog":4}},{"type":"Feature","geometry":{"type":"Polygon","coordinates":[[[-70.60774,-33.42222],[-70.60732,-33.42216],[-70.60724,-33.42269],[-70.60788,-33.4227],[-70.60822,-33.42235],[-70.60814,-33.42193],[-70.60762,-33.42152],[-70.60733,-33.42213],[-70.60774,-33.42222]]]},"properties":{"id":"13123031002004","cut":13123,"comuna":"PROVIDENCIA","pob":319,"hom":152,"muj":167,"viv":233,"hog":180}},{"type":"Feature","geometry":{"type":"Polygon","coordinates":[[[-70.5962,-33.42238],[-70.59804,-33.42277],[-70.59834,-33.42192],[-70.59711,-33.42167],[-70.5962,-33.42238]]]},"properties":{"id":"13123031009010","cut":13123,"comuna":"PROVIDENCIA","pob":281,"hom":130,"muj":151,"viv":116,"hog":106}},{"type":"Feature","geometry":{"type":"Polygon","coordinates":[[[-70.60891,-33.424],[-70.60944,-33.42276],[-70.60778,-33.42158],[-70.60829,-33.42214],[-70.60825,-33.42241],[-70.60802,-33.42273],[-70.60891,-33.424]]]},"properties":{"id":"13123031002005","cut":13123,"comuna":"PROVIDENCIA","pob":258,"hom":118,"muj":140,"viv":183,"hog":129}},{"type":"Feature","geometry":{"type":"Polygon","coordinates":[[[-70.61244,-33.42347],[-70.61252,-33.42344],[-70.61401,-33.42196],[-70.61345,-33.42175],[-70.61205,-33.42313],[-70.61244,-33.42347]]]},"properties":{"id":"13123081002023","cut":13123,"comuna":"PROVIDENCIA","pob":53,"hom":27,"muj":26,"viv":9,"hog":8}},{"type":"Feature","geometry":{"type":"Polygon","coordinates":[[[-70.59847,-33.422],[-70.59785,-33.42376],[-70.59931,-33.42408],[-70.5998,-33.42292],[-70.59913,-33.42278],[-70.59981,-33.42289],[-70.60002,-33.42228],[-70.59857,-33.42194],[-70.59847,-33.422]]]},"properties":{"id":"13123031009009","cut":13123,"comuna":"PROVIDENCIA","pob":692,"hom":308,"muj":384,"viv":345,"hog":318}},{"type":"Feature","geometry":{"type":"Polygon","coordinates":[[[-70.60945,-33.42258],[-70.60972,-33.42197],[-70.60972,-33.42184],[-70.60875,-33.4221],[-70.60945,-33.42258]]]},"properties":{"id":"13123031002001","cut":13123,"comuna":"PROVIDENCIA","pob":40,"hom":23,"muj":17,"viv":39,"hog":28}},{"type":"Feature","geometry":{"type":"Polygon","coordinates":[[[-70.60984,-33.42199],[-70.6096,-33.4227],[-70.61064,-33.42334],[-70.61105,-33.42267],[-70.61007,-33.42199],[-70.60984,-33.42199]]]},"properties":{"id":"13123031001002","cut":13123,"comuna":"PROVIDENCIA","pob":180,"hom":81,"muj":99,"viv":109,"hog":94}},{"type":"Feature","geometry":{"type":"Polygon","coordinates":[[[-70.61294,-33.42385],[-70.61418,-33.42267],[-70.61375,-33.42237],[-70.61257,-33.42352],[-70.61294,-33.42385]]]},"properties":{"id":"13123081002501","cut":13123,"comuna":"PROVIDENCIA","pob":177,"hom":82,"muj":95,"viv":93,"hog":90}},{"type":"Feature","geometry":{"type":"Polygon","coordinates":[[[-70.6224,-33.4235],[-70.62262,-33.42347],[-70.62271,-33.42325],[-70.62259,-33.42254],[-70.62227,-33.42194],[-70.62121,-33.42277],[-70.6224,-33.4235]]]},"properties":{"id":"13123071002050","cut":13123,"comuna":"PROVIDENCIA","pob":9,"hom":0,"muj":0,"viv":191,"hog":6}},{"type":"Feature","geometry":{"type":"Polygon","coordinates":[[[-70.60041,-33.42433],[-70.60106,-33.4225],[-70.60016,-33.42231],[-70.59941,-33.42408],[-70.60041,-33.42433]]]},"properties":{"id":"13123031009008","cut":13123,"comuna":"PROVIDENCIA","pob":432,"hom":179,"muj":253,"viv":236,"hog":197}},{"type":"Feature","geometry":{"type":"Polygon","coordinates":[[[-70.60672,-33.4236],[-70.60695,-33.42276],[-70.60502,-33.42236],[-70.60472,-33.42315],[-70.60672,-33.4236]]]},"properties":{"id":"13123031006004","cut":13123,"comuna":"PROVIDENCIA","pob":308,"hom":156,"muj":152,"viv":185,"hog":149}},{"type":"Feature","geometry":{"type":"Polygon","coordinates":[[[-70.61464,-33.4228],[-70.61435,-33.4226],[-70.61381,-33.42313],[-70.61402,-33.4233],[-70.61378,-33.42315],[-70.61349,-33.42343],[-70.61371,-33.4236],[-70.61347,-33.42345],[-70.61304,-33.42389],[-70.61374,-33.42458],[-70.61598,-33.42259],[-70.61476,-33.42222],[-70.61438,-33.42258],[-70.61464,-33.4228]]]},"properties":{"id":"13123081002026","cut":13123,"comuna":"PROVIDENCIA","pob":226,"hom":112,"muj":114,"viv":112,"hog":95}},{"type":"Feature","geometry":{"type":"Polygon","coordinates":[[[-70.59766,-33.42371],[-70.598,-33.42284],[-70.59613,-33.42247],[-70.59523,-33.42317],[-70.59766,-33.42371]]]},"properties":{"id":"13123031009011","cut":13123,"comuna":"PROVIDENCIA","pob":371,"hom":178,"muj":193,"viv":168,"hog":148}},{"type":"Feature","geometry":{"type":"Polygon","coordinates":[[[-70.60158,-33.42326],[-70.60093,-33.42316],[-70.60088,-33.42341],[-70.60162,-33.42362],[-70.60085,-33.42346],[-70.60056,-33.42432],[-70.6021,-33.42467],[-70.60264,-33.42283],[-70.60115,-33.42251],[-70.60095,-33.42311],[-70.60158,-33.42326]]]},"properties":{"id":"13123031003006","cut":13123,"comuna":"PROVIDENCIA","pob":780,"hom":357,"muj":423,"viv":306,"hog":287}},{"type":"Feature","geometry":{"type":"Polygon","coordinates":[[[-70.61476,-33.4255],[-70.61749,-33.42311],[-70.61748,-33.42298],[-70.61613,-33.42263],[-70.61385,-33.42463],[-70.61476,-33.4255]]]},"properties":{"id":"13123081002027","cut":13123,"comuna":"PROVIDENCIA","pob":30,"hom":17,"muj":13,"viv":17,"hog":17}},{"type":"Feature","geometry":{"type":"Polygon","coordinates":[[[-70.60714,-33.42279],[-70.60688,-33.42364],[-70.60882,-33.42401],[-70.60797,-33.42279],[-70.60714,-33.42279]]]},"properties":{"id":"13123031002006","cut":13123,"comuna":"PROVIDENCIA","pob":155,"hom":65,"muj":90,"viv":80,"hog":74}},{"type":"Feature","geometry":{"type":"Polygon","coordinates":[[[-70.60392,-33.42506],[-70.60446,-33.42321],[-70.60279,-33.42286],[-70.60227,-33.4247],[-70.60392,-33.42506]]]},"properties":{"id":"13123031003005","cut":13123,"comuna":"PROVIDENCIA","pob":0,"hom":0,"muj":0,"viv":1,"hog":0}},{"type":"Feature","geometry":{"type":"Polygon","coordinates":[[[-70.61111,-33.42279],[-70.61069,-33.42346],[-70.61195,-33.42448],[-70.61228,-33.42357],[-70.61173,-33.4231],[-70.61144,-33.42334],[-70.61171,-33.42308],[-70.61133,-33.42278],[-70.61111,-33.42279]]]},"properties":{"id":"13123031001001","cut":13123,"comuna":"PROVIDENCIA","pob":75,"hom":37,"muj":38,"viv":59,"hog":48}},{"type":"Feature","geometry":{"type":"Polygon","coordinates":[[[-70.6103,-33.42383],[-70.61052,-33.42346],[-70.60955,-33.42285],[-70.60927,-33.42355],[-70.6103,-33.42383]]]},"properties":{"id":"13123031001003","cut":13123,"comuna":"PROVIDENCIA","pob":30,"hom":14,"muj":16,"viv":13,"hog":14}},{"type":"Feature","geometry":{"type":"Polygon","coordinates":[[[-70.59524,-33.42418],[-70.59556,-33.42337],[-70.59514,-33.42327],[-70.59431,-33.42396],[-70.59524,-33.42418]]]},"properties":{"id":"13123031011003","cut":13123,"comuna":"PROVIDENCIA","pob":91,"hom":35,"muj":56,"viv":42,"hog":39}},{"type":"Feature","geometry":{"type":"Polygon","coordinates":[[[-70.61602,-33.42452],[-70.61683,-33.42525],[-70.61879,-33.42343],[-70.61767,-33.42307],[-70.61602,-33.42452]]]},"properties":{"id":"13123081001003","cut":13123,"comuna":"PROVIDENCIA","pob":150,"hom":72,"muj":78,"viv":80,"hog":69}},{"type":"Feature","geometry":{"type":"Polygon","coordinates":[[[-70.60451,-33.4238],[-70.60566,-33.42407],[-70.60582,-33.42352],[-70.60467,-33.42326],[-70.60451,-33.4238]]]},"properties":{"id":"13123031006006","cut":13123,"comuna":"PROVIDENCIA","pob":20,"hom":13,"muj":7,"viv":11,"hog":8}},{"type":"Feature","geometry":{"type":"Polygon","coordinates":[[[-70.5958,-33.4243],[-70.59614,-33.42351],[-70.59566,-33.42338],[-70.59534,-33.42418],[-70.5958,-33.4243]]]},"properties":{"id":"13123031011002","cut":13123,"comuna":"PROVIDENCIA","pob":156,"hom":69,"muj":87,"viv":97,"hog":85}},{"type":"Feature","geometry":{"type":"Polygon","coordinates":[[[-70.59727,-33.42462],[-70.5974,-33.42456],[-70.59764,-33.42379],[-70.59624,-33.42351],[-70.59594,-33.42432],[-70.59727,-33.42462]]]},"properties":{"id":"13123031011001","cut":13123,"comuna":"PROVIDENCIA","pob":375,"hom":172,"muj":203,"viv":240,"hog":206}},{"type":"Feature","geometry":{"type":"Polygon","coordinates":[[[-70.60604,-33.42554],[-70.60671,-33.42373],[-70.60598,-33.42353],[-70.60534,-33.42535],[-70.60604,-33.42554]]]},"properties":{"id":"13123031006005","cut":13123,"comuna":"PROVIDENCIA","pob":285,"hom":133,"muj":152,"viv":234,"hog":193}},{"type":"Feature","geometry":{"type":"Polygon","coordinates":[[[-70.61932,-33.42442],[-70.6199,-33.42393],[-70.6189,-33.42348],[-70.61863,-33.42378],[-70.61932,-33.42442]]]},"properties":{"id":"13123081001002","cut":13123,"comuna":"PROVIDENCIA","pob":79,"hom":37,"muj":42,"viv":34,"hog":32}},{"type":"Feature","geometry":{"type":"Polygon","coordinates":[[[-70.60862,-33.42515],[-70.60954,-33.42539],[-70.61028,-33.42388],[-70.60923,-33.42363],[-70.60862,-33.42515]]]},"properties":{"id":"13123031001006","cut":13123,"comuna":"PROVIDENCIA","pob":240,"hom":124,"muj":116,"viv":125,"hog":86}},{"type":"Feature","geometry":{"type":"Polygon","coordinates":[[[-70.60684,-33.42371],[-70.60593,-33.42642],[-70.60788,-33.42674],[-70.60827,-33.42573],[-70.60712,-33.42541],[-70.60832,-33.42564],[-70.60864,-33.42474],[-70.6083,-33.42475],[-70.60755,-33.42455],[-70.60827,-33.42469],[-70.60866,-33.42464],[-70.60888,-33.42414],[-70.60684,-33.42371]]]},"properties":{"id":"13123031002007","cut":13123,"comuna":"PROVIDENCIA","pob":979,"hom":461,"muj":518,"viv":569,"hog":481}},{"type":"Feature","geometry":{"type":"Polygon","coordinates":[[[-70.59716,-33.42562],[-70.59858,-33.42592],[-70.59928,-33.42416],[-70.59786,-33.42384],[-70.59716,-33.42562]]]},"properties":{"id":"13123031010006","cut":13123,"comuna":"PROVIDENCIA","pob":1071,"hom":484,"muj":587,"viv":507,"hog":461}},{"type":"Feature","geometry":{"type":"Polygon","coordinates":[[[-70.5941,-33.42495],[-70.59447,-33.42411],[-70.59422,-33.42403],[-70.59354,-33.42457],[-70.5941,-33.42495]]]},"properties":{"id":"13123031011005","cut":13123,"comuna":"PROVIDENCIA","pob":65,"hom":27,"muj":38,"viv":50,"hog":44}},{"type":"Feature","geometry":{"type":"Polygon","coordinates":[[[-70.59424,-33.42498],[-70.59493,-33.42512],[-70.59523,-33.42427],[-70.59457,-33.42411],[-70.59424,-33.42498]]]},"properties":{"id":"13123031011006","cut":13123,"comuna":"PROVIDENCIA","pob":243,"hom":121,"muj":122,"viv":162,"hog":141}},{"type":"Feature","geometry":{"type":"Polygon","coordinates":[[[-70.61644,-33.42697],[-70.61928,-33.42451],[-70.61856,-33.42381],[-70.61572,-33.42637],[-70.61644,-33.42697]]]},"properties":{"id":"13123081001004","cut":13123,"comuna":"PROVIDENCIA","pob":541,"hom":243,"muj":298,"viv":399,"hog":331}},{"type":"Feature","geometry":{"type":"Polygon","coordinates":[[[-70.61038,-33.42392],[-70.60994,-33.42483],[-70.61166,-33.42527],[-70.61192,-33.42464],[-70.6114,-33.42422],[-70.61088,-33.42404],[-70.61066,-33.42436],[-70.61083,-33.42403],[-70.61038,-33.42392]]]},"properties":{"id":"13123031001005","cut":13123,"comuna":"PROVIDENCIA","pob":581,"hom":290,"muj":291,"viv":711,"hog":336}},{"type":"Feature","geometry":{"type":"Polygon","coordinates":[[[-70.5994,-33.42418],[-70.59868,-33.42599],[-70.59984,-33.42625],[-70.60027,-33.42497],[-70.59983,-33.42487],[-70.60028,-33.42495],[-70.60044,-33.42444],[-70.5994,-33.42418]]]},"properties":{"id":"13123031010005","cut":13123,"comuna":"PROVIDENCIA","pob":586,"hom":259,"muj":327,"viv":261,"hog":235}},{"type":"Feature","geometry":{"type":"Polygon","coordinates":[[[-70.59544,-33.42527],[-70.59581,-33.4244],[-70.59533,-33.42427],[-70.595,-33.42512],[-70.59544,-33.42527]]]},"properties":{"id":"13123031011007","cut":13123,"comuna":"PROVIDENCIA","pob":85,"hom":35,"muj":50,"viv":54,"hog":48}},{"type":"Feature","geometry":{"type":"Polygon","coordinates":[[[-70.62075,-33.42542],[-70.62141,-33.42509],[-70.62017,-33.42408],[-70.62005,-33.42425],[-70.62075,-33.42542]]]},"properties":{"id":"13123081004002","cut":13123,"comuna":"PROVIDENCIA","pob":197,"hom":106,"muj":91,"viv":158,"hog":124}},{"type":"Feature","geometry":{"type":"Polygon","coordinates":[[[-70.59693,-33.4256],[-70.59731,-33.42471],[-70.59589,-33.42441],[-70.59557,-33.42528],[-70.59693,-33.4256]]]},"properties":{"id":"13123031011008","cut":13123,"comuna":"PROVIDENCIA","pob":261,"hom":107,"muj":154,"viv":122,"hog":110}},{"type":"Feature","geometry":{"type":"Polygon","coordinates":[[[-70.62009,-33.42573],[-70.62065,-33.42545],[-70.62017,-33.42454],[-70.61981,-33.42414],[-70.61941,-33.42452],[-70.62009,-33.42573]]]},"properties":{"id":"13123081004004","cut":13123,"comuna":"PROVIDENCIA","pob":23,"hom":10,"muj":13,"viv":16,"hog":12}},{"type":"Feature","geometry":{"type":"Polygon","coordinates":[[[-70.6018,-33.4258],[-70.6021,-33.42476],[-70.60053,-33.42445],[-70.6003,-33.42522],[-70.60095,-33.42538],[-70.60133,-33.42569],[-70.6018,-33.4258]]]},"properties":{"id":"13123031010004","cut":13123,"comuna":"PROVIDENCIA","pob":334,"hom":131,"muj":203,"viv":153,"hog":143}},{"type":"Feature","geometry":{"type":"Polygon","coordinates":[[[-70.60523,-33.42534],[-70.60541,-33.42474],[-70.60432,-33.42452],[-70.60417,-33.4251],[-70.60523,-33.42534]]]},"properties":{"id":"13123031006008","cut":13123,"comuna":"PROVIDENCIA","pob":100,"hom":53,"muj":47,"viv":82,"hog":62}},{"type":"Feature","geometry":{"type":"Polygon","coordinates":[[[-70.59349,-33.42567],[-70.59387,-33.42582],[-70.59413,-33.42507],[-70.59366,-33.4248],[-70.59327,-33.42477],[-70.59278,-33.42516],[-70.59349,-33.42567]]]},"properties":{"id":"13123031011010","cut":13123,"comuna":"PROVIDENCIA","pob":235,"hom":100,"muj":135,"viv":115,"hog":99}},{"type":"Feature","geometry":{"type":"Polygon","coordinates":[[[-70.61563,-33.42632],[-70.61675,-33.42533],[-70.61594,-33.42459],[-70.61484,-33.4256],[-70.61563,-33.42632]]]},"properties":{"id":"13123081001005","cut":13123,"comuna":"PROVIDENCIA","pob":711,"hom":320,"muj":391,"viv":648,"hog":431}},{"type":"Feature","geometry":{"type":"Polygon","coordinates":[[[-70.60228,-33.42479],[-70.60193,-33.42581],[-70.60368,-33.42618],[-70.60376,-33.42584],[-70.60333,-33.42575],[-70.60335,-33.42569],[-70.60379,-33.42576],[-70.60392,-33.42514],[-70.60228,-33.42479]]]},"properties":{"id":"13123031010001","cut":13123,"comuna":"PROVIDENCIA","pob":319,"hom":160,"muj":159,"viv":234,"hog":164}},{"type":"Feature","geometry":{"type":"Polygon","coordinates":[[[-70.61883,-33.42598],[-70.61979,-33.42539],[-70.61935,-33.42458],[-70.61826,-33.42549],[-70.61883,-33.42598]]]},"properties":{"id":"13123081004006","cut":13123,"comuna":"PROVIDENCIA","pob":167,"hom":79,"muj":88,"viv":100,"hog":90}},{"type":"Feature","geometry":{"type":"Polygon","coordinates":[[[-70.61333,-33.42601],[-70.61364,-33.42548],[-70.61203,-33.4248],[-70.61176,-33.42556],[-70.61333,-33.42601]]]},"properties":{"id":"13123021002003","cut":13123,"comuna":"PROVIDENCIA","pob":0,"hom":0,"muj":0,"viv":1,"hog":0}},{"type":"Feature","geometry":{"type":"Polygon","coordinates":[[[-70.59395,-33.42587],[-70.59513,-33.42622],[-70.59543,-33.42537],[-70.59421,-33.4251],[-70.59395,-33.42587]]]},"properties":{"id":"13123031011009","cut":13123,"comuna":"PROVIDENCIA","pob":203,"hom":92,"muj":111,"viv":86,"hog":82}},{"type":"Feature","geometry":{"type":"Polygon","coordinates":[[[-70.60921,-33.42654],[-70.61006,-33.42681],[-70.61058,-33.42664],[-70.61105,-33.42674],[-70.61161,-33.42537],[-70.60984,-33.42491],[-70.60921,-33.42654]]]},"properties":{"id":"13123031001008","cut":13123,"comuna":"PROVIDENCIA","pob":56,"hom":29,"muj":27,"viv":36,"hog":31}},{"type":"Feature","geometry":{"type":"Polygon","coordinates":[[[-70.59348,-33.4267],[-70.59382,-33.42594],[-70.59268,-33.4252],[-70.59208,-33.42573],[-70.59284,-33.42634],[-70.59348,-33.4267]]]},"properties":{"id":"13123031011012","cut":13123,"comuna":"PROVIDENCIA","pob":436,"hom":205,"muj":231,"viv":247,"hog":216}},{"type":"Feature","geometry":{"type":"Polygon","coordinates":[[[-70.60393,-33.42591],[-70.60584,-33.42633],[-70.60603,-33.42563],[-70.60413,-33.4252],[-70.60393,-33.42591]]]},"properties":{"id":"13123031007500","cut":13123,"comuna":"PROVIDENCIA","pob":440,"hom":217,"muj":223,"viv":287,"hog":249}},{"type":"Feature","geometry":{"type":"Polygon","coordinates":[[[-70.59996,-33.42628],[-70.60159,-33.4266],[-70.60181,-33.42587],[-70.60132,-33.42574],[-70.6009,-33.42543],[-70.60027,-33.4253],[-70.59996,-33.42628]]]},"properties":{"id":"13123031010003","cut":13123,"comuna":"PROVIDENCIA","pob":452,"hom":191,"muj":261,"viv":268,"hog":237}},{"type":"Feature","geometry":{"type":"Polygon","coordinates":[[[-70.59656,-33.42662],[-70.59694,-33.42571],[-70.59552,-33.4254],[-70.59522,-33.42625],[-70.59656,-33.42662]]]},"properties":{"id":"13123031004007","cut":13123,"comuna":"PROVIDENCIA","pob":331,"hom":126,"muj":205,"viv":144,"hog":135}},{"type":"Feature","geometry":{"type":"Polygon","coordinates":[[[-70.60824,-33.42627],[-70.60911,-33.4265],[-70.60946,-33.42547],[-70.60861,-33.42525],[-70.60824,-33.42627]]]},"properties":{"id":"13123031001007","cut":13123,"comuna":"PROVIDENCIA","pob":378,"hom":182,"muj":196,"viv":268,"hog":211}},{"type":"Feature","geometry":{"type":"Polygon","coordinates":[[[-70.61445,-33.42568],[-70.61457,-33.42559],[-70.61414,-33.4252],[-70.61387,-33.42537],[-70.61392,-33.42548],[-70.61445,-33.42568]]]},"properties":{"id":"13123021002001","cut":13123,"comuna":"PROVIDENCIA","pob":0,"hom":0,"muj":0,"viv":3,"hog":0}},{"type":"Feature","geometry":{"type":"Polygon","coordinates":[[[-70.59313,-33.42766],[-70.59349,-33.42678],[-70.59196,-33.42577],[-70.5913,-33.42637],[-70.59196,-33.42692],[-70.59313,-33.42766]]]},"properties":{"id":"13123031011014","cut":13123,"comuna":"PROVIDENCIA","pob":263,"hom":113,"muj":150,"viv":134,"hog":125}},{"type":"Feature","geometry":{"type":"Polygon","coordinates":[[[-70.59815,-33.42699],[-70.59826,-33.42694],[-70.59853,-33.42606],[-70.59713,-33.42575],[-70.59679,-33.42669],[-70.59815,-33.42699]]]},"properties":{"id":"13123031004004","cut":13123,"comuna":"PROVIDENCIA","pob":391,"hom":183,"muj":208,"viv":175,"hog":165}},{"type":"Feature","geometry":{"type":"Polygon","coordinates":[[[-70.61422,-33.4263],[-70.61447,-33.42581],[-70.61374,-33.42554],[-70.61345,-33.42603],[-70.61422,-33.4263]]]},"properties":{"id":"13123021002004","cut":13123,"comuna":"PROVIDENCIA","pob":30,"hom":14,"muj":16,"viv":19,"hog":12}},{"type":"Feature","geometry":{"type":"Polygon","coordinates":[[[-70.61915,-33.42579],[-70.61735,-33.42739],[-70.61736,-33.42749],[-70.61776,-33.42767],[-70.61883,-33.42675],[-70.61971,-33.42654],[-70.62024,-33.42622],[-70.61985,-33.42548],[-70.61915,-33.42579]]]},"properties":{"id":"13123081004008","cut":13123,"comuna":"PROVIDENCIA","pob":322,"hom":156,"muj":166,"viv":194,"hog":152}},{"type":"Feature","geometry":{"type":"Polygon","coordinates":[[[-70.61268,-33.42709],[-70.61331,-33.42607],[-70.6117,-33.42563],[-70.61127,-33.42669],[-70.61268,-33.42709]]]},"properties":{"id":"13123021002006","cut":13123,"comuna":"PROVIDENCIA","pob":102,"hom":51,"muj":51,"viv":131,"hog":56}},{"type":"Feature","geometry":{"type":"Polygon","coordinates":[[[-70.61721,-33.42741],[-70.61881,-33.42603],[-70.61823,-33.42554],[-70.61656,-33.427],[-70.61721,-33.42741]]]},"properties":{"id":"13123081004007","cut":13123,"comuna":"PROVIDENCIA","pob":417,"hom":202,"muj":215,"viv":339,"hog":274}},{"type":"Feature","geometry":{"type":"Polygon","coordinates":[[[-70.62407,-33.42662],[-70.62448,-33.4275],[-70.62505,-33.42818],[-70.62542,-33.42796],[-70.62513,-33.42763],[-70.62544,-33.42794],[-70.62609,-33.4275],[-70.62555,-33.42672],[-70.62564,-33.42663],[-70.62663,-33.42805],[-70.62722,-33.42845],[-70.62782,-33.42741],[-70.62778,-33.42728],[-70.62797,-33.42709],[-70.628,-33.42724],[-70.62717,-33.42877],[-70.62751,-33.42889],[-70.62828,-33.42751],[-70.62758,-33.4289],[-70.62793,-33.42905],[-70.6287,-33.42772],[-70.62864,-33.42804],[-70.62807,-33.42905],[-70.62841,-33.42918],[-70.6288,-33.42849],[-70.62943,-33.42874],[-70.62903,-33.42955],[-70.63091,-33.43047],[-70.6308,-33.43079],[-70.63087,-33.43084],[-70.63139,-33.431],[-70.63159,-33.4306],[-70.63168,-33.4306],[-70.63303,-33.43121],[-70.63297,-33.43155],[-70.63382,-33.43183],[-70.63441,-33.43192],[-70.63413,-33.43145],[-70.6336,-33.43136],[-70.6335,-33.43125],[-70.63413,-33.4314],[-70.6341,-33.43133],[-70.63485,-33.43109],[-70.63506,-33.43113],[-70.63539,-33.43083],[-70.63616,-33.4308],[-70.63611,-33.43044],[-70.63573,-33.42982],[-70.63542,-33.43012],[-70.63426,-33.43076],[-70.63238,-33.43019],[-70.63097,-33.42942],[-70.62954,-33.42817],[-70.62868,-33.42724],[-70.62699,-33.42604],[-70.62601,-33.42554],[-70.62527,-33.42554],[-70.62401,-33.42594],[-70.62394,-33.42608],[-70.62407,-33.42662]]]},"properties":{"id":"13123071001002","cut":13123,"comuna":"PROVIDENCIA","pob":757,"hom":348,"muj":409,"viv":353,"hog":297}},{"type":"Feature","geometry":{"type":"Polygon","coordinates":[[[-70.62067,-33.42676],[-70.62111,-33.42635],[-70.62067,-33.42555],[-70.62013,-33.42582],[-70.62067,-33.42676]]]},"properties":{"id":"13123081004005","cut":13123,"comuna":"PROVIDENCIA","pob":20,"hom":13,"muj":7,"viv":12,"hog":11}},{"type":"Feature","geometry":{"type":"Polygon","coordinates":[[[-70.59376,-33.42793],[-70.59399,-33.42796],[-70.59462,-33.42618],[-70.59393,-33.42596],[-70.59326,-33.42766],[-70.59376,-33.42793]]]},"properties":{"id":"13123031011013","cut":13123,"comuna":"PROVIDENCIA","pob":450,"hom":206,"muj":244,"viv":238,"hog":211}},{"type":"Feature","geometry":{"type":"Polygon","coordinates":[[[-70.60169,-33.42666],[-70.60347,-33.427],[-70.60365,-33.42625],[-70.60191,-33.42589],[-70.60169,-33.42666]]]},"properties":{"id":"13123031010002","cut":13123,"comuna":"PROVIDENCIA","pob":320,"hom":145,"muj":175,"viv":167,"hog":158}},{"type":"Feature","geometry":{"type":"Polygon","coordinates":[[[-70.60363,-33.42708],[-70.60453,-33.4273],[-70.60485,-33.42614],[-70.60393,-33.42594],[-70.60363,-33.42708]]]},"properties":{"id":"13123031007004","cut":13123,"comuna":"PROVIDENCIA","pob":239,"hom":99,"muj":140,"viv":117,"hog":112}},{"type":"Feature","geometry":{"type":"Polygon","coordinates":[[[-70.59865,-33.42903],[-70.59898,-33.42901],[-70.59983,-33.42638],[-70.59865,-33.4261],[-70.5978,-33.42879],[-70.59865,-33.42903]]]},"properties":{"id":"13123031004003","cut":13123,"comuna":"PROVIDENCIA","pob":970,"hom":437,"muj":533,"viv":444,"hog":415}},{"type":"Feature","geometry":{"type":"Polygon","coordinates":[[[-70.61666,-33.42805],[-70.61697,-33.42762],[-70.61606,-33.42703],[-70.61486,-33.42604],[-70.61455,-33.42601],[-70.61435,-33.42655],[-70.61552,-33.42754],[-70.61666,-33.42805]]]},"properties":{"id":"13123021005005","cut":13123,"comuna":"PROVIDENCIA","pob":1319,"hom":608,"muj":711,"viv":670,"hog":624}},{"type":"Feature","geometry":{"type":"Polygon","coordinates":[[[-70.60538,-33.42749],[-70.60548,-33.42744],[-70.60583,-33.42635],[-70.60488,-33.42614],[-70.60456,-33.42731],[-70.60538,-33.42749]]]},"properties":{"id":"13123031007003","cut":13123,"comuna":"PROVIDENCIA","pob":379,"hom":176,"muj":203,"viv":246,"hog":210}},{"type":"Feature","geometry":{"type":"Polygon","coordinates":[[[-70.61375,-33.4274],[-70.61424,-33.42638],[-70.61344,-33.4261],[-70.61278,-33.42708],[-70.61375,-33.4274]]]},"properties":{"id":"13123021002005","cut":13123,"comuna":"PROVIDENCIA","pob":217,"hom":84,"muj":133,"viv":105,"hog":110}},{"type":"Feature","geometry":{"type":"Polygon","coordinates":[[[-70.59183,-33.42791],[-70.59217,-33.4272],[-70.59112,-33.42642],[-70.59053,-33.42693],[-70.59183,-33.42791]]]},"properties":{"id":"13123041010001","cut":13123,"comuna":"PROVIDENCIA","pob":170,"hom":80,"muj":90,"viv":93,"hog":87}},{"type":"Feature","geometry":{"type":"Polygon","coordinates":[[[-70.59992,-33.42642],[-70.59906,-33.42911],[-70.59985,-33.4293],[-70.60036,-33.42771],[-70.60025,-33.42746],[-70.60047,-33.42739],[-70.60069,-33.42757],[-70.60129,-33.42768],[-70.60148,-33.42705],[-70.60072,-33.42689],[-70.60149,-33.42702],[-70.60156,-33.42676],[-70.59992,-33.42642]]]},"properties":{"id":"13123031004002","cut":13123,"comuna":"PROVIDENCIA","pob":733,"hom":349,"muj":384,"viv":344,"hog":313}},{"type":"Feature","geometry":{"type":"Polygon","coordinates":[[[-70.60857,-33.42744],[-70.60882,-33.42727],[-70.60908,-33.42656],[-70.6082,-33.42632],[-70.60787,-33.42725],[-70.60857,-33.42744]]]},"properties":{"id":"13123031005001","cut":13123,"comuna":"PROVIDENCIA","pob":195,"hom":85,"muj":110,"viv":109,"hog":93}},{"type":"Feature","geometry":{"type":"Polygon","coordinates":[[[-70.62128,-33.42781],[-70.62238,-33.42747],[-70.62193,-33.4262],[-70.62119,-33.4264],[-70.62073,-33.42687],[-70.62128,-33.42781]]]},"properties":{"id":"13123081003002","cut":13123,"comuna":"PROVIDENCIA","pob":5,"hom":0,"muj":0,"viv":1,"hog":0}},{"type":"Feature","geometry":{"type":"Polygon","coordinates":[[[-70.60588,-33.42653],[-70.60557,-33.42754],[-70.60746,-33.42795],[-70.60786,-33.42682],[-70.60683,-33.42658],[-70.60588,-33.42653]]]},"properties":{"id":"13123031008001","cut":13123,"comuna":"PROVIDENCIA","pob":750,"hom":324,"muj":426,"viv":371,"hog":343}},{"type":"Feature","geometry":{"type":"Polygon","coordinates":[[[-70.59784,-33.42788],[-70.59815,-33.42705],[-70.59675,-33.42675],[-70.59646,-33.42758],[-70.59784,-33.42788]]]},"properties":{"id":"13123031004005","cut":13123,"comuna":"PROVIDENCIA","pob":398,"hom":175,"muj":223,"viv":202,"hog":185}},{"type":"Feature","geometry":{"type":"Polygon","coordinates":[[[-70.60921,-33.42659],[-70.6089,-33.42732],[-70.61071,-33.42773],[-70.61101,-33.4268],[-70.61059,-33.4267],[-70.61005,-33.42686],[-70.60921,-33.42659]]]},"properties":{"id":"13123031001009","cut":13123,"comuna":"PROVIDENCIA","pob":291,"hom":133,"muj":158,"viv":158,"hog":140}},{"type":"Feature","geometry":{"type":"Polygon","coordinates":[[[-70.61433,-33.4266],[-70.61345,-33.42837],[-70.6137,-33.4284],[-70.61458,-33.42886],[-70.6136,-33.42842],[-70.61344,-33.42844],[-70.61308,-33.429],[-70.61247,-33.42918],[-70.61237,-33.4298],[-70.61272,-33.42988],[-70.61292,-33.42983],[-70.61296,-33.42996],[-70.61236,-33.42988],[-70.61238,-33.43027],[-70.61272,-33.43056],[-70.61392,-33.43079],[-70.61419,-33.43032],[-70.61407,-33.43082],[-70.61629,-33.43122],[-70.61672,-33.42997],[-70.61555,-33.42967],[-70.61557,-33.4296],[-70.61664,-33.42984],[-70.61688,-33.42918],[-70.61701,-33.42916],[-70.61723,-33.4284],[-70.61551,-33.42758],[-70.61433,-33.4266]]]},"properties":{"id":"13123021001001","cut":13123,"comuna":"PROVIDENCIA","pob":2888,"hom":1342,"muj":1546,"viv":1271,"hog":1240}},{"type":"Feature","geometry":{"type":"Polygon","coordinates":[[[-70.60193,-33.4271],[-70.60157,-33.42701],[-70.60139,-33.42772],[-70.60317,-33.42809],[-70.60341,-33.42716],[-70.60262,-33.42697],[-70.60251,-33.42725],[-70.60259,-33.42696],[-70.60165,-33.42678],[-70.60158,-33.42697],[-70.60193,-33.4271]]]},"properties":{"id":"13123031007007","cut":13123,"comuna":"PROVIDENCIA","pob":462,"hom":200,"muj":262,"viv":220,"hog":199}},{"type":"Feature","geometry":{"type":"Polygon","coordinates":[[[-70.59138,-33.42885],[-70.59184,-33.42799],[-70.59042,-33.42698],[-70.58968,-33.42762],[-70.59138,-33.42885]]]},"properties":{"id":"13123041010002","cut":13123,"comuna":"PROVIDENCIA","pob":721,"hom":329,"muj":392,"viv":390,"hog":354}},{"type":"Feature","geometry":{"type":"Polygon","coordinates":[[[-70.61872,-33.42691],[-70.61826,-33.42732],[-70.61841,-33.42743],[-70.61862,-33.42729],[-70.61841,-33.42748],[-70.61824,-33.42735],[-70.61786,-33.42773],[-70.61842,-33.42793],[-70.61957,-33.42668],[-70.61912,-33.42672],[-70.61872,-33.42691]]]},"properties":{"id":"13123081004009","cut":13123,"comuna":"PROVIDENCIA","pob":360,"hom":169,"muj":191,"viv":237,"hog":198}},{"type":"Feature","geometry":{"type":"Polygon","coordinates":[[[-70.61253,-33.42829],[-70.61268,-33.42803],[-70.61277,-33.42722],[-70.61125,-33.42686],[-70.61088,-33.42791],[-70.61253,-33.42829]]]},"properties":{"id":"13123021002007","cut":13123,"comuna":"PROVIDENCIA","pob":49,"hom":13,"muj":36,"viv":32,"hog":25}},{"type":"Feature","geometry":{"type":"Polygon","coordinates":[[[-70.59358,-33.42876],[-70.59387,-33.42809],[-70.59224,-33.4273],[-70.59195,-33.42798],[-70.59358,-33.42876]]]},"properties":{"id":"13123041002001","cut":13123,"comuna":"PROVIDENCIA","pob":300,"hom":141,"muj":159,"viv":156,"hog":135}},{"type":"Feature","geometry":{"type":"Polygon","coordinates":[[[-70.62031,-33.42874],[-70.62076,-33.42815],[-70.62118,-33.42784],[-70.62064,-33.42697],[-70.6193,-33.42829],[-70.62031,-33.42874]]]},"properties":{"id":"13123081003007","cut":13123,"comuna":"PROVIDENCIA","pob":383,"hom":174,"muj":209,"viv":267,"hog":218}},{"type":"Feature","geometry":{"type":"Polygon","coordinates":[[[-70.60363,-33.4272],[-70.60335,-33.42813],[-70.6042,-33.42833],[-70.60431,-33.428],[-70.60418,-33.42783],[-70.60439,-33.42775],[-70.60451,-33.42739],[-70.60363,-33.4272]]]},"properties":{"id":"13123031007006","cut":13123,"comuna":"PROVIDENCIA","pob":213,"hom":104,"muj":109,"viv":130,"hog":112}},{"type":"Feature","geometry":{"type":"Polygon","coordinates":[[[-70.60782,-33.42737],[-70.60763,-33.42798],[-70.61033,-33.42868],[-70.61062,-33.4278],[-70.6097,-33.42757],[-70.60958,-33.42783],[-70.60967,-33.42756],[-70.60939,-33.42749],[-70.60926,-33.42784],[-70.60936,-33.42748],[-70.60889,-33.42737],[-70.60859,-33.4275],[-70.60782,-33.42737]]]},"properties":{"id":"13123031005002","cut":13123,"comuna":"PROVIDENCIA","pob":583,"hom":265,"muj":318,"viv":334,"hog":285}},{"type":"Feature","geometry":{"type":"Polygon","coordinates":[[[-70.60508,-33.42853],[-70.60542,-33.4276],[-70.60454,-33.42739],[-70.60442,-33.42776],[-70.60452,-33.42793],[-70.60434,-33.428],[-70.60423,-33.42834],[-70.60508,-33.42853]]]},"properties":{"id":"13123031007005","cut":13123,"comuna":"PROVIDENCIA","pob":96,"hom":47,"muj":49,"viv":60,"hog":43}},{"type":"Feature","geometry":{"type":"Polygon","coordinates":[[[-70.58993,-33.4288],[-70.59117,-33.4294],[-70.59137,-33.42893],[-70.58957,-33.42764],[-70.58906,-33.42813],[-70.58993,-33.4288]]]},"properties":{"id":"13123041010003","cut":13123,"comuna":"PROVIDENCIA","pob":578,"hom":257,"muj":321,"viv":343,"hog":310}},{"type":"Feature","geometry":{"type":"Polygon","coordinates":[[[-70.59612,-33.42841],[-70.59756,-33.42878],[-70.59785,-33.42795],[-70.59643,-33.42766],[-70.59612,-33.42841]]]},"properties":{"id":"13123031004006","cut":13123,"comuna":"PROVIDENCIA","pob":203,"hom":85,"muj":118,"viv":86,"hog":85}},{"type":"Feature","geometry":{"type":"Polygon","coordinates":[[[-70.60587,-33.42906],[-70.6051,-33.4289],[-70.60464,-33.43032],[-70.60636,-33.43073],[-70.60741,-33.42803],[-70.60552,-33.42762],[-70.60511,-33.42888],[-70.60587,-33.42906]]]},"properties":{"id":"13123031008002","cut":13123,"comuna":"PROVIDENCIA","pob":1335,"hom":608,"muj":727,"viv":739,"hog":662}},{"type":"Feature","geometry":{"type":"Polygon","coordinates":[[[-70.60291,-33.42893],[-70.60314,-33.42816],[-70.60136,-33.42779],[-70.60114,-33.42858],[-70.60291,-33.42893]]]},"properties":{"id":"13123031007008","cut":13123,"comuna":"PROVIDENCIA","pob":285,"hom":128,"muj":157,"viv":124,"hog":111}},{"type":"Feature","geometry":{"type":"Polygon","coordinates":[[[-70.62269,-33.42931],[-70.62304,-33.429],[-70.62237,-33.42759],[-70.62194,-33.42772],[-70.62233,-33.42853],[-70.62231,-33.42871],[-70.62212,-33.42889],[-70.62269,-33.42931]]]},"properties":{"id":"13123081003004","cut":13123,"comuna":"PROVIDENCIA","pob":112,"hom":56,"muj":56,"viv":50,"hog":48}},{"type":"Feature","geometry":{"type":"Polygon","coordinates":[[[-70.62572,-33.42886],[-70.62606,-33.42851],[-70.62663,-33.42818],[-70.62616,-33.42755],[-70.62511,-33.42822],[-70.62572,-33.42886]]]},"properties":{"id":"13123071001026","cut":13123,"comuna":"PROVIDENCIA","pob":372,"hom":170,"muj":202,"viv":181,"hog":167}},{"type":"Feature","geometry":{"type":"Polygon","coordinates":[[[-70.59175,-33.43003],[-70.5923,-33.42916],[-70.59273,-33.42871],[-70.59264,-33.42846],[-70.59192,-33.42805],[-70.59112,-33.4297],[-70.59175,-33.43003]]]},"properties":{"id":"13123041002006","cut":13123,"comuna":"PROVIDENCIA","pob":415,"hom":199,"muj":216,"viv":238,"hog":163}},{"type":"Feature","geometry":{"type":"Polygon","coordinates":[[[-70.5884,-33.42933],[-70.58938,-33.42856],[-70.58899,-33.42816],[-70.588,-33.42897],[-70.5884,-33.42933]]]},"properties":{"id":"13123041010005","cut":13123,"comuna":"PROVIDENCIA","pob":196,"hom":85,"muj":111,"viv":126,"hog":107}},{"type":"Feature","geometry":{"type":"Polygon","coordinates":[[[-70.62205,-33.42883],[-70.62224,-33.42855],[-70.62187,-33.42779],[-70.62141,-33.42788],[-70.62166,-33.4284],[-70.62205,-33.42883]]]},"properties":{"id":"13123081003003","cut":13123,"comuna":"PROVIDENCIA","pob":93,"hom":0,"muj":0,"viv":45,"hog":39}},{"type":"Feature","geometry":{"type":"Polygon","coordinates":[[[-70.61827,-33.42873],[-70.61854,-33.42815],[-70.61786,-33.42787],[-70.61758,-33.42791],[-70.61754,-33.42805],[-70.61827,-33.42873]]]},"properties":{"id":"13123021005004","cut":13123,"comuna":"PROVIDENCIA","pob":102,"hom":50,"muj":52,"viv":51,"hog":50}},{"type":"Feature","geometry":{"type":"Polygon","coordinates":[[[-70.61088,-33.42798],[-70.61056,-33.42875],[-70.61167,-33.42902],[-70.61238,-33.42905],[-70.61252,-33.42835],[-70.61088,-33.42798]]]},"properties":{"id":"13123021002009","cut":13123,"comuna":"PROVIDENCIA","pob":136,"hom":70,"muj":66,"viv":79,"hog":69}},{"type":"Feature","geometry":{"type":"Polygon","coordinates":[[[-70.61003,-33.42944],[-70.61027,-33.42877],[-70.60756,-33.42808],[-70.60733,-33.42877],[-70.61003,-33.42944]]]},"properties":{"id":"13123031005003","cut":13123,"comuna":"PROVIDENCIA","pob":516,"hom":238,"muj":278,"viv":270,"hog":244}},{"type":"Feature","geometry":{"type":"Polygon","coordinates":[[[-70.62216,-33.42982],[-70.62263,-33.42937],[-70.62188,-33.42879],[-70.62123,-33.42794],[-70.62079,-33.42825],[-70.62046,-33.42881],[-70.62216,-33.42982]]]},"properties":{"id":"13123081003006","cut":13123,"comuna":"PROVIDENCIA","pob":374,"hom":188,"muj":186,"viv":227,"hog":207}},{"type":"Feature","geometry":{"type":"Polygon","coordinates":[[[-70.60318,-33.42874],[-70.60492,-33.42913],[-70.6051,-33.42862],[-70.60333,-33.42822],[-70.60318,-33.42874]]]},"properties":{"id":"13123031007009","cut":13123,"comuna":"PROVIDENCIA","pob":155,"hom":62,"muj":93,"viv":76,"hog":79}},{"type":"Feature","geometry":{"type":"Polygon","coordinates":[[[-70.59472,-33.429],[-70.59567,-33.42919],[-70.59587,-33.42856],[-70.59497,-33.42838],[-70.59472,-33.429]]]},"properties":{"id":"13123041002003","cut":13123,"comuna":"PROVIDENCIA","pob":385,"hom":194,"muj":191,"viv":157,"hog":146}},{"type":"Feature","geometry":{"type":"Polygon","coordinates":[[[-70.58892,-33.42972],[-70.58991,-33.42891],[-70.5895,-33.42859],[-70.58853,-33.42938],[-70.58892,-33.42972]]]},"properties":{"id":"13123041010006","cut":13123,"comuna":"PROVIDENCIA","pob":77,"hom":38,"muj":39,"viv":23,"hog":22}},{"type":"Feature","geometry":{"type":"Polygon","coordinates":[[[-70.61654,-33.43089],[-70.61717,-33.43106],[-70.61822,-33.42888],[-70.61751,-33.42823],[-70.61654,-33.43089]]]},"properties":{"id":"13123021005007","cut":13123,"comuna":"PROVIDENCIA","pob":61,"hom":27,"muj":34,"viv":31,"hog":29}},{"type":"Feature","geometry":{"type":"Polygon","coordinates":[[[-70.59583,-33.42921],[-70.59733,-33.42959],[-70.59754,-33.42893],[-70.59609,-33.42861],[-70.59583,-33.42921]]]},"properties":{"id":"13123041008001","cut":13123,"comuna":"PROVIDENCIA","pob":184,"hom":90,"muj":94,"viv":89,"hog":85}},{"type":"Feature","geometry":{"type":"Polygon","coordinates":[[[-70.62671,-33.42899],[-70.62608,-33.42857],[-70.62576,-33.42891],[-70.62634,-33.42953],[-70.6267,-33.42933],[-70.62703,-33.42881],[-70.6267,-33.42824],[-70.62611,-33.42855],[-70.62671,-33.42899]]]},"properties":{"id":"13123071001500","cut":13123,"comuna":"PROVIDENCIA","pob":156,"hom":80,"muj":76,"viv":81,"hog":64}},{"type":"Feature","geometry":{"type":"Polygon","coordinates":[[[-70.60168,-33.42971],[-70.60195,-33.42883],[-70.60112,-33.42866],[-70.60086,-33.4295],[-70.60168,-33.42971]]]},"properties":{"id":"13123031007013","cut":13123,"comuna":"PROVIDENCIA","pob":91,"hom":46,"muj":45,"viv":45,"hog":41}},{"type":"Feature","geometry":{"type":"Polygon","coordinates":[[[-70.59375,-33.42961],[-70.59386,-33.42956],[-70.59409,-33.42893],[-70.59311,-33.42883],[-70.59267,-33.42894],[-70.59242,-33.42914],[-70.59294,-33.42939],[-70.59375,-33.42961]]]},"properties":{"id":"13123041002005","cut":13123,"comuna":"PROVIDENCIA","pob":175,"hom":85,"muj":90,"viv":108,"hog":93}},{"type":"Feature","geometry":{"type":"Polygon","coordinates":[[[-70.59085,-33.42991],[-70.59108,-33.42949],[-70.59005,-33.42896],[-70.5896,-33.42928],[-70.5899,-33.42953],[-70.59085,-33.42991]]]},"properties":{"id":"13123041010007","cut":13123,"comuna":"PROVIDENCIA","pob":71,"hom":40,"muj":31,"viv":22,"hog":21}},{"type":"Feature","geometry":{"type":"Polygon","coordinates":[[[-70.60265,-33.42991],[-70.60294,-33.42901],[-70.60206,-33.42884],[-70.60181,-33.42972],[-70.60265,-33.42991]]]},"properties":{"id":"13123031007012","cut":13123,"comuna":"PROVIDENCIA","pob":130,"hom":59,"muj":71,"viv":72,"hog":64}},{"type":"Feature","geometry":{"type":"Polygon","coordinates":[[[-70.6047,-33.42972],[-70.6049,-33.42919],[-70.60315,-33.42885],[-70.60305,-33.42936],[-70.6047,-33.42972]]]},"properties":{"id":"13123031007010","cut":13123,"comuna":"PROVIDENCIA","pob":137,"hom":61,"muj":76,"viv":70,"hog":62}},{"type":"Feature","geometry":{"type":"Polygon","coordinates":[[[-70.59393,-33.42959],[-70.59536,-33.42997],[-70.59561,-33.42931],[-70.59423,-33.42896],[-70.59393,-33.42959]]]},"properties":{"id":"13123041002004","cut":13123,"comuna":"PROVIDENCIA","pob":383,"hom":179,"muj":204,"viv":202,"hog":179}},{"type":"Feature","geometry":{"type":"Polygon","coordinates":[[[-70.58714,-33.43046],[-70.58835,-33.42943],[-70.58793,-33.42905],[-70.58672,-33.43008],[-70.58714,-33.43046]]]},"properties":{"id":"13123041010012","cut":13123,"comuna":"PROVIDENCIA","pob":171,"hom":81,"muj":90,"viv":99,"hog":86}},{"type":"Feature","geometry":{"type":"Polygon","coordinates":[[[-70.62852,-33.42925],[-70.62896,-33.42949],[-70.62935,-33.42876],[-70.62913,-33.42868],[-70.62879,-33.42929],[-70.62873,-33.42925],[-70.62906,-33.42865],[-70.62883,-33.42856],[-70.62852,-33.42925]]]},"properties":{"id":"13123071001020","cut":13123,"comuna":"PROVIDENCIA","pob":269,"hom":126,"muj":143,"viv":120,"hog":111}},{"type":"Feature","geometry":{"type":"Polygon","coordinates":[[[-70.60724,-33.42892],[-70.6069,-33.42991],[-70.60965,-33.43059],[-70.60987,-33.42996],[-70.60804,-33.4295],[-70.60988,-33.42993],[-70.61003,-33.42949],[-70.60735,-33.42884],[-70.60724,-33.42892]]]},"properties":{"id":"13123031005004","cut":13123,"comuna":"PROVIDENCIA","pob":821,"hom":388,"muj":433,"viv":415,"hog":373}},{"type":"Feature","geometry":{"type":"Polygon","coordinates":[[[-70.5984,-33.43067],[-70.59891,-33.42922],[-70.59779,-33.42898],[-70.59733,-33.43041],[-70.5984,-33.43067]]]},"properties":{"id":"13123041008002","cut":13123,"comuna":"PROVIDENCIA","pob":568,"hom":266,"muj":302,"viv":316,"hog":286}},{"type":"Feature","geometry":{"type":"Polygon","coordinates":[[[-70.61055,-33.42884],[-70.6103,-33.42952],[-70.61222,-33.43001],[-70.61238,-33.42915],[-70.61166,-33.4291],[-70.61055,-33.42884]]]},"properties":{"id":"13123021002010","cut":13123,"comuna":"PROVIDENCIA","pob":209,"hom":89,"muj":120,"viv":116,"hog":100}},{"type":"Feature","geometry":{"type":"Polygon","coordinates":[[[-70.59211,-33.42956],[-70.59191,-33.43008],[-70.59327,-33.43049],[-70.59378,-33.42972],[-70.59305,-33.42949],[-70.59297,-33.42981],[-70.59281,-33.42976],[-70.59302,-33.42948],[-70.59238,-33.42923],[-70.59211,-33.42956]]]},"properties":{"id":"13123041002007","cut":13123,"comuna":"PROVIDENCIA","pob":346,"hom":160,"muj":186,"viv":158,"hog":149}},{"type":"Feature","geometry":{"type":"Polygon","coordinates":[[[-70.61832,-33.42894],[-70.61657,-33.43248],[-70.61761,-33.43283],[-70.61784,-33.43247],[-70.61728,-33.43232],[-70.61723,-33.43222],[-70.61892,-33.42929],[-70.61832,-33.42894]]]},"properties":{"id":"13123021005008","cut":13123,"comuna":"PROVIDENCIA","pob":63,"hom":30,"muj":33,"viv":72,"hog":30}},{"type":"Feature","geometry":{"type":"Polygon","coordinates":[[[-70.62725,-33.43014],[-70.62749,-33.42982],[-70.62764,-33.42979],[-70.6279,-33.42914],[-70.62712,-33.42883],[-70.62681,-33.42932],[-70.62647,-33.42957],[-70.62725,-33.43014]]]},"properties":{"id":"13123071001021","cut":13123,"comuna":"PROVIDENCIA","pob":24,"hom":9,"muj":15,"viv":10,"hog":9}},{"type":"Feature","geometry":{"type":"Polygon","coordinates":[[[-70.6204,-33.42972],[-70.62132,-33.42975],[-70.62128,-33.42962],[-70.62141,-33.42949],[-70.62038,-33.42894],[-70.61992,-33.42957],[-70.6204,-33.42972]]]},"properties":{"id":"13123011008001","cut":13123,"comuna":"PROVIDENCIA","pob":33,"hom":20,"muj":13,"viv":2,"hog":0}},{"type":"Feature","geometry":{"type":"Polygon","coordinates":[[[-70.59064,-33.4304],[-70.59085,-33.42998],[-70.59015,-33.42973],[-70.58953,-33.42937],[-70.58905,-33.42974],[-70.58947,-33.43001],[-70.59064,-33.4304]]]},"properties":{"id":"13123041010008","cut":13123,"comuna":"PROVIDENCIA","pob":82,"hom":42,"muj":40,"viv":24,"hog":23}},{"type":"Feature","geometry":{"type":"Polygon","coordinates":[[[-70.59935,-33.43089],[-70.59983,-33.42943],[-70.59903,-33.42925],[-70.59856,-33.43069],[-70.59935,-33.43089]]]},"properties":{"id":"13123041009003","cut":13123,"comuna":"PROVIDENCIA","pob":351,"hom":158,"muj":193,"viv":153,"hog":141}},{"type":"Feature","geometry":{"type":"Polygon","coordinates":[[[-70.59556,-33.42998],[-70.5971,-33.43035],[-70.59733,-33.42967],[-70.59581,-33.42934],[-70.59556,-33.42998]]]},"properties":{"id":"13123041008004","cut":13123,"comuna":"PROVIDENCIA","pob":318,"hom":150,"muj":168,"viv":155,"hog":142}},{"type":"Feature","geometry":{"type":"Polygon","coordinates":[[[-70.62557,-33.43031],[-70.62574,-33.43023],[-70.6262,-33.42958],[-70.62563,-33.42898],[-70.62496,-33.4294],[-70.62557,-33.43031]]]},"properties":{"id":"13123071003012","cut":13123,"comuna":"PROVIDENCIA","pob":50,"hom":26,"muj":24,"viv":21,"hog":17}},{"type":"Feature","geometry":{"type":"Polygon","coordinates":[[[-70.58779,-33.43089],[-70.58886,-33.42981],[-70.58846,-33.42947],[-70.58726,-33.43049],[-70.58779,-33.43089]]]},"properties":{"id":"13123041010011","cut":13123,"comuna":"PROVIDENCIA","pob":87,"hom":41,"muj":46,"viv":33,"hog":28}},{"type":"Feature","geometry":{"type":"Polygon","coordinates":[[[-70.62316,-33.42908],[-70.62222,-33.42986],[-70.62366,-33.4309],[-70.62435,-33.43015],[-70.62406,-33.4298],[-70.62316,-33.42908]]]},"properties":{"id":"13123081003005","cut":13123,"comuna":"PROVIDENCIA","pob":661,"hom":307,"muj":354,"viv":365,"hog":332}},{"type":"Feature","geometry":{"type":"Polygon","coordinates":[[[-70.60027,-33.4311],[-70.60073,-33.42964],[-70.59993,-33.42944],[-70.59947,-33.4309],[-70.60027,-33.4311]]]},"properties":{"id":"13123041009002","cut":13123,"comuna":"PROVIDENCIA","pob":352,"hom":153,"muj":199,"viv":134,"hog":126}},{"type":"Feature","geometry":{"type":"Polygon","coordinates":[[[-70.60292,-33.42997],[-70.60457,-33.43028],[-70.6047,-33.42979],[-70.60299,-33.42944],[-70.60292,-33.42997]]]},"properties":{"id":"13123031007011","cut":13123,"comuna":"PROVIDENCIA","pob":106,"hom":47,"muj":59,"viv":47,"hog":41}},{"type":"Feature","geometry":{"type":"Polygon","coordinates":[[[-70.59498,-33.43083],[-70.59509,-33.43076],[-70.59533,-33.43003],[-70.5939,-33.42973],[-70.59345,-33.43052],[-70.59498,-33.43083]]]},"properties":{"id":"13123041002008","cut":13123,"comuna":"PROVIDENCIA","pob":320,"hom":143,"muj":177,"viv":163,"hog":144}},{"type":"Feature","geometry":{"type":"Polygon","coordinates":[[[-70.60014,-33.43198],[-70.60104,-33.4322],[-70.60165,-33.42981],[-70.60081,-33.42966],[-70.60014,-33.43198]]]},"properties":{"id":"13123041009001","cut":13123,"comuna":"PROVIDENCIA","pob":556,"hom":247,"muj":309,"viv":250,"hog":232}},{"type":"Feature","geometry":{"type":"Polygon","coordinates":[[[-70.59093,-33.43173],[-70.59176,-33.43014],[-70.5911,-33.42981],[-70.59025,-33.43149],[-70.59093,-33.43173]]]},"properties":{"id":"13123041002012","cut":13123,"comuna":"PROVIDENCIA","pob":492,"hom":224,"muj":268,"viv":262,"hog":233}},{"type":"Feature","geometry":{"type":"Polygon","coordinates":[[[-70.58899,-33.43042],[-70.59047,-33.43086],[-70.59064,-33.4305],[-70.59058,-33.43044],[-70.58899,-33.42984],[-70.58858,-33.43017],[-70.58899,-33.43042]]]},"properties":{"id":"13123041010009","cut":13123,"comuna":"PROVIDENCIA","pob":74,"hom":41,"muj":33,"viv":24,"hog":23}},{"type":"Feature","geometry":{"type":"Polygon","coordinates":[[[-70.61178,-33.43116],[-70.61204,-33.43072],[-70.61216,-33.4301],[-70.61022,-33.4296],[-70.60986,-33.43065],[-70.61178,-33.43116]]]},"properties":{"id":"13123021002011","cut":13123,"comuna":"PROVIDENCIA","pob":738,"hom":322,"muj":416,"viv":441,"hog":383}},{"type":"Feature","geometry":{"type":"Polygon","coordinates":[[[-70.61882,-33.43121],[-70.6204,-33.43207],[-70.62058,-33.43183],[-70.61968,-33.43133],[-70.6196,-33.43139],[-70.61966,-33.43131],[-70.61972,-33.43122],[-70.61969,-33.43131],[-70.62059,-33.43181],[-70.62112,-33.43107],[-70.61951,-33.43016],[-70.61882,-33.43121]]]},"properties":{"id":"13123011008501","cut":13123,"comuna":"PROVIDENCIA","pob":931,"hom":420,"muj":511,"viv":539,"hog":476}},{"type":"Feature","geometry":{"type":"Polygon","coordinates":[[[-70.62644,-33.43135],[-70.62718,-33.43094],[-70.62662,-33.42998],[-70.62625,-33.42963],[-70.62561,-33.4304],[-70.62644,-33.43135]]]},"properties":{"id":"13123071003011","cut":13123,"comuna":"PROVIDENCIA","pob":22,"hom":10,"muj":12,"viv":9,"hog":7}},{"type":"Feature","geometry":{"type":"Polygon","coordinates":[[[-70.59529,-33.43089],[-70.59685,-33.43124],[-70.59712,-33.43042],[-70.59554,-33.43009],[-70.59529,-33.43089]]]},"properties":{"id":"13123041008005","cut":13123,"comuna":"PROVIDENCIA","pob":442,"hom":204,"muj":238,"viv":201,"hog":171}},{"type":"Feature","geometry":{"type":"Polygon","coordinates":[[[-70.60688,-33.42996],[-70.60657,-33.43076],[-70.60934,-33.43136],[-70.60958,-33.43072],[-70.60836,-33.43035],[-70.60828,-33.43054],[-70.60834,-33.43034],[-70.60688,-33.42996]]]},"properties":{"id":"13123031005005","cut":13123,"comuna":"PROVIDENCIA","pob":525,"hom":237,"muj":288,"viv":272,"hog":245}},{"type":"Feature","geometry":{"type":"Polygon","coordinates":[[[-70.59248,-33.43213],[-70.5926,-33.43207],[-70.59328,-33.43058],[-70.59188,-33.43016],[-70.5911,-33.43175],[-70.59248,-33.43213]]]},"properties":{"id":"13123041002011","cut":13123,"comuna":"PROVIDENCIA","pob":0,"hom":0,"muj":0,"viv":1,"hog":0}},{"type":"Feature","geometry":{"type":"Polygon","coordinates":[[[-70.58797,-33.43096],[-70.58907,-33.43125],[-70.58921,-33.43098],[-70.5891,-33.43126],[-70.59011,-33.43152],[-70.59042,-33.43098],[-70.58852,-33.43025],[-70.588,-33.43073],[-70.58797,-33.43096]]]},"properties":{"id":"13123041010010","cut":13123,"comuna":"PROVIDENCIA","pob":171,"hom":72,"muj":99,"viv":59,"hog":55}},{"type":"Feature","geometry":{"type":"Polygon","coordinates":[[[-70.60428,-33.43113],[-70.60451,-33.43044],[-70.60372,-33.43027],[-70.60359,-33.43075],[-70.60428,-33.43113]]]},"properties":{"id":"13123041006003","cut":13123,"comuna":"PROVIDENCIA","pob":34,"hom":16,"muj":18,"viv":11,"hog":8}},{"type":"Feature","geometry":{"type":"Polygon","coordinates":[[[-70.62037,-33.43333],[-70.61989,-33.43313],[-70.61976,-33.43367],[-70.62083,-33.4337],[-70.62119,-33.43249],[-70.62107,-33.43222],[-70.62271,-33.43056],[-70.62213,-33.43013],[-70.62109,-33.43125],[-70.62001,-33.43288],[-70.6199,-33.4331],[-70.62037,-33.43333]]]},"properties":{"id":"13123011007006","cut":13123,"comuna":"PROVIDENCIA","pob":737,"hom":349,"muj":388,"viv":412,"hog":353}},{"type":"Feature","geometry":{"type":"Polygon","coordinates":[[[-70.59812,-33.43154],[-70.59842,-33.43075],[-70.5972,-33.43047],[-70.59697,-33.43126],[-70.59812,-33.43154]]]},"properties":{"id":"13123041008003","cut":13123,"comuna":"PROVIDENCIA","pob":358,"hom":157,"muj":201,"viv":202,"hog":185}},{"type":"Feature","geometry":{"type":"Polygon","coordinates":[[[-70.6137,-33.43154],[-70.61389,-33.43084],[-70.61274,-33.43063],[-70.61225,-33.43032],[-70.61194,-33.43119],[-70.6137,-33.43154]]]},"properties":{"id":"13123021002014","cut":13123,"comuna":"PROVIDENCIA","pob":258,"hom":122,"muj":136,"viv":115,"hog":107}},{"type":"Feature","geometry":{"type":"Polygon","coordinates":[[[-70.59466,-33.4317],[-70.595,-33.4309],[-70.59338,-33.4306],[-70.59305,-33.43129],[-70.59466,-33.4317]]]},"properties":{"id":"13123041002009","cut":13123,"comuna":"PROVIDENCIA","pob":250,"hom":111,"muj":139,"viv":104,"hog":98}},{"type":"Feature","geometry":{"type":"Polygon","coordinates":[[[-70.60462,-33.43047],[-70.60413,-33.43194],[-70.60575,-33.4323],[-70.60629,-33.43083],[-70.60462,-33.43047]]]},"properties":{"id":"13123041001002","cut":13123,"comuna":"PROVIDENCIA","pob":622,"hom":278,"muj":344,"viv":274,"hog":250}},{"type":"Feature","geometry":{"type":"Polygon","coordinates":[[[-70.6307,-33.43078],[-70.63084,-33.43051],[-70.6301,-33.43019],[-70.62996,-33.43043],[-70.6307,-33.43078]]]},"properties":{"id":"13123071001013","cut":13123,"comuna":"PROVIDENCIA","pob":14,"hom":7,"muj":7,"viv":7,"hog":6}},{"type":"Feature","geometry":{"type":"Polygon","coordinates":[[[-70.58546,-33.43115],[-70.58642,-33.43175],[-70.58738,-33.43187],[-70.58765,-33.43126],[-70.58674,-33.43126],[-70.58586,-33.43082],[-70.58546,-33.43115]]]},"properties":{"id":"13123041003020","cut":13123,"comuna":"PROVIDENCIA","pob":174,"hom":83,"muj":91,"viv":89,"hog":76}},{"type":"Feature","geometry":{"type":"Polygon","coordinates":[[[-70.5991,-33.43178],[-70.59936,-33.43096],[-70.59854,-33.43078],[-70.59828,-33.43156],[-70.5991,-33.43178]]]},"properties":{"id":"13123041009004","cut":13123,"comuna":"PROVIDENCIA","pob":175,"hom":68,"muj":107,"viv":74,"hog":69}},{"type":"Feature","geometry":{"type":"Polygon","coordinates":[[[-70.60255,-33.43127],[-70.60332,-33.43121],[-70.60344,-33.43081],[-70.60262,-33.43083],[-70.60255,-33.43127]]]},"properties":{"id":"13123041006004","cut":13123,"comuna":"PROVIDENCIA","pob":80,"hom":48,"muj":32,"viv":52,"hog":47}},{"type":"Feature","geometry":{"type":"Polygon","coordinates":[[[-70.61153,-33.43187],[-70.6118,-33.43123],[-70.6098,-33.43074],[-70.60963,-33.43142],[-70.61153,-33.43187]]]},"properties":{"id":"13123021002012","cut":13123,"comuna":"PROVIDENCIA","pob":247,"hom":112,"muj":135,"viv":115,"hog":108}},{"type":"Feature","geometry":{"type":"Polygon","coordinates":[[[-70.60412,-33.43165],[-70.60428,-33.4312],[-70.60355,-33.43084],[-70.60341,-33.43124],[-70.60412,-33.43165]]]},"properties":{"id":"13123041006005","cut":13123,"comuna":"PROVIDENCIA","pob":23,"hom":8,"muj":15,"viv":11,"hog":12}},{"type":"Feature","geometry":{"type":"Polygon","coordinates":[[[-70.59654,-33.43217],[-70.59682,-33.43131],[-70.59519,-33.43096],[-70.5949,-33.43176],[-70.59654,-33.43217]]]},"properties":{"id":"13123041008006","cut":13123,"comuna":"PROVIDENCIA","pob":457,"hom":207,"muj":250,"viv":236,"hog":224}},{"type":"Feature","geometry":{"type":"Polygon","coordinates":[[[-70.62934,-33.43191],[-70.63029,-33.43071],[-70.62993,-33.4305],[-70.62906,-33.43159],[-70.62934,-33.43191]]]},"properties":{"id":"13123071001018","cut":13123,"comuna":"PROVIDENCIA","pob":53,"hom":26,"muj":27,"viv":19,"hog":18}},{"type":"Feature","geometry":{"type":"Polygon","coordinates":[[[-70.62096,-33.43372],[-70.6216,-33.43366],[-70.62162,-33.43338],[-70.62225,-33.43234],[-70.62251,-33.43222],[-70.6234,-33.4311],[-70.62284,-33.43062],[-70.6223,-33.43103],[-70.62134,-33.43205],[-70.62144,-33.43227],[-70.62127,-33.43254],[-70.62096,-33.43372]]]},"properties":{"id":"13123011007005","cut":13123,"comuna":"PROVIDENCIA","pob":380,"hom":176,"muj":204,"viv":202,"hog":182}},{"type":"Feature","geometry":{"type":"Polygon","coordinates":[[[-70.60628,-33.43155],[-70.60715,-33.43157],[-70.60915,-33.43207],[-70.60935,-33.43151],[-70.60651,-33.43088],[-70.60628,-33.43155]]]},"properties":{"id":"13123041001001","cut":13123,"comuna":"PROVIDENCIA","pob":205,"hom":92,"muj":113,"viv":107,"hog":88}},{"type":"Feature","geometry":{"type":"Polygon","coordinates":[[[-70.59923,-33.4318],[-70.60005,-33.43199],[-70.60029,-33.43117],[-70.59944,-33.43099],[-70.59923,-33.4318]]]},"properties":{"id":"13123041009005","cut":13123,"comuna":"PROVIDENCIA","pob":322,"hom":152,"muj":170,"viv":163,"hog":152}},{"type":"Feature","geometry":{"type":"Polygon","coordinates":[[[-70.58642,-33.43302],[-70.58692,-33.43266],[-70.58593,-33.43162],[-70.58536,-33.43124],[-70.58521,-33.43141],[-70.58522,-33.4319],[-70.58642,-33.43302]]]},"properties":{"id":"13123041003023","cut":13123,"comuna":"PROVIDENCIA","pob":25,"hom":8,"muj":17,"viv":10,"hog":7}},{"type":"Feature","geometry":{"type":"Polygon","coordinates":[[[-70.5888,-33.43206],[-70.58978,-33.43233],[-70.59001,-33.43172],[-70.58808,-33.43123],[-70.58775,-33.43123],[-70.58758,-33.43187],[-70.5888,-33.43206]]]},"properties":{"id":"13123041003014","cut":13123,"comuna":"PROVIDENCIA","pob":221,"hom":104,"muj":117,"viv":88,"hog":82}},{"type":"Feature","geometry":{"type":"Polygon","coordinates":[[[-70.61576,-33.43263],[-70.61624,-33.4313],[-70.61401,-33.43089],[-70.61386,-33.43155],[-70.61531,-33.43189],[-70.61576,-33.43263]]]},"properties":{"id":"13123021001002","cut":13123,"comuna":"PROVIDENCIA","pob":572,"hom":268,"muj":304,"viv":276,"hog":255}},{"type":"Feature","geometry":{"type":"Polygon","coordinates":[[[-70.63283,-33.4315],[-70.63296,-33.43124],[-70.63163,-33.43066],[-70.63148,-33.43104],[-70.63283,-33.4315]]]},"properties":{"id":"13123071001012","cut":13123,"comuna":"PROVIDENCIA","pob":98,"hom":43,"muj":55,"viv":35,"hog":34}},{"type":"Feature","geometry":{"type":"Polygon","coordinates":[[[-70.62975,-33.43234],[-70.63073,-33.4309],[-70.63043,-33.43072],[-70.62943,-33.43198],[-70.62975,-33.43234]]]},"properties":{"id":"13123071001014","cut":13123,"comuna":"PROVIDENCIA","pob":59,"hom":27,"muj":32,"viv":26,"hog":29}},{"type":"Feature","geometry":{"type":"Polygon","coordinates":[[[-70.59266,-33.43216],[-70.59379,-33.4324],[-70.59404,-33.43161],[-70.59301,-33.43135],[-70.59266,-33.43216]]]},"properties":{"id":"13123041002010","cut":13123,"comuna":"PROVIDENCIA","pob":291,"hom":148,"muj":143,"viv":138,"hog":129}},{"type":"Feature","geometry":{"type":"Polygon","coordinates":[[[-70.59638,-33.4331],[-70.5976,-33.43339],[-70.59814,-33.43164],[-70.59693,-33.43135],[-70.59638,-33.4331]]]},"properties":{"id":"13123041008009","cut":13123,"comuna":"PROVIDENCIA","pob":868,"hom":399,"muj":469,"viv":354,"hog":337}},{"type":"Feature","geometry":{"type":"Polygon","coordinates":[[[-70.60245,-33.43159],[-70.60405,-33.43193],[-70.60412,-33.43171],[-70.60337,-33.43129],[-70.60248,-33.43135],[-70.60245,-33.43159]]]},"properties":{"id":"13123041006006","cut":13123,"comuna":"PROVIDENCIA","pob":94,"hom":43,"muj":51,"viv":59,"hog":44}},{"type":"Feature","geometry":{"type":"Polygon","coordinates":[[[-70.6308,-33.43095],[-70.63028,-33.43171],[-70.63076,-33.43192],[-70.63115,-33.43133],[-70.63078,-33.43193],[-70.63115,-33.43209],[-70.63157,-33.43145],[-70.63117,-33.43211],[-70.63171,-33.43219],[-70.63198,-33.43155],[-70.63174,-33.43219],[-70.63213,-33.43227],[-70.63238,-33.4317],[-70.63216,-33.43228],[-70.63256,-33.43239],[-70.63278,-33.43183],[-70.63259,-33.43239],[-70.63298,-33.43251],[-70.63318,-33.43197],[-70.63301,-33.43252],[-70.63341,-33.4326],[-70.63368,-33.43185],[-70.6308,-33.43095]]]},"properties":{"id":"13123071001011","cut":13123,"comuna":"PROVIDENCIA","pob":499,"hom":225,"muj":274,"viv":206,"hog":206}},{"type":"Feature","geometry":{"type":"Polygon","coordinates":[[[-70.63516,-33.43115],[-70.63502,-33.43199],[-70.63592,-33.43211],[-70.63615,-33.43095],[-70.63574,-33.43089],[-70.63561,-33.43114],[-70.63564,-33.4309],[-70.6355,-33.43088],[-70.63516,-33.43115]]]},"properties":{"id":"13123071001003","cut":13123,"comuna":"PROVIDENCIA","pob":53,"hom":30,"muj":23,"viv":45,"hog":30}},{"type":"Feature","geometry":{"type":"Polygon","coordinates":[[[-70.61352,-33.43224],[-70.61372,-33.4316],[-70.6119,-33.43127],[-70.61168,-33.43189],[-70.61352,-33.43224]]]},"properties":{"id":"13123021002013","cut":13123,"comuna":"PROVIDENCIA","pob":108,"hom":48,"muj":60,"viv":88,"hog":57}},{"type":"Feature","geometry":{"type":"Polygon","coordinates":[[[-70.62703,-33.43189],[-70.62761,-33.43153],[-70.6272,-33.4311],[-70.62659,-33.43148],[-70.62703,-33.43189]]]},"properties":{"id":"13123071003008","cut":13123,"comuna":"PROVIDENCIA","pob":15,"hom":9,"muj":6,"viv":17,"hog":10}},{"type":"Feature","geometry":{"type":"Polygon","coordinates":[[[-70.62285,-33.4325],[-70.62374,-33.43138],[-70.62348,-33.43117],[-70.62308,-33.43154],[-70.62253,-33.43231],[-70.62285,-33.4325]]]},"properties":{"id":"13123011007001","cut":13123,"comuna":"PROVIDENCIA","pob":96,"hom":43,"muj":53,"viv":64,"hog":49}},{"type":"Feature","geometry":{"type":"Polygon","coordinates":[[[-70.62775,-33.43157],[-70.62915,-33.43279],[-70.62966,-33.43247],[-70.62839,-33.43113],[-70.62775,-33.43157]]]},"properties":{"id":"13123071003006","cut":13123,"comuna":"PROVIDENCIA","pob":73,"hom":36,"muj":37,"viv":22,"hog":21}},{"type":"Feature","geometry":{"type":"Polygon","coordinates":[[[-70.61873,-33.43135],[-70.61751,-33.43322],[-70.61851,-33.43349],[-70.61963,-33.43366],[-70.61972,-33.43341],[-70.61906,-33.43316],[-70.61972,-33.43339],[-70.61981,-33.43308],[-70.61888,-33.43278],[-70.61875,-33.43291],[-70.6189,-33.43268],[-70.61889,-33.43276],[-70.61982,-33.43305],[-70.62038,-33.43212],[-70.61922,-33.43149],[-70.61873,-33.43135]]]},"properties":{"id":"13123011008003","cut":13123,"comuna":"PROVIDENCIA","pob":308,"hom":173,"muj":135,"viv":116,"hog":103}},{"type":"Feature","geometry":{"type":"Polygon","coordinates":[[[-70.58618,-33.43174],[-70.58696,-33.43256],[-70.58739,-33.43199],[-70.58618,-33.43174]]]},"properties":{"id":"13123041003019","cut":13123,"comuna":"PROVIDENCIA","pob":55,"hom":30,"muj":25,"viv":18,"hog":17}},{"type":"Feature","geometry":{"type":"Polygon","coordinates":[[[-70.6348,-33.43115],[-70.63413,-33.43134],[-70.63455,-33.43192],[-70.63487,-33.43198],[-70.63506,-33.43121],[-70.6348,-33.43115]]]},"properties":{"id":"13123071001004","cut":13123,"comuna":"PROVIDENCIA","pob":16,"hom":11,"muj":5,"viv":6,"hog":9}},{"type":"Feature","geometry":{"type":"Polygon","coordinates":[[[-70.59854,-33.43369],[-70.59911,-33.43186],[-70.59828,-33.43165],[-70.59768,-33.43343],[-70.59854,-33.43369]]]},"properties":{"id":"13123041009008","cut":13123,"comuna":"PROVIDENCIA","pob":508,"hom":240,"muj":268,"viv":288,"hog":250}},{"type":"Feature","geometry":{"type":"Polygon","coordinates":[[[-70.59149,-33.4327],[-70.59167,-33.43215],[-70.59011,-33.43178],[-70.58985,-33.43241],[-70.59149,-33.4327]]]},"properties":{"id":"13123041003013","cut":13123,"comuna":"PROVIDENCIA","pob":100,"hom":47,"muj":53,"viv":92,"hog":48}},{"type":"Feature","geometry":{"type":"Polygon","coordinates":[[[-70.60218,-33.43245],[-70.60246,-33.43255],[-70.60259,-33.43247],[-70.60259,-33.43258],[-70.60375,-33.43283],[-70.60404,-33.432],[-70.60242,-33.43164],[-70.60218,-33.43245]]]},"properties":{"id":"13123041006007","cut":13123,"comuna":"PROVIDENCIA","pob":391,"hom":174,"muj":217,"viv":245,"hog":220}},{"type":"Feature","geometry":{"type":"Polygon","coordinates":[[[-70.60619,-33.43163],[-70.60597,-33.43237],[-70.60888,-33.43306],[-70.60915,-33.43214],[-70.60709,-33.43162],[-70.60619,-33.43163]]]},"properties":{"id":"13123041001003","cut":13123,"comuna":"PROVIDENCIA","pob":189,"hom":76,"muj":113,"viv":147,"hog":91}},{"type":"Feature","geometry":{"type":"Polygon","coordinates":[[[-70.62332,-33.43321],[-70.62381,-33.43211],[-70.62414,-33.43174],[-70.62383,-33.43144],[-70.62254,-33.43297],[-70.62332,-33.43321]]]},"properties":{"id":"13123011007002","cut":13123,"comuna":"PROVIDENCIA","pob":164,"hom":76,"muj":88,"viv":104,"hog":79}},{"type":"Feature","geometry":{"type":"Polygon","coordinates":[[[-70.58746,-33.43309],[-70.58775,-33.43276],[-70.58807,-33.43199],[-70.58751,-33.43196],[-70.58705,-33.43263],[-70.58746,-33.43309]]]},"properties":{"id":"13123041003018","cut":13123,"comuna":"PROVIDENCIA","pob":69,"hom":33,"muj":36,"viv":23,"hog":20}},{"type":"Feature","geometry":{"type":"Polygon","coordinates":[[[-70.61385,-33.43163],[-70.61369,-33.43227],[-70.61546,-33.43264],[-70.61558,-33.43259],[-70.61529,-33.43194],[-70.61385,-33.43163]]]},"properties":{"id":"13123021001003","cut":13123,"comuna":"PROVIDENCIA","pob":129,"hom":54,"muj":75,"viv":66,"hog":64}},{"type":"Feature","geometry":{"type":"Polygon","coordinates":[[[-70.5994,-33.43391],[-70.59953,-33.43387],[-70.60004,-33.43207],[-70.59921,-33.43186],[-70.59867,-33.4337],[-70.5994,-33.43391]]]},"properties":{"id":"13123041009007","cut":13123,"comuna":"PROVIDENCIA","pob":478,"hom":231,"muj":247,"viv":222,"hog":208}},{"type":"Feature","geometry":{"type":"Polygon","coordinates":[[[-70.58943,-33.43289],[-70.58968,-33.43243],[-70.5889,-33.43216],[-70.58818,-33.43203],[-70.58804,-33.43246],[-70.58943,-33.43289]]]},"properties":{"id":"13123041003015","cut":13123,"comuna":"PROVIDENCIA","pob":72,"hom":36,"muj":36,"viv":24,"hog":22}},{"type":"Feature","geometry":{"type":"Polygon","coordinates":[[[-70.59519,-33.43281],[-70.59629,-33.43307],[-70.59654,-33.43225],[-70.59549,-33.43199],[-70.59519,-33.43281]]]},"properties":{"id":"13123041008008","cut":13123,"comuna":"PROVIDENCIA","pob":317,"hom":155,"muj":162,"viv":138,"hog":123}},{"type":"Feature","geometry":{"type":"Polygon","coordinates":[[[-70.62853,-33.43324],[-70.6291,-33.43283],[-70.62764,-33.43157],[-70.62708,-33.43195],[-70.62853,-33.43324]]]},"properties":{"id":"13123071003007","cut":13123,"comuna":"PROVIDENCIA","pob":292,"hom":144,"muj":148,"viv":1,"hog":0}},{"type":"Feature","geometry":{"type":"Polygon","coordinates":[[[-70.60536,-33.43321],[-70.60571,-33.43237],[-70.60411,-33.43202],[-70.60385,-33.43286],[-70.60536,-33.43321]]]},"properties":{"id":"13123041001005","cut":13123,"comuna":"PROVIDENCIA","pob":451,"hom":204,"muj":247,"viv":260,"hog":233}},{"type":"Feature","geometry":{"type":"Polygon","coordinates":[[[-70.60048,-33.4342],[-70.60103,-33.43229],[-70.60013,-33.43208],[-70.59959,-33.43393],[-70.60048,-33.4342]]]},"properties":{"id":"13123041009006","cut":13123,"comuna":"PROVIDENCIA","pob":596,"hom":260,"muj":336,"viv":306,"hog":286}},{"type":"Feature","geometry":{"type":"Polygon","coordinates":[[[-70.59217,-33.43318],[-70.5923,-33.43313],[-70.5925,-33.43238],[-70.5918,-33.43219],[-70.59155,-33.43304],[-70.59217,-33.43318]]]},"properties":{"id":"13123041003005","cut":13123,"comuna":"PROVIDENCIA","pob":172,"hom":85,"muj":87,"viv":78,"hog":72}},{"type":"Feature","geometry":{"type":"Polygon","coordinates":[[[-70.62354,-33.43327],[-70.6242,-33.43306],[-70.62498,-33.43248],[-70.62424,-33.43179],[-70.62385,-33.43221],[-70.62348,-33.43319],[-70.62354,-33.43327]]]},"properties":{"id":"13123011001003","cut":13123,"comuna":"PROVIDENCIA","pob":235,"hom":120,"muj":115,"viv":167,"hog":136}},{"type":"Feature","geometry":{"type":"Polygon","coordinates":[[[-70.61052,-33.43279],[-70.61051,-33.43286],[-70.60925,-33.43262],[-70.60909,-33.43311],[-70.61109,-33.43354],[-70.61114,-33.43348],[-70.61153,-33.43199],[-70.60958,-33.43154],[-70.6093,-33.43254],[-70.61052,-33.43279]]]},"properties":{"id":"13123021006500","cut":13123,"comuna":"PROVIDENCIA","pob":454,"hom":205,"muj":249,"viv":196,"hog":198}},{"type":"Feature","geometry":{"type":"Polygon","coordinates":[[[-70.61141,-33.4328],[-70.61332,-33.43313],[-70.61352,-33.43238],[-70.61162,-33.43201],[-70.61141,-33.4328]]]},"properties":{"id":"13123021006007","cut":13123,"comuna":"PROVIDENCIA","pob":248,"hom":115,"muj":133,"viv":149,"hog":140}},{"type":"Feature","geometry":{"type":"Polygon","coordinates":[[[-70.63011,-33.4327],[-70.63068,-33.43197],[-70.63025,-33.43176],[-70.62982,-33.43239],[-70.63011,-33.4327]]]},"properties":{"id":"13123071001015","cut":13123,"comuna":"PROVIDENCIA","pob":19,"hom":11,"muj":8,"viv":10,"hog":6}},{"type":"Feature","geometry":{"type":"Polygon","coordinates":[[[-70.59257,-33.43245],[-70.59175,-33.43546],[-70.59535,-33.43593],[-70.59621,-33.43331],[-70.59365,-33.43275],[-70.59361,-33.43263],[-70.5927,-33.4324],[-70.59257,-33.43245]]]},"properties":{"id":"13123041003004","cut":13123,"comuna":"PROVIDENCIA","pob":362,"hom":173,"muj":189,"viv":183,"hog":139}},{"type":"Feature","geometry":{"type":"Polygon","coordinates":[[[-70.60141,-33.43445],[-70.602,-33.43252],[-70.60113,-33.43231],[-70.60059,-33.4342],[-70.60141,-33.43445]]]},"properties":{"id":"13123041006009","cut":13123,"comuna":"PROVIDENCIA","pob":318,"hom":156,"muj":162,"viv":194,"hog":152}},{"type":"Feature","geometry":{"type":"Polygon","coordinates":[[[-70.63376,-33.43195],[-70.63338,-33.43295],[-70.63469,-33.43315],[-70.63477,-33.43283],[-70.63419,-33.43274],[-70.63478,-33.4328],[-70.63484,-33.4325],[-70.63452,-33.43201],[-70.63376,-33.43195]]]},"properties":{"id":"13123071001006","cut":13123,"comuna":"PROVIDENCIA","pob":20,"hom":9,"muj":11,"viv":11,"hog":9}},{"type":"Feature","geometry":{"type":"Polygon","coordinates":[[[-70.58956,-33.43442],[-70.59039,-33.43259],[-70.59035,-33.43255],[-70.58978,-33.4325],[-70.58904,-33.43406],[-70.58903,-33.43415],[-70.58956,-33.43442]]]},"properties":{"id":"13123041003012","cut":13123,"comuna":"PROVIDENCIA","pob":124,"hom":54,"muj":70,"viv":42,"hog":39}},{"type":"Feature","geometry":{"type":"Polygon","coordinates":[[[-70.58787,-33.43285],[-70.58921,-33.43351],[-70.58944,-33.43297],[-70.58798,-33.43255],[-70.58787,-33.43285]]]},"properties":{"id":"13123041003016","cut":13123,"comuna":"PROVIDENCIA","pob":81,"hom":36,"muj":45,"viv":28,"hog":27}}]}